frame,time_seconds,beat_position,bar_position,section,energy,dominant_slot,tension_chords,glassy_arps,broken_beat,granular_texture,temperature,top_k,cfg_musiccoca,cfg_notes,cfg_drums,drum_gate
0,0.0,0.0,0.0,intro,0.12,granular_texture,0.275756,0.28325,0.139207,0.301788,0.8114,62,2.2405,0.6438,0.7183,0
1,0.04,0.0693,0.0173,intro,0.120001,tension_chords,0.314138,0.284082,0.094408,0.307372,0.8121,62,2.251,0.6921,0.5683,0
2,0.08,0.1387,0.0347,intro,0.120005,tension_chords,0.343922,0.272523,0.061688,0.321867,0.8138,61,2.2764,0.7253,0.4587,0
3,0.12,0.208,0.052,intro,0.120012,tension_chords,0.359956,0.249432,0.042938,0.347674,0.8169,60,2.29,0.7372,0.3959,0
4,0.16,0.2773,0.0693,intro,0.120021,granular_texture,0.359591,0.213788,0.035337,0.391283,0.8222,59,2.3167,0.7243,0.3704,0
5,0.2,0.3467,0.0867,intro,0.120033,granular_texture,0.352166,0.173999,0.033024,0.440811,0.8281,57,2.3588,0.7011,0.3627,0
6,0.24,0.416,0.104,intro,0.120048,granular_texture,0.349095,0.138776,0.032148,0.47998,0.8328,56,2.3922,0.6849,0.3597,0
7,0.28,0.4853,0.1213,intro,0.120065,granular_texture,0.354036,0.110969,0.033268,0.501727,0.8354,54,2.4108,0.6814,0.3635,0
8,0.32,0.5547,0.1387,intro,0.120085,granular_texture,0.368136,0.091355,0.04161,0.4989,0.8351,54,2.4084,0.6921,0.3915,0
9,0.36,0.624,0.156,intro,0.120107,granular_texture,0.399042,0.081434,0.067455,0.45207,0.8295,53,2.3687,0.7273,0.4781,0
10,0.4,0.6933,0.1733,intro,0.120132,tension_chords,0.420115,0.075529,0.119477,0.384879,0.8214,53,2.3417,0.7516,0.6524,0
11,0.44,0.7627,0.1907,intro,0.120159,tension_chords,0.40239,0.068792,0.191863,0.336955,0.8157,53,2.3267,0.7271,0.8949,0
12,0.48,0.832,0.208,intro,0.120189,tension_chords,0.37029,0.063544,0.254604,0.311562,0.8127,52,2.2996,0.6851,1.1051,0
13,0.52,0.9013,0.2253,intro,0.120222,tension_chords,0.352256,0.062014,0.273586,0.312144,0.8128,52,2.2844,0.662,1.1688,0
14,0.56,0.9707,0.2427,intro,0.120257,granular_texture,0.340263,0.063131,0.249479,0.347128,0.817,52,2.2802,0.6474,1.088,0
15,0.6,1.04,0.26,intro,0.120295,granular_texture,0.323122,0.067655,0.206215,0.403009,0.8237,53,2.3279,0.6276,0.9431,0
16,0.64,1.1093,0.2773,intro,0.120335,granular_texture,0.30491,0.080067,0.157435,0.457588,0.8303,53,2.3744,0.6092,0.7798,0
17,0.68,1.1787,0.2947,intro,0.120378,granular_texture,0.29198,0.105347,0.110938,0.491735,0.8344,54,2.4037,0.6018,0.6241,0
18,0.72,1.248,0.312,intro,0.120423,granular_texture,0.285437,0.142996,0.073836,0.497731,0.8351,56,2.409,0.6068,0.4998,0
19,0.76,1.3173,0.3293,intro,0.120471,granular_texture,0.283353,0.185724,0.05061,0.480314,0.8331,58,2.3944,0.6192,0.4221,0
20,0.8,1.3867,0.3467,intro,0.120521,granular_texture,0.287002,0.230803,0.041661,0.440535,0.8283,60,2.3608,0.6395,0.3921,0
21,0.84,1.456,0.364,intro,0.120574,granular_texture,0.287527,0.273287,0.041143,0.398043,0.8232,61,2.3249,0.6551,0.3905,0
22,0.88,1.5253,0.3813,intro,0.12063,granular_texture,0.274566,0.300518,0.04152,0.383396,0.8215,62,2.3127,0.6484,0.3918,0
23,0.92,1.5947,0.3987,intro,0.120687,granular_texture,0.259009,0.31551,0.041734,0.383747,0.8216,63,2.3132,0.6342,0.3926,0
24,0.96,1.664,0.416,intro,0.120748,granular_texture,0.241231,0.312671,0.045681,0.400417,0.8236,63,2.3277,0.611,0.4059,0
25,1.0,1.7333,0.4333,intro,0.12081,granular_texture,0.217919,0.285551,0.062394,0.434136,0.8277,62,2.3566,0.5723,0.4619,0
26,1.04,1.8027,0.4507,intro,0.120875,granular_texture,0.193171,0.242513,0.100191,0.464125,0.8313,60,2.3824,0.5263,0.5886,0
27,1.08,1.872,0.468,intro,0.120943,granular_texture,0.175625,0.200051,0.148029,0.476294,0.8328,58,2.393,0.4895,0.7489,0
28,1.12,1.9413,0.4853,intro,0.121013,granular_texture,0.171243,0.167886,0.187711,0.47316,0.8324,57,2.3907,0.4728,0.8819,0
29,1.16,2.0107,0.5027,intro,0.121085,granular_texture,0.178729,0.144244,0.221306,0.45572,0.8304,56,2.3762,0.4739,0.9946,0
30,1.2,2.08,0.52,intro,0.12116,granular_texture,0.194559,0.125484,0.249408,0.430549,0.8274,55,2.3551,0.4871,1.0888,0
31,1.24,2.1493,0.5373,intro,0.121237,granular_texture,0.218355,0.111303,0.260087,0.410255,0.825,55,2.3382,0.5119,1.1247,0
32,1.28,2.2187,0.5547,intro,0.121317,granular_texture,0.247501,0.101734,0.240954,0.40981,0.825,54,2.3382,0.545,1.0606,0
33,1.32,2.288,0.572,intro,0.121399,granular_texture,0.275977,0.096185,0.192432,0.435405,0.8281,54,2.3603,0.5786,0.8982,0
34,1.36,2.3573,0.5893,intro,0.121483,granular_texture,0.301528,0.09447,0.134017,0.469985,0.8323,54,2.3901,0.61,0.7026,0
35,1.4,2.4267,0.6067,intro,0.12157,granular_texture,0.310824,0.091119,0.083405,0.514652,0.8377,54,2.4284,0.6204,0.5331,0
36,1.44,2.496,0.624,intro,0.121659,granular_texture,0.303992,0.084217,0.053612,0.55818,0.8429,54,2.4658,0.6095,0.4334,0
37,1.48,2.5653,0.6413,intro,0.12175,granular_texture,0.295483,0.078808,0.041848,0.583861,0.8461,53,2.4881,0.5969,0.3941,0
38,1.52,2.6347,0.6587,intro,0.121844,granular_texture,0.297489,0.081112,0.038641,0.582758,0.846,53,2.4876,0.6003,0.3835,0
39,1.56,2.704,0.676,intro,0.12194,granular_texture,0.314423,0.093418,0.038378,0.553781,0.8425,54,2.4633,0.6257,0.3827,0
40,1.6,2.7733,0.6933,intro,0.122039,granular_texture,0.342367,0.115679,0.04162,0.500334,0.8362,55,2.4184,0.6684,0.3937,0
41,1.64,2.8427,0.7107,intro,0.122139,granular_texture,0.366894,0.144495,0.055743,0.432868,0.8281,56,2.3615,0.7092,0.4411,0
42,1.68,2.912,0.728,intro,0.122242,tension_chords,0.373193,0.172238,0.08378,0.370789,0.8207,57,2.3112,0.7268,0.5351,0
43,1.72,2.9813,0.7453,intro,0.122348,tension_chords,0.361639,0.192874,0.11662,0.328866,0.8157,58,2.3018,0.7196,0.6453,0
44,1.76,3.0507,0.7627,intro,0.122455,tension_chords,0.342769,0.205582,0.148978,0.302671,0.8126,59,2.2863,0.7004,0.7538,0
45,1.8,3.12,0.78,intro,0.122565,tension_chords,0.320711,0.209104,0.173418,0.296768,0.812,59,2.268,0.6741,0.8358,0
46,1.84,3.1893,0.7973,intro,0.122677,granular_texture,0.299943,0.204943,0.181779,0.313336,0.814,59,2.2622,0.6467,0.8639,0
47,1.88,3.2587,0.8147,intro,0.122792,granular_texture,0.285993,0.197221,0.17315,0.343636,0.8177,58,2.2885,0.6265,0.8351,0
48,1.92,3.328,0.832,intro,0.122908,granular_texture,0.283727,0.190126,0.152477,0.37367,0.8214,58,2.3146,0.6212,0.766,0
49,1.96,3.3973,0.8493,intro,0.123027,granular_texture,0.296204,0.185722,0.12546,0.392613,0.8237,58,2.3312,0.6353,0.6756,0
50,2.0,3.4667,0.8667,intro,0.123148,granular_texture,0.324107,0.183268,0.096712,0.395914,0.8242,58,2.3345,0.6693,0.5794,0
51,2.04,3.536,0.884,intro,0.123271,granular_texture,0.36354,0.179237,0.070729,0.386493,0.8231,58,2.3271,0.7172,0.4925,0
52,2.08,3.6053,0.9013,intro,0.123397,tension_chords,0.402986,0.168751,0.05232,0.375943,0.8219,57,2.3417,0.7628,0.431,0
53,2.12,3.6747,0.9187,intro,0.123525,tension_chords,0.428571,0.150237,0.043802,0.37739,0.8221,57,2.364,0.7883,0.4026,0
54,2.16,3.744,0.936,intro,0.123655,tension_chords,0.438599,0.128213,0.042502,0.390686,0.8238,56,2.3731,0.7931,0.3984,0
55,2.2,3.8133,0.9533,intro,0.123787,tension_chords,0.434889,0.106853,0.043077,0.415182,0.8268,55,2.3705,0.781,0.4005,0
56,2.24,3.8827,0.9707,intro,0.123921,granular_texture,0.407918,0.088143,0.042602,0.461337,0.8324,54,2.3936,0.7407,0.399,0
57,2.28,3.952,0.988,intro,0.124058,granular_texture,0.367047,0.076721,0.046403,0.509828,0.8382,54,2.4354,0.6857,0.4119,0
58,2.32,4.0213,1.0053,intro,0.124196,granular_texture,0.322357,0.071191,0.060937,0.545514,0.8426,53,2.4664,0.6279,0.4608,0
59,2.36,4.0907,1.0227,intro,0.124337,granular_texture,0.285271,0.068942,0.091482,0.554305,0.8437,53,2.4745,0.5807,0.5632,0
60,2.4,4.16,1.04,intro,0.12448,granular_texture,0.260718,0.070244,0.139507,0.52953,0.8408,53,2.454,0.5505,0.7243,0
61,2.44,4.2293,1.0573,intro,0.124625,granular_texture,0.246817,0.077134,0.198179,0.47787,0.8347,54,2.4108,0.5355,0.921,0
62,2.48,4.2987,1.0747,intro,0.124772,granular_texture,0.238547,0.091216,0.250372,0.419865,0.8278,54,2.3621,0.5301,1.096,0
63,2.52,4.368,1.092,intro,0.124922,granular_texture,0.231361,0.113018,0.274927,0.380695,0.8231,55,2.3295,0.5288,1.1784,0
64,2.56,4.4373,1.1093,intro,0.125073,granular_texture,0.224906,0.142331,0.262489,0.370274,0.822,56,2.3213,0.5309,1.1369,0
65,2.6,4.5067,1.1267,intro,0.125226,granular_texture,0.222088,0.179217,0.221546,0.37715,0.8229,58,2.3278,0.5403,0.9999,0
66,2.64,4.576,1.144,intro,0.125382,granular_texture,0.21553,0.213984,0.161435,0.409051,0.8268,60,2.3556,0.5443,0.7987,0
67,2.68,4.6453,1.1613,intro,0.12554,granular_texture,0.20123,0.234993,0.102476,0.461301,0.8331,60,2.4008,0.5338,0.6014,0
68,2.72,4.7147,1.1787,intro,0.1257,granular_texture,0.190128,0.249248,0.063271,0.497353,0.8375,61,2.4321,0.5249,0.4702,0
69,2.76,4.784,1.196,intro,0.125861,granular_texture,0.185314,0.25919,0.042067,0.513428,0.8395,62,2.4465,0.5224,0.3994,0
70,2.8,4.8533,1.2133,intro,0.126025,granular_texture,0.188802,0.267357,0.034844,0.508998,0.8391,62,2.4435,0.5296,0.3754,0
71,2.84,4.9227,1.2307,intro,0.126191,granular_texture,0.203347,0.277861,0.035515,0.483278,0.836,62,2.4223,0.5514,0.3778,0
72,2.88,4.992,1.248,intro,0.126359,granular_texture,0.227865,0.289187,0.038287,0.44466,0.8315,63,2.3903,0.586,0.3873,0
73,2.92,5.0613,1.2653,intro,0.126529,granular_texture,0.255803,0.292115,0.043089,0.408994,0.8273,63,2.3607,0.622,0.4035,0
74,2.96,5.1307,1.2827,intro,0.126701,granular_texture,0.279221,0.273631,0.055768,0.391381,0.8252,62,2.3465,0.6448,0.4462,0
75,3.0,5.2,1.3,intro,0.126875,granular_texture,0.297238,0.230119,0.084274,0.388369,0.825,60,2.3447,0.6521,0.5419,0
76,3.04,5.2693,1.3173,intro,0.127051,granular_texture,0.308044,0.171821,0.128703,0.391432,0.8254,58,2.3481,0.6452,0.6909,0
77,3.08,5.3387,1.3347,intro,0.127229,granular_texture,0.29901,0.115684,0.170717,0.414589,0.8283,56,2.3686,0.6143,0.8319,0
78,3.12,5.408,1.352,intro,0.127409,granular_texture,0.27743,0.078084,0.192717,0.45177,0.8328,54,2.401,0.5741,0.9058,0
79,3.16,5.4773,1.3693,intro,0.127591,granular_texture,0.27127,0.061093,0.202544,0.465092,0.8345,53,2.4131,0.5605,0.9389,0
80,3.2,5.5467,1.3867,intro,0.127775,granular_texture,0.284788,0.056114,0.202406,0.456692,0.8336,53,2.4068,0.5756,0.9386,0
81,3.24,5.616,1.404,intro,0.127961,granular_texture,0.31353,0.057104,0.18975,0.439617,0.8316,53,2.3931,0.6119,0.8964,0
82,3.28,5.6853,1.4213,intro,0.128148,granular_texture,0.358719,0.061335,0.16863,0.411316,0.8283,54,2.3699,0.6699,0.8259,0
83,3.32,5.7547,1.4387,intro,0.128338,tension_chords,0.415874,0.06758,0.137563,0.378983,0.8245,54,2.3746,0.7435,0.722,0
84,3.36,5.824,1.456,intro,0.12853,tension_chords,0.471186,0.076458,0.093816,0.35854,0.8221,54,2.4225,0.8157,0.5757,0
85,3.4,5.8933,1.4733,intro,0.128724,tension_chords,0.503638,0.088474,0.056165,0.351723,0.8214,55,2.4509,0.8605,0.4497,0
86,3.44,5.9627,1.4907,intro,0.128919,tension_chords,0.507862,0.105077,0.040049,0.347011,0.8209,55,2.4554,0.8716,0.396,0
87,3.48,6.032,1.508,intro,0.129116,tension_chords,0.482171,0.125033,0.035494,0.357302,0.8223,56,2.4344,0.8465,0.3809,0
88,3.52,6.1013,1.5253,intro,0.129316,tension_chords,0.429284,0.143865,0.032557,0.394294,0.8268,57,2.3903,0.787,0.3713,0
89,3.56,6.1707,1.5427,intro,0.129517,granular_texture,0.36494,0.158344,0.029697,0.447019,0.8332,58,2.4063,0.7116,0.362,0
90,3.6,6.24,1.56,intro,0.12972,granular_texture,0.321678,0.177533,0.031936,0.468853,0.8359,59,2.4258,0.6642,0.3697,0
91,3.64,6.3093,1.5773,intro,0.129925,granular_texture,0.304163,0.208612,0.045509,0.441716,0.8328,60,2.4036,0.6532,0.4154,0
92,3.68,6.3787,1.5947,intro,0.130132,granular_texture,0.29117,0.243437,0.073442,0.391951,0.8269,61,2.3622,0.6492,0.5092,0
93,3.72,6.448,1.612,intro,0.13034,granular_texture,0.276752,0.274208,0.113681,0.335359,0.8202,63,2.3151,0.6419,0.6442,0
94,3.76,6.5173,1.6293,intro,0.130551,granular_texture,0.262292,0.288014,0.158347,0.291347,0.815,63,2.2786,0.6287,0.7941,0
95,3.8,6.5867,1.6467,intro,0.130763,granular_texture,0.250812,0.274058,0.198625,0.276505,0.8133,63,2.2669,0.6094,0.9292,0
96,3.84,6.656,1.664,intro,0.130977,granular_texture,0.244351,0.239061,0.230789,0.285799,0.8145,61,2.2758,0.5891,1.0372,0
97,3.88,6.7253,1.6813,intro,0.131193,granular_texture,0.240041,0.197998,0.250593,0.311369,0.8177,60,2.2985,0.5694,1.1038,0
98,3.92,6.7947,1.6987,intro,0.131411,granular_texture,0.234522,0.160518,0.237311,0.367648,0.8246,58,2.3473,0.5493,1.0595,0
99,3.96,6.864,1.716,intro,0.131631,granular_texture,0.230037,0.130601,0.177803,0.461559,0.8359,57,2.4281,0.5333,0.8604,0
100,4.0,6.9333,1.7333,intro,0.131852,granular_texture,0.220424,0.104411,0.105225,0.56994,0.849,56,2.5212,0.5121,0.6175,0
101,4.04,7.0027,1.7507,intro,0.132075,granular_texture,0.213596,0.086497,0.061596,0.63831,0.8574,55,2.5803,0.4973,0.4716,0
102,4.08,7.072,1.768,intro,0.1323,granular_texture,0.23002,0.083735,0.047353,0.638892,0.8575,55,2.5818,0.5168,0.4242,0
103,4.12,7.1413,1.7853,intro,0.132526,granular_texture,0.259176,0.090102,0.047694,0.603028,0.8533,55,2.5523,0.5555,0.4256,0
104,4.16,7.2107,1.8027,intro,0.132755,granular_texture,0.286081,0.099037,0.052602,0.562279,0.8485,56,2.5187,0.5923,0.4422,0
105,4.2,7.28,1.82,intro,0.132985,granular_texture,0.303773,0.105686,0.056285,0.534256,0.8453,56,2.4959,0.6167,0.4548,0
106,4.24,7.3493,1.8373,intro,0.133217,granular_texture,0.307188,0.108317,0.060424,0.52407,0.8442,56,2.4883,0.6219,0.469,0
107,4.28,7.4187,1.8547,intro,0.13345,granular_texture,0.299681,0.111683,0.074966,0.513671,0.843,56,2.4805,0.6137,0.5179,0
108,4.32,7.488,1.872,intro,0.133686,granular_texture,0.2756,0.115494,0.104142,0.504765,0.8421,57,2.474,0.5849,0.6159,0
109,4.36,7.5573,1.8893,intro,0.133923,granular_texture,0.240055,0.119543,0.140048,0.500354,0.8416,57,2.4713,0.5419,0.7365,0
110,4.4,7.6267,1.9067,intro,0.134161,granular_texture,0.207798,0.126863,0.173665,0.491674,0.8407,57,2.4649,0.5041,0.8494,0
111,4.44,7.696,1.924,intro,0.134402,granular_texture,0.184597,0.139616,0.202721,0.473066,0.8386,58,2.4502,0.4796,0.947,0
112,4.48,7.7653,1.9413,intro,0.134644,granular_texture,0.173542,0.160959,0.225731,0.439768,0.8347,59,2.423,0.4733,1.0243,0
113,4.52,7.8347,1.9587,intro,0.134888,granular_texture,0.185334,0.200148,0.233025,0.381492,0.8278,60,2.3745,0.5017,1.049,0
114,4.56,7.904,1.976,intro,0.135133,granular_texture,0.21995,0.250044,0.205402,0.324604,0.8211,63,2.3273,0.5625,0.9567,0
115,4.6,7.9733,1.9933,intro,0.13538,granular_texture,0.264404,0.283464,0.154339,0.297793,0.818,64,2.3056,0.6297,0.786,0
116,4.64,8.0427,2.0107,intro,0.135629,tension_chords,0.306756,0.290041,0.105783,0.29742,0.8181,64,2.3143,0.685,0.6236,0
117,4.68,8.112,2.028,intro,0.135879,tension_chords,0.340674,0.279855,0.068775,0.310695,0.8198,64,2.3442,0.7238,0.4999,0
118,4.72,8.1813,2.0453,intro,0.136131,tension_chords,0.362531,0.25923,0.046144,0.332096,0.8225,63,2.3639,0.7439,0.4243,0
119,4.76,8.2507,2.0627,intro,0.136385,granular_texture,0.366472,0.225424,0.03604,0.372064,0.8274,62,2.3732,0.737,0.3908,0
120,4.8,8.32,2.08,intro,0.13664,granular_texture,0.359097,0.184704,0.032878,0.423322,0.8337,60,2.4179,0.7135,0.3804,0
121,4.84,8.3893,2.0973,intro,0.136897,granular_texture,0.353166,0.146893,0.031742,0.468199,0.8392,58,2.4572,0.6929,0.3769,0
122,4.88,8.4587,2.1147,intro,0.137155,granular_texture,0.355631,0.116642,0.032066,0.495662,0.8426,57,2.4817,0.6854,0.3783,0
123,4.92,8.528,2.132,intro,0.137415,granular_texture,0.366006,0.094321,0.03782,0.501853,0.8434,56,2.4881,0.6905,0.3979,0
124,4.96,8.5973,2.1493,intro,0.137677,granular_texture,0.391036,0.081553,0.058056,0.469356,0.8397,56,2.4616,0.7173,0.4659,0
125,5.0,8.6667,2.1667,intro,0.13794,tension_chords,0.419893,0.075578,0.103537,0.400992,0.8316,56,2.4207,0.7513,0.6186,0
126,5.04,8.736,2.184,intro,0.138204,tension_chords,0.41304,0.069489,0.173568,0.343902,0.8248,55,2.4161,0.7406,0.8535,0
127,5.08,8.8053,2.2013,intro,0.138471,tension_chords,0.379386,0.063535,0.245786,0.311293,0.8211,55,2.3887,0.6965,1.0957,0
128,5.12,8.8747,2.2187,intro,0.138738,tension_chords,0.355022,0.060885,0.282007,0.302085,0.8201,55,2.3692,0.6651,1.2173,0
129,5.16,8.944,2.236,intro,0.139008,tension_chords,0.342646,0.06151,0.267716,0.328128,0.8233,55,2.3598,0.6498,1.1698,0
130,5.2,9.0133,2.2533,intro,0.139279,granular_texture,0.327257,0.065328,0.225169,0.382247,0.8299,55,2.3947,0.6319,1.0275,0
131,5.24,9.0827,2.2707,intro,0.139551,granular_texture,0.308058,0.075737,0.174445,0.44176,0.8372,56,2.4465,0.6116,0.8579,0
132,5.28,9.152,2.288,intro,0.139825,granular_texture,0.29239,0.098313,0.124626,0.484671,0.8425,57,2.4842,0.5999,0.6913,0
133,5.32,9.2213,2.3053,intro,0.1401,granular_texture,0.28337,0.135034,0.083102,0.498493,0.8443,58,2.4972,0.6015,0.5525,0
134,5.36,9.2907,2.3227,intro,0.140377,granular_texture,0.279485,0.179613,0.05513,0.485772,0.8429,60,2.4876,0.6122,0.4591,0
135,5.4,9.36,2.34,intro,0.140655,granular_texture,0.280628,0.225691,0.042209,0.451472,0.8389,62,2.4597,0.6298,0.4161,0
136,5.44,9.4293,2.3573,intro,0.140935,granular_texture,0.283791,0.271753,0.040242,0.404215,0.8333,64,2.4207,0.6499,0.4098,0
137,5.48,9.4987,2.3747,intro,0.141216,granular_texture,0.274617,0.304375,0.040936,0.380072,0.8306,66,2.4015,0.6498,0.4125,0
138,5.52,9.568,2.392,intro,0.141499,granular_texture,0.259043,0.322252,0.041023,0.377681,0.8304,66,2.4007,0.6366,0.4131,0
139,5.56,9.6373,2.4093,intro,0.141783,granular_texture,0.242768,0.32491,0.043511,0.388811,0.8319,67,2.4114,0.6172,0.4217,0
140,5.6,9.7067,2.4267,intro,0.142068,granular_texture,0.221029,0.302547,0.056139,0.420285,0.8358,66,2.4394,0.5822,0.4643,0
141,5.64,9.776,2.444,intro,0.142355,granular_texture,0.19586,0.259688,0.089343,0.45511,0.8401,64,2.4703,0.5357,0.5759,0
142,5.68,9.8453,2.4613,intro,0.142643,granular_texture,0.175126,0.21274,0.139255,0.47288,0.8424,62,2.4867,0.4934,0.7434,0
143,5.72,9.9147,2.4787,intro,0.142933,granular_texture,0.166646,0.175594,0.184201,0.473559,0.8426,61,2.4886,0.4698,0.8943,0
144,5.76,9.984,2.496,intro,0.143224,granular_texture,0.171326,0.149205,0.219365,0.460104,0.8411,59,2.4784,0.4664,1.0124,0
145,5.8,10.0533,2.5133,intro,0.143517,granular_texture,0.185584,0.129011,0.250079,0.435327,0.8383,59,2.4587,0.4771,1.1156,0
146,5.84,10.1227,2.5307,intro,0.143811,granular_texture,0.208052,0.113262,0.267151,0.411535,0.8355,58,2.4398,0.4997,1.1731,0
147,5.88,10.192,2.548,intro,0.144106,granular_texture,0.237847,0.102535,0.257013,0.402605,0.8346,58,2.4335,0.5332,1.1395,0
148,5.92,10.2613,2.5653,intro,0.144403,granular_texture,0.268267,0.095874,0.213414,0.422446,0.8371,57,2.4517,0.5689,0.9938,0
149,5.96,10.3307,2.5827,intro,0.144701,granular_texture,0.297601,0.093829,0.153625,0.454944,0.8412,57,2.4806,0.6048,0.7938,0
150,6.0,10.4,2.6,intro,0.145,granular_texture,0.313575,0.091558,0.09674,0.498128,0.8465,57,2.5187,0.624,0.6036,0
151,6.04,10.4693,2.6173,intro,0.145301,granular_texture,0.310122,0.085266,0.059439,0.545173,0.8523,57,2.56,0.6175,0.479,0
152,6.08,10.5387,2.6347,intro,0.145603,granular_texture,0.299858,0.078588,0.043148,0.578406,0.8564,57,2.5896,0.6023,0.4247,0
153,6.12,10.608,2.652,intro,0.145906,granular_texture,0.297514,0.078734,0.038232,0.58552,0.8574,57,2.597,0.5994,0.4086,0
154,6.16,10.6773,2.6693,intro,0.146211,granular_texture,0.310084,0.089016,0.037271,0.56363,0.8549,57,2.5797,0.6188,0.4057,0
155,6.2,10.7467,2.6867,intro,0.146516,granular_texture,0.336348,0.109789,0.039071,0.514791,0.8492,58,2.5396,0.6589,0.4121,0
156,6.24,10.816,2.704,intro,0.146824,granular_texture,0.364496,0.138815,0.049815,0.446874,0.8412,60,2.4832,0.7042,0.4484,0
157,6.28,10.8853,2.7213,intro,0.147132,granular_texture,0.376617,0.16876,0.076291,0.378332,0.8331,61,2.4263,0.7298,0.5374,0
158,6.32,10.9547,2.7387,intro,0.147442,tension_chords,0.368552,0.192239,0.110489,0.32872,0.8273,62,2.4194,0.728,0.6523,0
159,6.36,11.024,2.756,intro,0.147753,tension_chords,0.349988,0.207163,0.144095,0.298754,0.8238,63,2.405,0.71,0.7652,0
160,6.4,11.0933,2.7733,intro,0.148065,tension_chords,0.328057,0.213118,0.172048,0.286777,0.8225,63,2.3877,0.6847,0.8592,0
161,6.44,11.1627,2.7907,intro,0.148379,tension_chords,0.305835,0.210192,0.185225,0.298748,0.8241,63,2.3702,0.6559,0.9037,0
162,6.48,11.232,2.808,intro,0.148693,granular_texture,0.289037,0.202335,0.180504,0.328123,0.8278,63,2.3906,0.6321,0.8883,0
163,6.52,11.3013,2.8253,intro,0.149009,granular_texture,0.282758,0.194043,0.161781,0.361419,0.8319,62,2.4203,0.6214,0.8259,0
164,6.56,11.3707,2.8427,intro,0.149327,granular_texture,0.290753,0.188247,0.135157,0.385843,0.835,62,2.4425,0.6293,0.737,0
165,6.6,11.44,2.86,intro,0.149645,granular_texture,0.314692,0.185084,0.105653,0.39457,0.8362,62,2.4513,0.6581,0.6385,0
166,6.64,11.5093,2.8773,intro,0.149965,granular_texture,0.352622,0.181773,0.07771,0.387895,0.8355,62,2.4471,0.7044,0.5453,0
167,6.68,11.5787,2.8947,intro,0.150285,tension_chords,0.395263,0.173303,0.056235,0.375199,0.8342,62,2.4547,0.7547,0.4737,0
168,6.72,11.648,2.912,intro,0.150607,tension_chords,0.427227,0.156329,0.044803,0.371641,0.8339,61,2.4833,0.7887,0.4358,0
169,6.76,11.7173,2.9293,intro,0.150931,tension_chords,0.4412,0.133922,0.042001,0.382877,0.8354,60,2.4967,0.7984,0.4267,0
170,6.8,11.7867,2.9467,intro,0.151255,tension_chords,0.442478,0.11204,0.042747,0.402736,0.8379,59,2.4992,0.7923,0.4296,0
171,6.84,11.856,2.964,intro,0.15158,granular_texture,0.419848,0.091755,0.042288,0.446109,0.8433,58,2.5037,0.7569,0.4284,0
172,6.88,11.9253,2.9813,intro,0.151907,granular_texture,0.379333,0.078019,0.044434,0.498214,0.8497,58,2.5495,0.7015,0.436,0
173,6.92,11.9947,2.9987,intro,0.152235,granular_texture,0.332516,0.071073,0.056295,0.540116,0.8548,58,2.5865,0.6405,0.476,0
174,6.96,12.064,3.016,intro,0.152564,granular_texture,0.290727,0.067854,0.083362,0.558057,0.8571,57,2.6033,0.5872,0.5671,0
175,7.0,12.1333,3.0333,intro,0.152894,granular_texture,0.261415,0.067924,0.1287,0.541962,0.8554,57,2.591,0.5505,0.7193,0
176,7.04,12.2027,3.0507,intro,0.153225,granular_texture,0.244238,0.073434,0.188098,0.49423,0.8498,58,2.5519,0.531,0.9187,0
177,7.08,12.272,3.068,intro,0.153557,granular_texture,0.234726,0.086338,0.246731,0.432205,0.8425,58,2.5007,0.5236,1.1155,0
178,7.12,12.3413,3.0853,intro,0.15389,granular_texture,0.227637,0.107548,0.282187,0.382628,0.8367,59,2.46,0.5222,1.2346,0
179,7.16,12.4107,3.1027,intro,0.154225,granular_texture,0.220959,0.136722,0.279366,0.362952,0.8345,61,2.4448,0.5241,1.2255,0
180,7.2,12.48,3.12,intro,0.15456,granular_texture,0.21742,0.173936,0.24312,0.365524,0.835,62,2.4485,0.5327,1.1045,0
181,7.24,12.5493,3.1373,intro,0.154897,granular_texture,0.213651,0.213334,0.18429,0.388725,0.8379,64,2.4697,0.5417,0.9078,0
182,7.28,12.6187,3.1547,intro,0.155234,granular_texture,0.200533,0.238723,0.118875,0.44187,0.8444,65,2.5164,0.5342,0.689,0
183,7.32,12.688,3.172,intro,0.155573,granular_texture,0.187213,0.253291,0.07167,0.487827,0.8501,66,2.557,0.5227,0.5312,0
184,7.36,12.7573,3.1893,intro,0.155912,granular_texture,0.180805,0.263913,0.045419,0.509863,0.8529,66,2.5772,0.5184,0.4437,0
185,7.4,12.8267,3.2067,intro,0.156253,granular_texture,0.182047,0.271392,0.034681,0.511881,0.8533,67,2.5804,0.5225,0.4081,0
186,7.44,12.896,3.224,intro,0.156595,granular_texture,0.194081,0.280469,0.033906,0.491544,0.851,67,2.5647,0.5408,0.4058,0
187,7.48,12.9653,3.2413,intro,0.156938,granular_texture,0.217594,0.291812,0.036429,0.454166,0.8467,67,2.5344,0.5741,0.4147,0
188,7.52,13.0347,3.2587,intro,0.157281,granular_texture,0.247618,0.298051,0.040558,0.413772,0.842,68,2.5016,0.6138,0.4289,0
189,7.56,13.104,3.276,intro,0.157626,granular_texture,0.274987,0.285854,0.050968,0.38819,0.8391,67,2.4814,0.6438,0.4641,0
190,7.6,13.1733,3.2933,intro,0.157972,granular_texture,0.2953,0.247239,0.07603,0.381431,0.8384,66,2.4772,0.6557,0.5485,0
191,7.64,13.2427,3.3107,intro,0.158319,granular_texture,0.309942,0.190017,0.119478,0.380562,0.8385,63,2.478,0.6539,0.6944,0
192,7.68,13.312,3.328,intro,0.158666,granular_texture,0.307168,0.129379,0.166967,0.396486,0.8406,61,2.4931,0.6292,0.8539,0
193,7.72,13.3813,3.3453,intro,0.159015,granular_texture,0.285211,0.084383,0.195101,0.435305,0.8454,59,2.5276,0.586,0.9485,0
194,7.76,13.4507,3.3627,intro,0.159364,granular_texture,0.270956,0.061749,0.205798,0.461497,0.8487,58,2.5514,0.5603,0.9847,0
195,7.8,13.52,3.38,intro,0.159715,granular_texture,0.279653,0.054336,0.208312,0.457698,0.8484,58,2.5498,0.5686,0.9935,0
196,7.84,13.5893,3.3973,intro,0.160066,granular_texture,0.305042,0.054175,0.198149,0.442633,0.8467,58,2.5385,0.6003,0.9599,0
197,7.88,13.6587,3.4147,intro,0.160419,granular_texture,0.347326,0.057837,0.177848,0.416989,0.8438,58,2.5183,0.6544,0.8923,0
198,7.92,13.728,3.432,intro,0.160772,tension_chords,0.404491,0.063726,0.149123,0.382659,0.8399,58,2.5093,0.7279,0.7964,0
199,7.96,13.7973,3.4493,intro,0.161126,tension_chords,0.46481,0.072362,0.107654,0.355174,0.8367,59,2.5621,0.8063,0.6579,0
200,8.0,13.8667,3.4667,intro,0.161481,tension_chords,0.50698,0.084429,0.06464,0.343951,0.8356,59,2.5995,0.8633,0.5142,0
201,8.04,13.936,3.484,intro,0.161837,tension_chords,0.519014,0.100939,0.041889,0.338158,0.835,60,2.6113,0.8841,0.4384,0
202,8.08,14.0053,3.5013,intro,0.162194,tension_chords,0.501033,0.121775,0.035272,0.34192,0.8356,61,2.5976,0.8689,0.4166,0
203,8.12,14.0747,3.5187,intro,0.162552,tension_chords,0.452962,0.142713,0.032379,0.371946,0.8394,62,2.5584,0.8162,0.4073,0
204,8.16,14.144,3.536,intro,0.162911,granular_texture,0.386243,0.158878,0.029264,0.425615,0.846,63,2.5367,0.7384,0.3972,0
205,8.2,14.2133,3.5533,intro,0.16327,granular_texture,0.330223,0.174707,0.029435,0.465636,0.851,64,2.5723,0.6739,0.3982,0
206,8.24,14.2827,3.5707,intro,0.16363,granular_texture,0.305373,0.202685,0.039805,0.452137,0.8495,65,2.5625,0.6527,0.4333,0
207,8.28,14.352,3.588,intro,0.163992,granular_texture,0.292225,0.238009,0.064956,0.40481,0.844,66,2.5239,0.6486,0.518,0
208,8.32,14.4213,3.6053,intro,0.164354,granular_texture,0.27785,0.271527,0.104287,0.346336,0.8372,68,2.4758,0.6423,0.6502,0
209,8.36,14.4907,3.6227,intro,0.164716,granular_texture,0.262541,0.29265,0.150799,0.294011,0.8311,69,2.4329,0.6306,0.8064,0
210,8.4,14.56,3.64,intro,0.16508,glassy_arps,0.249272,0.287679,0.194547,0.268503,0.8282,69,2.4291,0.6123,0.9533,0
211,8.44,14.6293,3.6573,intro,0.165444,granular_texture,0.241038,0.256796,0.229701,0.272465,0.8288,67,2.4178,0.5912,1.0715,0
212,8.48,14.6987,3.6747,intro,0.16581,granular_texture,0.237205,0.214945,0.2546,0.29325,0.8315,66,2.4371,0.5717,1.1553,0
213,8.52,14.768,3.692,intro,0.166176,granular_texture,0.23185,0.173264,0.253695,0.341191,0.8374,64,2.4795,0.5505,1.1527,0
214,8.56,14.8373,3.7093,intro,0.166542,granular_texture,0.226841,0.139266,0.205977,0.427916,0.848,62,2.5548,0.5323,0.9932,0
215,8.6,14.9067,3.7267,intro,0.16691,granular_texture,0.219263,0.110979,0.128627,0.541132,0.8617,61,2.6527,0.5129,0.7345,0
216,8.64,14.976,3.744,intro,0.167278,granular_texture,0.208129,0.08848,0.071142,0.632249,0.8728,60,2.7318,0.4911,0.5423,0
217,8.68,15.0453,3.7613,intro,0.167647,granular_texture,0.216052,0.080777,0.048454,0.654717,0.8757,60,2.7525,0.4983,0.4667,0
218,8.72,15.1147,3.7787,intro,0.168017,granular_texture,0.244811,0.085824,0.045812,0.623553,0.8721,60,2.7277,0.5361,0.4583,0
219,8.76,15.184,3.796,intro,0.168387,granular_texture,0.275524,0.095375,0.0506,0.578501,0.8669,61,2.691,0.5778,0.4747,0
220,8.8,15.2533,3.8133,intro,0.168759,granular_texture,0.298843,0.10392,0.055259,0.541979,0.8627,61,2.6617,0.6099,0.4908,0
221,8.84,15.3227,3.8307,intro,0.16913,granular_texture,0.307367,0.107861,0.058916,0.525856,0.8609,62,2.6496,0.622,0.5034,0
222,8.88,15.392,3.848,intro,0.169503,granular_texture,0.302718,0.111315,0.070689,0.515278,0.8598,62,2.6423,0.6174,0.5433,0
223,8.92,15.4613,3.8653,intro,0.169876,granular_texture,0.282735,0.116081,0.098419,0.502765,0.8585,62,2.6333,0.594,0.6366,0
224,8.96,15.5307,3.8827,intro,0.17025,granular_texture,0.247302,0.12045,0.135628,0.496619,0.8579,62,2.6297,0.5513,0.7616,0
225,9.0,15.6,3.9,intro,0.170625,granular_texture,0.212197,0.126903,0.17099,0.48991,0.8573,63,2.6257,0.5097,0.8805,0
226,9.04,15.6693,3.9173,intro,0.171,granular_texture,0.186711,0.138436,0.200729,0.474123,0.8556,63,2.614,0.4818,0.9805,0
227,9.08,15.7387,3.9347,intro,0.171376,granular_texture,0.171861,0.156837,0.224793,0.446509,0.8524,64,2.5922,0.4697,1.0616,0
228,9.12,15.808,3.952,intro,0.171753,granular_texture,0.17592,0.190239,0.238294,0.395546,0.8465,65,2.5505,0.4865,1.1072,0
229,9.16,15.8773,3.9693,intro,0.17213,granular_texture,0.205446,0.241211,0.222454,0.330888,0.8389,68,2.4972,0.5412,1.0546,0
230,9.2,15.9467,3.9867,intro,0.172508,granular_texture,0.250434,0.284702,0.173585,0.291279,0.8343,69,2.4652,0.6127,0.8913,0
231,9.24,16.016,4.004,intro,0.172887,glassy_arps,0.297219,0.299901,0.120264,0.282616,0.8334,70,2.4743,0.6765,0.7131,0
232,9.28,16.0853,4.0213,intro,0.173266,tension_chords,0.3364,0.292157,0.077756,0.293687,0.8349,70,2.507,0.7228,0.5711,0
233,9.32,16.1547,4.0387,intro,0.173646,tension_chords,0.364738,0.273137,0.050188,0.311937,0.8373,69,2.5328,0.7515,0.4791,0
234,9.36,16.224,4.056,intro,0.174026,tension_chords,0.374464,0.240757,0.036688,0.348091,0.8418,68,2.5427,0.7523,0.4343,0
235,9.4,16.2933,4.0733,intro,0.174407,granular_texture,0.368342,0.19862,0.032194,0.400844,0.8483,66,2.5668,0.7299,0.4197,0
236,9.44,16.3627,4.0907,intro,0.174788,granular_texture,0.359687,0.157235,0.030761,0.452317,0.8547,64,2.6123,0.7046,0.4153,0
237,9.48,16.432,4.108,intro,0.17517,granular_texture,0.359,0.123422,0.030513,0.487065,0.859,63,2.6435,0.6919,0.4149,0
238,9.52,16.5013,4.1253,intro,0.175553,granular_texture,0.367068,0.098035,0.034363,0.500534,0.8608,62,2.6567,0.6931,0.4282,0
239,9.56,16.5707,4.1427,intro,0.175936,granular_texture,0.386352,0.081753,0.050144,0.481752,0.8587,61,2.6424,0.7116,0.4815,0
240,9.6,16.64,4.16,intro,0.17632,tension_chords,0.418589,0.074411,0.089721,0.417279,0.8512,61,2.5904,0.7493,0.6145,0
241,9.64,16.7093,4.1773,intro,0.176704,tension_chords,0.424802,0.068967,0.157195,0.349036,0.8432,61,2.5974,0.7551,0.841,0
242,9.68,16.7787,4.1947,intro,0.177089,tension_chords,0.393064,0.06277,0.236462,0.307703,0.8384,61,2.5722,0.7133,1.1069,0
243,9.72,16.848,4.212,intro,0.177474,tension_chords,0.360846,0.058902,0.290374,0.289878,0.8364,61,2.5465,0.6717,1.288,0
244,9.76,16.9173,4.2293,intro,0.17786,tension_chords,0.34531,0.058748,0.290485,0.305457,0.8385,61,2.535,0.6522,1.2888,0
245,9.8,16.9867,4.2467,intro,0.178246,granular_texture,0.331515,0.06207,0.250072,0.356343,0.8448,61,2.5461,0.6361,1.1538,0
246,9.84,17.056,4.264,intro,0.178633,granular_texture,0.311966,0.071036,0.196241,0.420757,0.8527,61,2.6026,0.6148,0.9739,0
247,9.88,17.1253,4.2813,intro,0.179021,granular_texture,0.293484,0.091211,0.141913,0.473392,0.8592,62,2.649,0.5988,0.7923,0
248,9.92,17.1947,4.2987,intro,0.179408,granular_texture,0.281375,0.126751,0.094894,0.496981,0.8622,64,2.6708,0.5961,0.6352,0
249,9.96,17.264,4.316,intro,0.179797,granular_texture,0.275428,0.173751,0.061233,0.489588,0.8615,66,2.6662,0.6051,0.5229,0
250,10.0,17.3333,4.3333,intro,0.180185,granular_texture,0.274092,0.223043,0.043407,0.459459,0.858,68,2.6424,0.6207,0.4636,0
251,10.04,17.4027,4.3507,intro,0.180574,granular_texture,0.277567,0.272891,0.038923,0.410619,0.8523,70,2.6026,0.6425,0.449,0
252,10.08,17.472,4.368,intro,0.180964,granular_texture,0.272848,0.312901,0.039704,0.374548,0.8482,72,2.5737,0.6506,0.4521,0
253,10.12,17.5413,4.3853,intro,0.181354,granular_texture,0.25749,0.334639,0.039912,0.367958,0.8476,73,2.5698,0.639,0.4532,0
254,10.16,17.6107,4.4027,intro,0.181744,granular_texture,0.241851,0.342406,0.04142,0.374324,0.8485,73,2.5769,0.6222,0.4587,0
255,10.2,17.68,4.42,intro,0.182135,granular_texture,0.221565,0.325081,0.050891,0.402462,0.8521,73,2.6026,0.5907,0.4908,0
256,10.24,17.7493,4.4373,intro,0.182526,granular_texture,0.196392,0.282528,0.079344,0.441736,0.857,71,2.6377,0.5444,0.5866,0
257,10.28,17.8187,4.4547,intro,0.182918,granular_texture,0.17304,0.230427,0.129664,0.466869,0.8602,69,2.6608,0.4969,0.7556,0
258,10.32,17.888,4.472,intro,0.18331,granular_texture,0.160278,0.18652,0.181427,0.471776,0.8609,67,2.6667,0.4656,0.9294,0
259,10.36,17.9573,4.4893,intro,0.183702,granular_texture,0.16151,0.15581,0.220506,0.462175,0.86,66,2.6603,0.4564,1.0608,0
260,10.4,18.0267,4.5067,intro,0.184095,granular_texture,0.173846,0.133469,0.253752,0.438933,0.8574,65,2.6423,0.464,1.1726,0
261,10.44,18.096,4.524,intro,0.184488,granular_texture,0.195142,0.115907,0.27728,0.411671,0.8543,64,2.6209,0.4845,1.2518,0
262,10.48,18.1653,4.5413,intro,0.184881,granular_texture,0.225049,0.103423,0.276446,0.395082,0.8525,64,2.6085,0.5175,1.2495,0
263,10.52,18.2347,4.5587,intro,0.185275,granular_texture,0.258409,0.095546,0.239877,0.406168,0.854,63,2.6197,0.5565,1.1274,0
264,10.56,18.304,4.576,intro,0.185669,granular_texture,0.291256,0.092515,0.178653,0.437576,0.8579,63,2.6482,0.5965,0.9227,0
265,10.6,18.3733,4.5933,intro,0.186064,granular_texture,0.314736,0.091111,0.114657,0.479497,0.8631,63,2.6856,0.6253,0.7088,0
266,10.64,18.4427,4.6107,intro,0.186458,granular_texture,0.316511,0.085752,0.067791,0.529946,0.8694,63,2.7302,0.6257,0.5522,0
267,10.68,18.512,4.628,intro,0.186853,granular_texture,0.305506,0.078118,0.04514,0.571236,0.8745,63,2.767,0.6092,0.4768,0
268,10.72,18.5813,4.6453,intro,0.187249,granular_texture,0.298929,0.076116,0.037703,0.587252,0.8766,63,2.7824,0.6003,0.4523,0
269,10.76,18.6507,4.6627,intro,0.187644,granular_texture,0.306827,0.084415,0.035903,0.572856,0.8751,63,2.7719,0.6131,0.4467,0
270,10.8,18.72,4.68,intro,0.18804,granular_texture,0.330573,0.103828,0.036627,0.528972,0.87,64,2.7364,0.6496,0.4495,0
271,10.84,18.7893,4.6973,intro,0.188436,granular_texture,0.361432,0.133039,0.044306,0.461223,0.862,65,2.6806,0.6984,0.4757,0
272,10.88,18.8587,4.7147,intro,0.188833,granular_texture,0.38015,0.16558,0.068376,0.385894,0.8532,67,2.6183,0.7331,0.5568,0
273,10.92,18.928,4.732,intro,0.189229,tension_chords,0.376371,0.192434,0.104457,0.326738,0.8463,68,2.612,0.7378,0.6781,0
274,10.96,18.9973,4.7493,intro,0.189626,tension_chords,0.358107,0.209864,0.140093,0.291936,0.8423,69,2.5982,0.7211,0.7979,0
275,11.0,19.0667,4.7667,intro,0.190023,tension_chords,0.336169,0.218464,0.17131,0.274057,0.8403,69,2.5813,0.6967,0.9029,0
276,11.04,19.136,4.784,intro,0.19042,tension_chords,0.312465,0.216985,0.189306,0.281244,0.8413,69,2.563,0.6665,0.9636,0
277,11.08,19.2053,4.8013,intro,0.190818,granular_texture,0.292932,0.20918,0.188925,0.308962,0.8449,69,2.5618,0.6394,0.9628,0
278,11.12,19.2747,4.8187,intro,0.191216,granular_texture,0.282734,0.199711,0.172494,0.34506,0.8494,69,2.5942,0.6233,0.9082,0
279,11.16,19.344,4.836,intro,0.191614,granular_texture,0.286226,0.192344,0.146331,0.3751,0.8532,68,2.6215,0.6251,0.821,0
280,11.2,19.4133,4.8533,intro,0.192012,granular_texture,0.305954,0.188143,0.116026,0.389877,0.8551,68,2.6358,0.6483,0.7199,0
281,11.24,19.4827,4.8707,intro,0.19241,granular_texture,0.341687,0.185151,0.08608,0.387082,0.855,68,2.6352,0.6919,0.62,0
282,11.28,19.552,4.888,intro,0.192809,tension_chords,0.386796,0.178568,0.061326,0.37331,0.8535,68,2.6368,0.746,0.5375,0
283,11.32,19.6213,4.9053,intro,0.193207,tension_chords,0.425928,0.163495,0.046341,0.364235,0.8526,67,2.6718,0.7896,0.4878,0
284,11.36,19.6907,4.9227,intro,0.193606,tension_chords,0.446122,0.140904,0.041417,0.371558,0.8536,67,2.6908,0.807,0.4717,0
285,11.4,19.76,4.94,intro,0.194005,tension_chords,0.45143,0.117665,0.041882,0.389023,0.8559,66,2.697,0.8055,0.4737,0
286,11.44,19.8293,4.9573,intro,0.194404,tension_chords,0.434677,0.095902,0.041846,0.427575,0.8607,65,2.6846,0.7769,0.474,0
287,11.48,19.8987,4.9747,intro,0.194803,granular_texture,0.394029,0.079376,0.042613,0.483983,0.8677,64,2.7283,0.7203,0.477,0
288,11.52,19.968,4.992,intro,0.195203,granular_texture,0.344735,0.070625,0.052121,0.532519,0.8737,64,2.7713,0.6556,0.5093,0
289,11.56,20.0373,5.0093,intro,0.195602,granular_texture,0.297766,0.066382,0.076131,0.55972,0.8771,64,2.7962,0.5954,0.5902,0
290,11.6,20.1067,5.0267,intro,0.196001,granular_texture,0.262773,0.065238,0.118815,0.553174,0.8765,64,2.7924,0.5513,0.7336,0
291,11.64,20.176,5.044,intro,0.196401,granular_texture,0.241288,0.069321,0.178531,0.51086,0.8716,64,2.7582,0.5259,0.9341,0
292,11.68,20.2453,5.0613,intro,0.196801,granular_texture,0.229606,0.080965,0.243142,0.446287,0.8641,65,2.7051,0.5153,1.151,0
293,11.72,20.3147,5.0787,intro,0.197201,granular_texture,0.222162,0.101603,0.290085,0.38615,0.8571,65,2.6558,0.5133,1.3087,0
294,11.76,20.384,5.096,intro,0.1976,granular_texture,0.21541,0.131026,0.298762,0.354803,0.8535,67,2.6309,0.5151,1.3382,0
295,11.8,20.4533,5.1133,intro,0.198,granular_texture,0.210792,0.16875,0.268206,0.352252,0.8534,68,2.6305,0.5226,1.2363,0
296,11.84,20.5227,5.1307,intro,0.1984,granular_texture,0.208802,0.212308,0.211269,0.367621,0.8554,70,2.6454,0.5353,1.046,0
297,11.88,20.592,5.148,intro,0.1988,granular_texture,0.19845,0.24436,0.140275,0.416915,0.8615,72,2.689,0.5336,0.8086,0
298,11.92,20.6613,5.1653,intro,0.1992,granular_texture,0.183137,0.259828,0.08289,0.474144,0.8685,72,2.7395,0.5199,0.6168,0
299,11.96,20.7307,5.1827,intro,0.1996,granular_texture,0.174807,0.270853,0.050003,0.504337,0.8723,73,2.7669,0.5133,0.5071,0
300,12.0,20.8,5.2,intro,0.2,granular_texture,0.174115,0.278187,0.035041,0.512657,0.8735,73,2.7758,0.515,0.4574,0
301,12.04,20.8693,5.2173,intro,0.2004,granular_texture,0.183558,0.285883,0.032152,0.498408,0.872,74,2.7654,0.5295,0.4481,0
302,12.08,20.9387,5.2347,intro,0.2008,granular_texture,0.205392,0.296839,0.034239,0.463529,0.868,74,2.7376,0.5606,0.4556,0
303,12.12,21.008,5.252,intro,0.2012,granular_texture,0.23678,0.305775,0.037906,0.419539,0.8629,75,2.7019,0.603,0.4683,0
304,12.16,21.0773,5.2693,intro,0.2016,granular_texture,0.268609,0.299552,0.04647,0.385369,0.859,74,2.6747,0.6406,0.4974,0
305,12.2,21.1467,5.2867,intro,0.202,granular_texture,0.29275,0.266432,0.068368,0.37245,0.8576,73,2.6655,0.6592,0.5712,0
306,12.24,21.216,5.304,intro,0.2024,granular_texture,0.310496,0.210569,0.110004,0.368931,0.8574,71,2.6643,0.6618,0.7112,0
307,12.28,21.2853,5.3213,intro,0.202799,granular_texture,0.314104,0.145918,0.162073,0.377905,0.8586,68,2.6737,0.6437,0.886,0
308,12.32,21.3547,5.3387,intro,0.203199,granular_texture,0.294959,0.092984,0.198378,0.41368,0.8631,66,2.7059,0.6012,1.0081,0
309,12.36,21.424,5.356,intro,0.203599,granular_texture,0.273155,0.063326,0.21093,0.452589,0.868,65,2.7407,0.5636,1.0506,0
310,12.4,21.4933,5.3733,intro,0.203999,granular_texture,0.274951,0.052475,0.214806,0.457769,0.8688,64,2.7469,0.5621,1.064,0
311,12.44,21.5627,5.3907,intro,0.204398,granular_texture,0.296945,0.050919,0.207776,0.44436,0.8673,64,2.7373,0.589,1.0409,0
312,12.48,21.632,5.408,intro,0.204797,granular_texture,0.336076,0.053855,0.188666,0.421403,0.8648,65,2.7195,0.6389,0.9773,0
313,12.52,21.7013,5.4253,intro,0.205197,tension_chords,0.39266,0.059315,0.161216,0.386809,0.8608,65,2.6969,0.7116,0.8858,0
314,12.56,21.7707,5.4427,intro,0.205596,tension_chords,0.457332,0.067615,0.122397,0.352657,0.8569,65,2.7536,0.7953,0.7562,0
315,12.6,21.84,5.46,intro,0.205995,tension_chords,0.509607,0.079733,0.07593,0.33473,0.8549,66,2.7998,0.8649,0.601,0
316,12.64,21.9093,5.4773,intro,0.206394,tension_chords,0.530567,0.096289,0.045194,0.327949,0.8543,67,2.8194,0.8969,0.4984,0
317,12.68,21.9787,5.4947,intro,0.206793,tension_chords,0.520728,0.117959,0.035062,0.326251,0.8543,68,2.8128,0.8922,0.4649,0
318,12.72,22.048,5.512,intro,0.207191,tension_chords,0.47811,0.140957,0.031864,0.349069,0.8572,69,2.7784,0.847,0.4547,0
319,12.76,22.1173,5.5293,intro,0.20759,tension_chords,0.411533,0.159815,0.028793,0.399859,0.8635,69,2.7236,0.7704,0.4448,0
320,12.8,22.1867,5.5467,intro,0.207988,granular_texture,0.34432,0.174116,0.027445,0.454119,0.8702,70,2.7615,0.6913,0.4407,0
321,12.84,22.256,5.564,intro,0.208386,granular_texture,0.307831,0.197664,0.034621,0.459883,0.871,71,2.7682,0.654,0.4652,0
322,12.88,22.3253,5.5813,intro,0.208784,granular_texture,0.292935,0.232809,0.056567,0.417689,0.8662,73,2.7341,0.6477,0.5392,0
323,12.92,22.3947,5.5987,intro,0.209182,granular_texture,0.278838,0.268528,0.094436,0.358197,0.8592,74,2.6853,0.6425,0.6665,0
324,12.96,22.464,5.616,intro,0.20958,granular_texture,0.262968,0.295694,0.14248,0.298858,0.8523,75,2.6367,0.6322,0.8278,0
325,13.0,22.5333,5.6333,intro,0.209977,glassy_arps,0.247979,0.300126,0.190081,0.261813,0.848,76,2.6395,0.615,0.9877,0
326,13.04,22.6027,5.6507,intro,0.210374,glassy_arps,0.237574,0.27561,0.229181,0.257634,0.8477,75,2.6204,0.5934,1.1192,0
327,13.08,22.672,5.668,intro,0.210771,granular_texture,0.233167,0.23425,0.258258,0.274325,0.8499,73,2.6211,0.5734,1.217,0
328,13.12,22.7413,5.6853,intro,0.211167,granular_texture,0.228678,0.189072,0.26764,0.31461,0.8549,71,2.6571,0.552,1.2489,0
329,13.16,22.8107,5.7027,intro,0.211564,granular_texture,0.222855,0.149891,0.234025,0.393228,0.8645,70,2.7257,0.531,1.1367,0
330,13.2,22.88,5.72,intro,0.21196,granular_texture,0.216655,0.11865,0.157586,0.507109,0.8784,68,2.8243,0.5123,0.8811,0
331,13.24,22.9493,5.7373,intro,0.212356,granular_texture,0.204521,0.092371,0.085859,0.617249,0.8918,67,2.9196,0.488,0.6412,0
332,13.28,23.0187,5.7547,intro,0.212751,granular_texture,0.203201,0.078768,0.051539,0.666492,0.8978,67,2.9633,0.4816,0.5267,0
333,13.32,23.088,5.772,intro,0.213147,granular_texture,0.228045,0.081025,0.044154,0.646776,0.8957,67,2.9483,0.5134,0.5024,0
334,13.36,23.1573,5.7893,intro,0.213542,granular_texture,0.262078,0.090819,0.048132,0.598971,0.8901,67,2.9094,0.5594,0.5161,0
335,13.4,23.2267,5.8067,intro,0.213936,granular_texture,0.291165,0.101202,0.053793,0.553841,0.8849,68,2.8728,0.5994,0.5355,0
336,13.44,23.296,5.824,intro,0.214331,granular_texture,0.306231,0.107071,0.057671,0.529027,0.8821,68,2.8534,0.6203,0.549,0
337,13.48,23.3653,5.8413,intro,0.214725,granular_texture,0.304755,0.1107,0.066889,0.517656,0.8809,68,2.8455,0.6197,0.5803,0
338,13.52,23.4347,5.8587,intro,0.215119,granular_texture,0.289239,0.116398,0.092586,0.501777,0.8792,69,2.8338,0.6023,0.6668,0
339,13.56,23.504,5.876,intro,0.215512,granular_texture,0.255033,0.121561,0.131011,0.492395,0.8782,69,2.8276,0.5613,0.796,0
340,13.6,23.5733,5.8933,intro,0.215905,granular_texture,0.217025,0.127429,0.168772,0.486774,0.8777,69,2.8245,0.5159,0.9229,0
341,13.64,23.6427,5.9107,intro,0.216298,granular_texture,0.188627,0.137685,0.199643,0.474045,0.8764,70,2.8155,0.484,1.0267,0
342,13.68,23.712,5.928,intro,0.21669,granular_texture,0.171183,0.154126,0.224309,0.450382,0.8737,71,2.7971,0.4679,1.1098,0
343,13.72,23.7813,5.9453,intro,0.217082,granular_texture,0.168592,0.181995,0.241235,0.408177,0.8688,72,2.763,0.4744,1.1669,0
344,13.76,23.8507,5.9627,intro,0.217474,granular_texture,0.19112,0.230223,0.236822,0.341835,0.8611,74,2.7083,0.5195,1.1526,0
345,13.8,23.92,5.98,intro,0.217865,granular_texture,0.234718,0.282217,0.194769,0.288297,0.8548,76,2.6646,0.5922,1.0121,0
346,13.84,23.9893,5.9973,intro,0.218256,glassy_arps,0.285058,0.308539,0.137529,0.268874,0.8527,77,2.6835,0.6643,0.8208,0
347,13.88,24.0587,6.0147,intro,0.218646,tension_chords,0.330048,0.305696,0.089006,0.27525,0.8536,77,2.7035,0.7196,0.6587,0
348,13.92,24.128,6.032,intro,0.219036,tension_chords,0.364779,0.287972,0.055768,0.291482,0.8557,77,2.7348,0.7568,0.5478,0
349,13.96,24.1973,6.0493,intro,0.219426,tension_chords,0.381713,0.257393,0.038052,0.322842,0.8597,75,2.7509,0.7672,0.4888,0
350,14.0,24.2667,6.0667,intro,0.219815,tension_chords,0.378662,0.214511,0.031588,0.375239,0.8661,74,2.75,0.7484,0.4676,0
351,14.04,24.336,6.084,intro,0.220203,granular_texture,0.368005,0.169542,0.02972,0.432732,0.8732,72,2.7977,0.7193,0.4618,0
352,14.08,24.4053,6.1013,intro,0.220592,granular_texture,0.363486,0.131585,0.029058,0.47587,0.8786,70,2.8361,0.7004,0.46,0
353,14.12,24.4747,6.1187,intro,0.220979,granular_texture,0.369206,0.102861,0.031386,0.496547,0.8812,69,2.8554,0.6975,0.4682,0
354,14.16,24.544,6.136,intro,0.221367,granular_texture,0.383961,0.083039,0.043372,0.489628,0.8806,68,2.8513,0.709,0.5088,0
355,14.2,24.6133,6.1533,intro,0.221754,granular_texture,0.414376,0.073135,0.076678,0.43581,0.8743,68,2.8072,0.7436,0.6208,0
356,14.24,24.6827,6.1707,intro,0.22214,tension_chords,0.433782,0.067999,0.140069,0.35815,0.8652,68,2.8072,0.766,0.8336,0
357,14.28,24.752,6.188,intro,0.222526,tension_chords,0.409113,0.062052,0.222939,0.305896,0.8591,68,2.788,0.7331,1.1116,0
358,14.32,24.8213,6.2053,intro,0.222911,tension_chords,0.36994,0.057143,0.292603,0.280314,0.8562,67,2.7564,0.6824,1.3454,0
359,14.36,24.8907,6.2227,intro,0.223296,tension_chords,0.348365,0.055908,0.3116,0.284126,0.8568,67,2.7398,0.655,1.4095,0
360,14.4,24.96,6.24,intro,0.22368,tension_chords,0.335291,0.058632,0.277675,0.328401,0.8623,68,2.7304,0.6396,1.2963,0
361,14.44,25.0293,6.2573,intro,0.224064,granular_texture,0.316546,0.066435,0.221233,0.395787,0.8706,68,2.7835,0.6189,1.1076,0
362,14.48,25.0987,6.2747,intro,0.224447,granular_texture,0.295768,0.084191,0.162096,0.457944,0.8782,69,2.838,0.5992,0.9099,0
363,14.52,25.168,6.292,intro,0.22483,granular_texture,0.280304,0.117584,0.10925,0.492863,0.8826,70,2.8694,0.5915,0.7333,0
364,14.56,25.2373,6.3093,intro,0.225212,granular_texture,0.271794,0.165845,0.069402,0.492959,0.8828,72,2.8712,0.5978,0.6002,0
365,14.6,25.3067,6.3267,intro,0.225593,granular_texture,0.268271,0.21918,0.046003,0.466545,0.8798,75,2.8505,0.6121,0.5223,0
366,14.64,25.376,6.344,intro,0.225974,granular_texture,0.270151,0.272342,0.037924,0.419584,0.8743,77,2.8122,0.633,0.4956,0
367,14.68,25.4453,6.3613,intro,0.226354,granular_texture,0.269573,0.319998,0.038186,0.372243,0.8688,79,2.7737,0.649,0.4969,0
368,14.72,25.5147,6.3787,intro,0.226734,granular_texture,0.255981,0.347462,0.038762,0.357795,0.8672,80,2.7631,0.6416,0.4993,0
369,14.76,25.584,6.396,intro,0.227113,granular_texture,0.240273,0.359677,0.039585,0.360465,0.8677,81,2.767,0.6262,0.5024,0
370,14.8,25.6533,6.4133,intro,0.227492,granular_texture,0.221576,0.34853,0.046419,0.383475,0.8707,80,2.7883,0.599,0.5257,0
371,14.84,25.7227,6.4307,intro,0.22787,granular_texture,0.197076,0.30802,0.069856,0.425048,0.8758,79,2.8253,0.5542,0.6047,0
372,14.88,25.792,6.448,intro,0.228247,granular_texture,0.171969,0.251701,0.117802,0.458528,0.88,76,2.8554,0.5031,0.7657,0
373,14.92,25.8613,6.4653,intro,0.228624,granular_texture,0.155131,0.200232,0.175642,0.468996,0.8814,74,2.866,0.464,0.9599,0
374,14.96,25.9307,6.4827,intro,0.229,granular_texture,0.1523,0.163766,0.220807,0.463127,0.8809,73,2.8627,0.4477,1.1116,0
375,15.0,26.0,6.5,intro,0.229375,granular_texture,0.162066,0.138594,0.256353,0.442986,0.8787,72,2.8473,0.4511,1.2311,0
376,15.04,26.0693,6.5173,intro,0.22975,granular_texture,0.181893,0.119223,0.28526,0.413625,0.8753,71,2.824,0.4691,1.3283,0
377,15.08,26.1387,6.5347,intro,0.230124,granular_texture,0.211069,0.104761,0.293688,0.390482,0.8727,70,2.806,0.5005,1.357,0
378,15.12,26.208,6.552,intro,0.230497,granular_texture,0.246834,0.095522,0.26682,0.390824,0.8729,70,2.8079,0.542,1.2674,0
379,15.16,26.2773,6.5693,intro,0.23087,granular_texture,0.282658,0.091084,0.206602,0.419656,0.8766,70,2.8341,0.5852,1.0661,0
380,15.2,26.3467,6.5867,intro,0.231241,granular_texture,0.313512,0.090186,0.136824,0.459477,0.8815,70,2.8696,0.6235,0.8327,0
381,15.24,26.416,6.604,intro,0.231613,granular_texture,0.322591,0.086131,0.079592,0.511686,0.8879,70,2.9156,0.6334,0.6414,0
382,15.28,26.4853,6.6213,intro,0.231983,granular_texture,0.312613,0.078106,0.048722,0.560558,0.894,70,2.9588,0.6181,0.5384,0
383,15.32,26.5547,6.6387,intro,0.232353,granular_texture,0.302164,0.073962,0.037658,0.586215,0.8972,69,2.9823,0.6036,0.5017,0
384,15.36,26.624,6.656,intro,0.232722,granular_texture,0.304859,0.079994,0.034733,0.580414,0.8967,70,2.979,0.6091,0.4924,0
385,15.4,26.6933,6.6733,intro,0.23309,granular_texture,0.324748,0.09769,0.03459,0.542972,0.8924,71,2.9488,0.6401,0.4923,0
386,15.44,26.7627,6.6907,intro,0.233458,granular_texture,0.356394,0.12635,0.039555,0.477701,0.8847,72,2.8949,0.6897,0.5093,0
387,15.48,26.832,6.708,intro,0.233824,granular_texture,0.381667,0.16097,0.059802,0.397562,0.8753,73,2.8284,0.7334,0.5775,0
388,15.52,26.9013,6.7253,intro,0.23419,tension_chords,0.383626,0.191391,0.096757,0.328226,0.8671,75,2.8182,0.7465,0.7017,0
389,15.56,26.9707,6.7427,intro,0.234556,tension_chords,0.366794,0.211817,0.135186,0.286203,0.8622,76,2.8055,0.7326,0.8309,0
390,15.6,27.04,6.76,intro,0.23492,tension_chords,0.344658,0.223051,0.169102,0.263189,0.8596,76,2.7884,0.7089,0.9449,0
391,15.64,27.1093,6.7773,intro,0.235284,tension_chords,0.319949,0.223576,0.191796,0.264679,0.86,76,2.769,0.6782,1.0213,0
392,15.68,27.1787,6.7947,intro,0.235646,tension_chords,0.297973,0.216268,0.196331,0.289428,0.8631,76,2.7519,0.6482,1.0369,0
393,15.72,27.248,6.812,intro,0.236008,granular_texture,0.28408,0.205907,0.183004,0.327008,0.8678,76,2.7782,0.6272,0.9927,0
394,15.76,27.3173,6.8293,intro,0.23637,granular_texture,0.282987,0.196909,0.157842,0.362262,0.8722,75,2.8098,0.6227,0.9088,0
395,15.8,27.3867,6.8467,intro,0.23673,granular_texture,0.297995,0.191324,0.127102,0.383579,0.8749,75,2.8295,0.6395,0.8062,0
396,15.84,27.456,6.864,intro,0.237089,granular_texture,0.330244,0.188119,0.095535,0.386102,0.8754,75,2.8332,0.6786,0.7008,0
397,15.88,27.5253,6.8813,intro,0.237448,tension_chords,0.375829,0.183104,0.067794,0.373273,0.874,75,2.8261,0.7339,0.6083,0
398,15.92,27.5947,6.8987,intro,0.237806,tension_chords,0.421254,0.170447,0.048993,0.359306,0.8725,74,2.8663,0.7862,0.5457,0
399,15.96,27.664,6.916,intro,0.238163,tension_chords,0.449288,0.148571,0.041273,0.360868,0.8729,73,2.8917,0.8136,0.5202,0
400,16.0,27.7333,6.9333,intro,0.238519,tension_chords,0.458471,0.123837,0.040874,0.376819,0.8749,73,2.9011,0.8164,0.5193,0
401,16.04,27.8027,6.9507,intro,0.238874,tension_chords,0.449171,0.100979,0.041467,0.408383,0.8789,72,2.8948,0.7968,0.5217,0
402,16.08,27.872,6.968,intro,0.239228,granular_texture,0.410094,0.081717,0.041257,0.466931,0.8861,71,2.9115,0.7412,0.5214,0
403,16.12,27.9413,6.9853,intro,0.239581,granular_texture,0.358677,0.070712,0.048319,0.522292,0.8929,70,2.9601,0.6731,0.5454,0
404,16.16,28.0107,7.0027,intro,0.239934,granular_texture,0.307122,0.065348,0.069187,0.558343,0.8974,70,2.9923,0.6068,0.6157,0
405,16.2,28.08,7.02,intro,0.240285,granular_texture,0.266201,0.063042,0.108453,0.562304,0.898,70,2.9972,0.5548,0.7476,0
406,16.24,28.1493,7.0373,intro,0.240636,granular_texture,0.239755,0.065574,0.166845,0.527825,0.894,70,2.9695,0.5226,0.9436,0
407,16.28,28.2187,7.0547,intro,0.240985,granular_texture,0.22513,0.075616,0.235366,0.463888,0.8865,71,2.9167,0.5079,1.1736,0
408,16.32,28.288,7.072,intro,0.241334,granular_texture,0.216852,0.095145,0.29292,0.395082,0.8784,72,2.8598,0.5044,1.3668,0
409,16.36,28.3573,7.0893,intro,0.241681,granular_texture,0.210156,0.124376,0.314777,0.350691,0.8733,73,2.8236,0.5062,1.4404,0
410,16.4,28.4267,7.1067,intro,0.242028,granular_texture,0.204722,0.162295,0.29258,0.340404,0.8722,75,2.8164,0.5127,1.3664,0
411,16.44,28.496,7.124,intro,0.242374,granular_texture,0.203186,0.208266,0.239079,0.349469,0.8734,77,2.8256,0.5269,1.1875,0
412,16.48,28.5653,7.1413,intro,0.242719,granular_texture,0.196533,0.247953,0.165588,0.389926,0.8784,78,2.8615,0.5324,0.9417,0
413,16.52,28.6347,7.1587,intro,0.243062,granular_texture,0.180629,0.266347,0.097716,0.455308,0.8864,79,2.9186,0.519,0.7147,0
414,16.56,28.704,7.176,intro,0.243405,granular_texture,0.169755,0.276969,0.056464,0.496812,0.8916,80,2.9554,0.5091,0.5769,0
415,16.6,28.7733,7.1933,intro,0.243747,granular_texture,0.167296,0.284565,0.03659,0.511549,0.8935,80,2.9695,0.5087,0.5107,0
416,16.64,28.8427,7.2107,intro,0.244088,granular_texture,0.174118,0.290913,0.030869,0.504099,0.8928,80,2.9647,0.5195,0.4919,0
417,16.68,28.912,7.228,intro,0.244427,granular_texture,0.193448,0.300705,0.032173,0.473675,0.8893,81,2.9403,0.5471,0.4966,0
418,16.72,28.9813,7.2453,intro,0.244766,granular_texture,0.224729,0.311259,0.03545,0.428562,0.884,81,2.9035,0.5899,0.508,0
419,16.76,29.0507,7.2627,intro,0.245103,granular_texture,0.260312,0.310589,0.042384,0.386715,0.8792,81,2.8694,0.6341,0.5316,0
420,16.8,29.12,7.28,intro,0.24544,granular_texture,0.289277,0.284223,0.060902,0.365598,0.8768,80,2.853,0.6611,0.594,0
421,16.84,29.1893,7.2973,intro,0.245775,granular_texture,0.309764,0.231331,0.099236,0.359669,0.8762,78,2.8494,0.6682,0.7228,0
422,16.88,29.2587,7.3147,intro,0.24611,granular_texture,0.319384,0.164856,0.153634,0.362126,0.8767,75,2.853,0.6569,0.9054,0
423,16.92,29.328,7.332,intro,0.246443,granular_texture,0.305754,0.104638,0.198799,0.390809,0.8803,73,2.8789,0.6188,1.0571,0
424,16.96,29.3973,7.3493,intro,0.246775,granular_texture,0.279186,0.067102,0.215899,0.437813,0.8861,71,2.9203,0.5725,1.1147,0
425,17.0,29.4667,7.3667,intro,0.247106,granular_texture,0.271802,0.05161,0.219839,0.456749,0.8885,71,2.9379,0.5578,1.1283,0
426,17.04,29.536,7.384,intro,0.247436,granular_texture,0.289285,0.048238,0.216007,0.44647,0.8874,71,2.9306,0.5785,1.1158,0
427,17.08,29.6053,7.4013,intro,0.247765,granular_texture,0.324613,0.050283,0.199057,0.426046,0.8851,71,2.9147,0.6234,1.0594,0
428,17.12,29.6747,7.4187,intro,0.248093,granular_texture,0.378844,0.055196,0.17264,0.39332,0.8813,71,2.8883,0.6929,0.9712,0
429,17.16,29.744,7.436,intro,0.24842,tension_chords,0.445821,0.062969,0.136536,0.354674,0.8768,71,2.9344,0.7793,0.8507,0
430,17.2,29.8133,7.4533,intro,0.248745,tension_chords,0.506902,0.074812,0.089535,0.32875,0.8739,72,2.9878,0.8598,0.6936,0
431,17.24,29.8827,7.4707,intro,0.249069,tension_chords,0.538356,0.091292,0.050993,0.319358,0.8729,73,3.016,0.9049,0.5648,0
432,17.28,29.952,7.488,intro,0.249393,tension_chords,0.537147,0.113265,0.035596,0.313992,0.8724,74,3.0164,0.9111,0.5136,0
433,17.32,30.0213,7.5053,intro,0.249715,tension_chords,0.501799,0.137903,0.03148,0.328818,0.8743,75,2.9878,0.8755,0.5001,0
434,17.36,30.0907,7.5227,intro,0.250035,tension_chords,0.438156,0.1596,0.02857,0.373673,0.8799,76,2.9351,0.8036,0.4907,0
435,17.4,30.16,7.54,intro,0.250355,granular_texture,0.364069,0.17451,0.026267,0.435154,0.8874,76,2.934,0.7162,0.4834,0
436,17.44,30.2293,7.5573,intro,0.250673,granular_texture,0.313415,0.19307,0.030399,0.463116,0.8909,77,2.9591,0.6593,0.4976,0
437,17.48,30.2987,7.5747,intro,0.250991,granular_texture,0.29367,0.226014,0.048431,0.431885,0.8873,79,2.934,0.6462,0.5583,0
438,17.52,30.368,7.592,intro,0.251307,granular_texture,0.280075,0.263186,0.083647,0.373092,0.8804,80,2.8854,0.6422,0.6767,0
439,17.56,30.4373,7.6093,intro,0.251621,granular_texture,0.264177,0.294761,0.131967,0.309095,0.8728,82,2.8324,0.6334,0.8389,0
440,17.6,30.5067,7.6267,intro,0.251935,glassy_arps,0.247939,0.308148,0.182873,0.26104,0.8672,82,2.833,0.6178,1.0098,0
441,17.64,30.576,7.644,intro,0.252247,glassy_arps,0.235322,0.292192,0.226196,0.24629,0.8656,82,2.8209,0.5964,1.1552,0
442,17.68,30.6453,7.6613,intro,0.252558,broken_beat,0.229294,0.253495,0.258815,0.258395,0.8672,80,2.7939,0.5753,1.2648,0
443,17.72,30.7147,7.6787,intro,0.252868,granular_texture,0.22593,0.206674,0.27626,0.291136,0.8713,78,2.8227,0.5547,1.3236,0
444,17.76,30.784,7.696,intro,0.253176,granular_texture,0.219934,0.162485,0.257415,0.360165,0.8797,76,2.8828,0.5318,1.2608,0
445,17.8,30.8533,7.7133,intro,0.253484,granular_texture,0.214045,0.127406,0.188987,0.469562,0.8929,75,2.9771,0.5121,1.0319,0
446,17.84,30.9227,7.7307,intro,0.253789,granular_texture,0.203368,0.098303,0.106473,0.591856,0.9078,74,3.0824,0.4886,0.7559,0
447,17.88,30.992,7.748,intro,0.254094,granular_texture,0.194661,0.07892,0.057866,0.668552,0.9171,73,3.149,0.4709,0.5934,0
448,17.92,31.0613,7.7653,intro,0.254397,granular_texture,0.211576,0.076678,0.043473,0.668273,0.9172,73,3.1501,0.4913,0.5455,0
449,17.96,31.1307,7.7827,intro,0.254699,granular_texture,0.246743,0.085793,0.045523,0.621941,0.9118,73,3.1121,0.5385,0.5527,0
450,18.0,31.2,7.8,intro,0.255,granular_texture,0.280822,0.097544,0.051844,0.569791,0.9057,74,3.0691,0.5852,0.5742,0
451,18.04,31.2693,7.8173,intro,0.255299,granular_texture,0.303045,0.105678,0.056449,0.534828,0.9016,74,3.0407,0.6158,0.5899,0
452,18.08,31.3387,7.8347,intro,0.255597,granular_texture,0.306196,0.109886,0.063464,0.520454,0.9,74,3.0298,0.6212,0.6138,0
453,18.12,31.408,7.852,intro,0.255894,granular_texture,0.295245,0.116061,0.085801,0.502893,0.8981,75,3.0162,0.6097,0.6889,0
454,18.16,31.4773,7.8693,intro,0.256189,granular_texture,0.264299,0.122359,0.124279,0.489064,0.8965,75,3.0057,0.5732,0.8181,0
455,18.2,31.5467,7.8867,intro,0.256483,granular_texture,0.224256,0.128036,0.164599,0.483108,0.896,75,3.002,0.5251,0.9535,0
456,18.24,31.616,7.904,intro,0.256776,granular_texture,0.192348,0.136908,0.197199,0.473545,0.8949,76,2.9952,0.4884,1.0631,0
457,18.28,31.6853,7.9213,intro,0.257067,granular_texture,0.172523,0.151678,0.222475,0.453324,0.8926,76,2.9793,0.4687,1.1481,0
458,18.32,31.7547,7.9387,intro,0.257357,granular_texture,0.164882,0.17503,0.241096,0.418992,0.8887,77,2.9514,0.4674,1.2108,0
459,18.36,31.824,7.956,intro,0.257645,granular_texture,0.179229,0.217241,0.24552,0.35801,0.8815,79,2.9008,0.5001,1.2259,0
460,18.4,31.8933,7.9733,intro,0.257932,granular_texture,0.218706,0.273499,0.214712,0.293083,0.8738,82,2.8469,0.5691,1.123,0
461,18.44,31.9627,7.9907,intro,0.258217,glassy_arps,0.270614,0.311815,0.156728,0.260844,0.8701,83,2.8641,0.6474,0.9291,0
462,18.48,32.032,8.008,intro,0.258501,tension_chords,0.320804,0.316898,0.102421,0.259878,0.8701,84,2.873,0.7119,0.7475,0
463,18.52,32.1013,8.0253,intro,0.258784,tension_chords,0.361323,0.30103,0.063247,0.2744,0.872,83,2.9087,0.757,0.6165,0
464,18.56,32.1707,8.0427,intro,0.259065,tension_chords,0.386174,0.27283,0.040752,0.300244,0.8752,82,2.9311,0.7782,0.5415,0
465,18.6,32.24,8.06,intro,0.259345,tension_chords,0.388347,0.230712,0.031602,0.349338,0.8812,80,2.9342,0.7662,0.5111,0
466,18.64,32.3093,8.0773,intro,0.259623,granular_texture,0.3772,0.183162,0.029016,0.410621,0.8887,78,2.9544,0.7356,0.5028,0
467,18.68,32.3787,8.0947,intro,0.2599,granular_texture,0.368716,0.14114,0.028057,0.462088,0.895,76,2.9993,0.7103,0.4999,0
468,18.72,32.448,8.112,intro,0.260175,granular_texture,0.371177,0.108936,0.029157,0.49073,0.8986,75,3.0249,0.7021,0.5039,0
469,18.76,32.5173,8.1293,intro,0.260449,granular_texture,0.382756,0.085927,0.037823,0.493494,0.899,74,3.0285,0.7085,0.5332,0
470,18.8,32.5867,8.1467,intro,0.260721,granular_texture,0.407752,0.072792,0.064576,0.454879,0.8945,74,2.9969,0.7352,0.6231,0
471,18.84,32.656,8.164,intro,0.260992,tension_chords,0.436448,0.067192,0.121392,0.374969,0.8851,73,2.9824,0.7691,0.8138,0
472,18.88,32.7253,8.1813,intro,0.261262,tension_chords,0.424289,0.061894,0.203842,0.309975,0.8774,73,2.9733,0.752,1.0903,0
473,18.92,32.7947,8.1987,intro,0.261529,tension_chords,0.382164,0.056377,0.285013,0.276446,0.8735,73,2.9386,0.6974,1.3625,0
474,18.96,32.864,8.216,intro,0.261796,tension_chords,0.352468,0.053886,0.324831,0.268815,0.8727,73,2.9146,0.6594,1.4962,0
475,19.0,32.9333,8.2333,intro,0.26206,tension_chords,0.338147,0.055709,0.303685,0.302459,0.8768,73,2.9036,0.6422,1.4256,0
476,19.04,33.0027,8.2507,intro,0.262323,granular_texture,0.321322,0.062431,0.247304,0.368944,0.8849,73,2.9309,0.6235,1.237,0
477,19.08,33.072,8.268,intro,0.262585,granular_texture,0.299446,0.077704,0.183991,0.438859,0.8935,74,2.9915,0.6015,1.0252,0
478,19.12,33.1413,8.2853,intro,0.262845,granular_texture,0.280851,0.107823,0.12573,0.485596,0.8992,75,3.0324,0.5888,0.8303,0
479,19.16,33.2107,8.3027,intro,0.263103,granular_texture,0.269392,0.155129,0.07976,0.49572,0.9005,77,3.0422,0.591,0.6766,0
480,19.2,33.28,8.32,intro,0.26336,granular_texture,0.263828,0.211614,0.050489,0.47407,0.898,80,3.0249,0.6038,0.5788,0
481,19.24,33.3493,8.3373,intro,0.263615,granular_texture,0.263304,0.267642,0.037973,0.431081,0.893,82,2.9895,0.6228,0.5372,0
482,19.28,33.4187,8.3547,intro,0.263869,granular_texture,0.265146,0.320944,0.036775,0.377135,0.8866,85,2.9448,0.6438,0.5335,0
483,19.32,33.488,8.372,intro,0.264121,glassy_arps,0.25529,0.355888,0.037811,0.351011,0.8836,86,2.9278,0.6437,0.5372,0
484,19.36,33.5573,8.3893,intro,0.264371,glassy_arps,0.239429,0.371933,0.038252,0.350385,0.8837,87,2.9426,0.6295,0.539,0
485,19.4,33.6267,8.4067,intro,0.26462,glassy_arps,0.222443,0.367927,0.042841,0.366789,0.8857,87,2.9403,0.6068,0.5546,0
486,19.44,33.696,8.424,intro,0.264867,granular_texture,0.199458,0.332367,0.061166,0.40701,0.8907,85,2.9746,0.5657,0.6163,0
487,19.48,33.7653,8.4413,intro,0.265112,granular_texture,0.173644,0.274497,0.103873,0.447986,0.8957,83,3.0105,0.5131,0.7596,0
488,19.52,33.8347,8.4587,intro,0.265356,granular_texture,0.153335,0.216175,0.164701,0.465789,0.898,80,3.0268,0.4673,0.9636,0
489,19.56,33.904,8.476,intro,0.265598,granular_texture,0.146041,0.17295,0.217253,0.463756,0.8978,79,3.0261,0.4431,1.14,0
490,19.6,33.9733,8.4933,intro,0.265839,granular_texture,0.152511,0.144193,0.255511,0.447785,0.896,77,3.0136,0.4411,1.2684,0
491,19.64,34.0427,8.5107,intro,0.266077,granular_texture,0.170293,0.123058,0.28775,0.418899,0.8927,77,2.9901,0.4559,1.3766,0
492,19.68,34.112,8.528,intro,0.266314,granular_texture,0.197996,0.106804,0.304427,0.390772,0.8894,76,2.9673,0.4849,1.4328,0
493,19.72,34.1813,8.5453,intro,0.26655,granular_texture,0.234506,0.096045,0.288719,0.38073,0.8883,75,2.9598,0.5267,1.3804,0
494,19.76,34.2507,8.5627,intro,0.266783,granular_texture,0.272715,0.090165,0.233802,0.403319,0.8911,75,2.98,0.5725,1.1967,0
495,19.8,34.32,8.58,intro,0.267015,granular_texture,0.30923,0.089161,0.161341,0.440267,0.8957,75,3.0124,0.6177,0.9542,0
496,19.84,34.3893,8.5973,intro,0.267245,granular_texture,0.327016,0.086629,0.095018,0.491337,0.9019,75,3.0569,0.6391,0.7323,0
497,19.88,34.4587,8.6147,intro,0.267474,granular_texture,0.320608,0.079024,0.054681,0.545687,0.9085,75,3.1041,0.6284,0.5974,0
498,19.92,34.528,8.632,intro,0.2677,granular_texture,0.307347,0.072935,0.03868,0.581038,0.9129,75,3.1351,0.6097,0.544,0
499,19.96,34.5973,8.6493,intro,0.267925,granular_texture,0.304554,0.076305,0.034155,0.584986,0.9134,75,3.1395,0.6074,0.5291,0
500,20.0,34.6667,8.6667,intro,0.268148,granular_texture,0.319244,0.091681,0.033241,0.555835,0.91,76,3.1157,0.6311,0.5263,0
501,20.04,34.736,8.684,intro,0.268369,granular_texture,0.349176,0.118726,0.036,0.496098,0.903,77,3.0659,0.678,0.5358,0
502,20.08,34.8053,8.7013,intro,0.268589,granular_texture,0.379498,0.154055,0.051351,0.415095,0.8934,78,2.9981,0.7283,0.5875,0
503,20.12,34.8747,8.7187,intro,0.268807,tension_chords,0.388703,0.187693,0.086693,0.336911,0.8841,80,2.9766,0.7516,0.7061,0
504,20.16,34.944,8.736,intro,0.269023,tension_chords,0.375066,0.211439,0.128008,0.285487,0.878,81,2.966,0.7428,0.8448,0
505,20.2,35.0133,8.7533,intro,0.269237,tension_chords,0.352813,0.225176,0.164125,0.257886,0.8748,81,2.948,0.7198,0.966,0
506,20.24,35.0827,8.7707,intro,0.269449,tension_chords,0.328061,0.228483,0.191108,0.252348,0.8742,81,2.9279,0.69,1.0566,0
507,20.28,35.152,8.788,intro,0.26966,tension_chords,0.304159,0.222333,0.200978,0.27253,0.8767,81,2.9085,0.658,1.0899,0
508,20.32,35.2213,8.8053,intro,0.269868,granular_texture,0.287015,0.211663,0.191835,0.309487,0.8813,81,2.914,0.6329,1.0595,0
509,20.36,35.2907,8.8227,intro,0.270075,granular_texture,0.281418,0.201218,0.1686,0.348764,0.8861,80,2.9483,0.6222,0.9819,0
510,20.4,35.36,8.84,intro,0.27028,granular_texture,0.291294,0.194019,0.138089,0.376598,0.8895,80,2.9729,0.632,0.8799,0
511,20.44,35.4293,8.8573,intro,0.270483,granular_texture,0.318778,0.190034,0.105535,0.385653,0.8907,80,2.9815,0.665,0.7711,0
512,20.48,35.4987,8.8747,intro,0.270684,granular_texture,0.3623,0.185985,0.075469,0.376246,0.8897,80,2.9744,0.718,0.6706,0
513,20.52,35.568,8.892,intro,0.270884,tension_chords,0.411486,0.175939,0.053076,0.359499,0.8877,79,3.0052,0.7759,0.5958,0
514,20.56,35.6373,8.9093,intro,0.271081,tension_chords,0.447535,0.15598,0.042049,0.354436,0.8872,79,3.0367,0.814,0.5591,0
515,20.6,35.7067,8.9267,intro,0.271276,tension_chords,0.461493,0.130474,0.040163,0.36787,0.8889,78,3.0494,0.8225,0.5529,0
516,20.64,35.776,8.944,intro,0.27147,tension_chords,0.459433,0.106839,0.041217,0.392511,0.892,77,3.0486,0.8117,0.5567,0
517,20.68,35.8453,8.9613,intro,0.271662,granular_texture,0.425815,0.085628,0.040685,0.447872,0.8987,76,3.0396,0.7622,0.5551,0
518,20.72,35.9147,8.9787,intro,0.271852,granular_texture,0.373408,0.07202,0.045119,0.509453,0.9062,75,3.0928,0.692,0.5702,0
519,20.76,35.984,8.996,intro,0.272039,granular_texture,0.318826,0.06536,0.062517,0.553296,0.9115,75,3.1309,0.6214,0.6287,0
520,20.8,36.0533,9.0133,intro,0.272225,granular_texture,0.272578,0.061997,0.097393,0.568031,0.9134,75,3.1442,0.5624,0.7457,0
521,20.84,36.1227,9.0307,intro,0.272409,granular_texture,0.241001,0.062898,0.152276,0.543825,0.9106,75,3.1245,0.5233,0.9298,0
522,20.88,36.192,9.048,intro,0.272591,granular_texture,0.222899,0.070964,0.221506,0.484632,0.9035,75,3.075,0.5035,1.1619,0
523,20.92,36.2613,9.0653,intro,0.272771,granular_texture,0.213302,0.088604,0.286984,0.41111,0.8948,76,3.0133,0.4976,1.3814,0
524,20.96,36.3307,9.0827,intro,0.272949,granular_texture,0.2067,0.11665,0.322313,0.354337,0.8881,77,2.9658,0.4992,1.5,0
525,21.0,36.4,9.1,intro,0.273125,granular_texture,0.20098,0.153956,0.311661,0.333403,0.8856,79,2.9488,0.5051,1.4645,0
526,21.04,36.4693,9.1173,intro,0.273299,granular_texture,0.19884,0.200033,0.263837,0.337289,0.8862,81,2.9529,0.5186,1.3045,0
527,21.08,36.5387,9.1347,intro,0.273471,granular_texture,0.19567,0.246045,0.192063,0.366222,0.8897,83,2.9782,0.5307,1.0642,0
528,21.12,36.608,9.152,intro,0.273641,granular_texture,0.181448,0.270439,0.116262,0.431852,0.8977,84,3.0348,0.5215,0.8105,0
529,21.16,36.6773,9.1693,intro,0.273809,granular_texture,0.167666,0.280328,0.065317,0.486689,0.9044,84,3.0821,0.5077,0.64,0
530,21.2,36.7467,9.1867,intro,0.273975,granular_texture,0.163256,0.288159,0.03979,0.508795,0.9071,85,3.1017,0.5049,0.5547,0
531,21.24,36.816,9.204,intro,0.274139,granular_texture,0.167549,0.29352,0.030609,0.508322,0.9071,85,3.102,0.5122,0.5241,0
532,21.28,36.8853,9.2213,intro,0.2743,granular_texture,0.183708,0.301405,0.030625,0.484262,0.9043,85,3.0823,0.5351,0.5243,0
533,21.32,36.9547,9.2387,intro,0.27446,granular_texture,0.213183,0.312069,0.033509,0.441239,0.8992,86,3.0464,0.5757,0.5342,0
534,21.36,37.024,9.256,intro,0.274618,granular_texture,0.250718,0.315816,0.03903,0.394435,0.8937,86,3.0073,0.6239,0.5528,0
535,21.4,37.0933,9.2733,intro,0.274774,granular_texture,0.284488,0.297124,0.053916,0.364472,0.8901,85,2.9825,0.6596,0.6029,0
536,21.44,37.1627,9.2907,intro,0.274927,granular_texture,0.307899,0.249666,0.087385,0.35505,0.8891,83,2.9752,0.6723,0.7152,0
537,21.48,37.232,9.308,intro,0.275078,granular_texture,0.322438,0.18459,0.140767,0.352206,0.8888,80,2.9735,0.6677,0.8942,0
538,21.52,37.3013,9.3253,intro,0.275228,granular_texture,0.315929,0.119322,0.193336,0.371413,0.8912,78,2.9905,0.6367,1.0704,0
539,21.56,37.3707,9.3427,intro,0.275375,granular_texture,0.289057,0.073956,0.218368,0.418618,0.8969,76,3.0312,0.5872,1.1544,0
540,21.6,37.44,9.36,intro,0.27552,granular_texture,0.271737,0.052668,0.222535,0.45306,0.9011,75,3.0612,0.5581,1.1686,0
541,21.64,37.5093,9.3773,intro,0.275663,granular_texture,0.282512,0.046797,0.220961,0.44973,0.9008,75,3.059,0.5695,1.1634,0
542,21.68,37.5787,9.3947,intro,0.275804,granular_texture,0.313328,0.047775,0.207281,0.431616,0.8987,75,3.0442,0.6084,1.1178,0
543,21.72,37.648,9.412,intro,0.275942,granular_texture,0.363142,0.052042,0.182348,0.402468,0.8952,75,3.02,0.6721,1.0344,0
544,21.76,37.7173,9.4293,intro,0.276079,tension_chords,0.429362,0.059113,0.148737,0.362788,0.8905,75,3.0435,0.7574,0.922,0
545,21.8,37.7867,9.4467,intro,0.276213,tension_chords,0.496282,0.070251,0.103927,0.329539,0.8866,76,3.101,0.8449,0.772,0
546,21.84,37.856,9.464,intro,0.276345,tension_chords,0.538792,0.086275,0.059787,0.315146,0.8849,77,3.1377,0.9037,0.6243,0
547,21.88,37.9253,9.4813,intro,0.276475,tension_chords,0.546572,0.107748,0.037618,0.308063,0.8841,77,3.1449,0.9209,0.5501,0
548,21.92,37.9947,9.4987,intro,0.276603,tension_chords,0.520663,0.133228,0.031631,0.314478,0.885,79,3.1234,0.8975,0.5302,0
549,21.96,38.064,9.516,intro,0.276729,tension_chords,0.462998,0.157236,0.028822,0.350943,0.8894,80,3.075,0.8338,0.521,0
550,22.0,38.1333,9.5333,intro,0.276852,granular_texture,0.387655,0.17436,0.02605,0.411935,0.8968,80,3.0321,0.7456,0.5118,0
551,22.04,38.2027,9.5507,intro,0.276973,granular_texture,0.323905,0.189062,0.02755,0.459483,0.9025,81,3.0731,0.6711,0.517,0
552,22.08,38.272,9.568,intro,0.277092,granular_texture,0.295242,0.217216,0.041134,0.446408,0.901,82,3.0625,0.6451,0.5626,0
553,22.12,38.3413,9.5853,intro,0.277208,granular_texture,0.281668,0.254504,0.072253,0.391575,0.8945,84,3.0164,0.6412,0.667,0
554,22.16,38.4107,9.6027,intro,0.277323,granular_texture,0.26642,0.288778,0.118966,0.325836,0.8867,85,2.961,0.6341,0.8236,0
555,22.2,38.48,9.62,intro,0.277435,glassy_arps,0.249685,0.309633,0.171759,0.268923,0.8799,86,2.9478,0.6205,1.0006,0
556,22.24,38.5493,9.6373,intro,0.277545,glassy_arps,0.235212,0.303535,0.21888,0.242373,0.8768,86,2.9431,0.6003,1.1585,0
557,22.28,38.6187,9.6547,intro,0.277652,glassy_arps,0.226947,0.270194,0.254638,0.248221,0.8775,84,2.9152,0.5783,1.2785,0
558,22.32,38.688,9.672,intro,0.277758,broken_beat,0.224201,0.224118,0.277815,0.273866,0.8806,83,2.9222,0.5587,1.3562,0
559,22.36,38.7573,9.6893,intro,0.277861,granular_texture,0.219126,0.176477,0.272396,0.332,0.8877,81,2.9687,0.5357,1.3382,0
560,22.4,38.8267,9.7067,intro,0.277961,granular_texture,0.212976,0.137157,0.217922,0.431944,0.8997,79,3.0541,0.5142,1.1558,0
561,22.44,38.896,9.724,intro,0.27806,granular_texture,0.204556,0.105848,0.131962,0.557634,0.9148,78,3.1614,0.4927,0.8679,0
562,22.48,38.9653,9.7413,intro,0.278156,granular_texture,0.19221,0.081928,0.068518,0.657345,0.9268,77,3.2465,0.4689,0.6555,0
563,22.52,39.0347,9.7587,intro,0.27825,granular_texture,0.198915,0.074008,0.044668,0.682409,0.9299,76,3.2683,0.4745,0.5757,0
564,22.56,39.104,9.776,intro,0.278341,granular_texture,0.231397,0.081009,0.043311,0.644283,0.9254,77,3.2363,0.5176,0.5713,0
565,22.6,39.1733,9.7933,intro,0.27843,granular_texture,0.268817,0.093327,0.049581,0.588275,0.9187,77,3.189,0.5687,0.5924,0
566,22.64,39.2427,9.8107,intro,0.278517,granular_texture,0.29742,0.103556,0.055107,0.543917,0.9134,78,3.1517,0.608,0.611,0
567,22.68,39.312,9.828,intro,0.278601,granular_texture,0.306941,0.108909,0.060587,0.523563,0.911,78,3.1348,0.6218,0.6294,0
568,22.72,39.3813,9.8453,intro,0.278683,granular_texture,0.300309,0.114867,0.078197,0.506628,0.909,78,3.1208,0.6156,0.6885,0
569,22.76,39.4507,9.8627,intro,0.278763,granular_texture,0.275001,0.122279,0.11445,0.488269,0.9068,78,3.1055,0.5865,0.81,0
570,22.8,39.52,9.88,intro,0.27884,granular_texture,0.234976,0.128258,0.156637,0.480128,0.9059,79,3.0989,0.5386,0.9515,0
571,22.84,39.5893,9.8973,intro,0.278915,granular_texture,0.199482,0.135838,0.191562,0.473117,0.9051,79,3.0933,0.4969,1.0685,0
572,22.88,39.6587,9.9147,intro,0.278987,granular_texture,0.17674,0.148791,0.217841,0.456628,0.9031,80,3.0796,0.473,1.1567,0
573,22.92,39.728,9.932,intro,0.279057,granular_texture,0.165408,0.168791,0.237533,0.428269,0.8998,80,3.0558,0.4658,1.2227,0
574,22.96,39.7973,9.9493,intro,0.279125,granular_texture,0.171625,0.203614,0.24757,0.377191,0.8937,82,3.0127,0.4858,1.2564,0
575,23.0,39.8667,9.9667,intro,0.27919,granular_texture,0.204186,0.258474,0.229861,0.307479,0.8853,84,2.9538,0.5457,1.1971,0
576,23.04,39.936,9.984,intro,0.279252,glassy_arps,0.254937,0.307021,0.176316,0.261726,0.8799,86,2.9536,0.6261,1.0178,0
577,23.08,40.0053,10.0013,intro,0.279313,glassy_arps,0.308549,0.322557,0.117507,0.251386,0.8787,87,2.9671,0.6986,0.8209,0
578,23.12,40.0747,10.0187,intro,0.27937,tension_chords,0.353893,0.310229,0.072651,0.263228,0.8801,86,2.994,0.7509,0.6707,0
579,23.16,40.144,10.036,intro,0.279426,tension_chords,0.386083,0.284742,0.04519,0.283986,0.8826,85,3.0216,0.7823,0.5788,0
580,23.2,40.2133,10.0533,intro,0.279479,tension_chords,0.395343,0.245205,0.032716,0.326736,0.8878,84,3.0297,0.78,0.537,0
581,23.24,40.2827,10.0707,intro,0.279529,granular_texture,0.385941,0.19699,0.028974,0.388095,0.8952,82,3.0238,0.7514,0.5245,0
582,23.28,40.352,10.088,intro,0.279577,granular_texture,0.374237,0.151777,0.027758,0.446228,0.9022,80,3.0734,0.7209,0.5205,0
583,23.32,40.4213,10.1053,intro,0.279622,granular_texture,0.37251,0.116237,0.027934,0.483319,0.9066,78,3.1051,0.7063,0.5212,0
584,23.36,40.4907,10.1227,intro,0.279665,granular_texture,0.381352,0.090496,0.033708,0.494444,0.908,77,3.1148,0.7084,0.5406,0
585,23.4,40.56,10.14,intro,0.279705,granular_texture,0.400249,0.074184,0.05411,0.471457,0.9052,77,3.0954,0.7263,0.6089,0
586,23.44,40.6293,10.1573,intro,0.279743,tension_chords,0.431262,0.067135,0.101932,0.399671,0.8966,76,3.0614,0.7626,0.7692,0
587,23.48,40.6987,10.1747,intro,0.279778,tension_chords,0.434581,0.062623,0.179556,0.323241,0.8875,76,3.0644,0.7651,1.0293,0
588,23.52,40.768,10.192,intro,0.279811,tension_chords,0.396143,0.057093,0.266415,0.280349,0.8824,76,3.0319,0.7152,1.3203,0
589,23.56,40.8373,10.2093,intro,0.279841,tension_chords,0.358359,0.053377,0.325134,0.26313,0.8803,76,2.9999,0.6666,1.517,0
590,23.6,40.9067,10.2267,intro,0.279868,tension_chords,0.340192,0.053954,0.322812,0.283042,0.8827,76,2.9846,0.6441,1.5093,0
591,23.64,40.976,10.244,intro,0.279893,granular_texture,0.325572,0.059506,0.271546,0.343375,0.89,76,2.9874,0.6278,1.3376,0
592,23.68,41.0453,10.2613,intro,0.279915,granular_texture,0.304331,0.072295,0.205875,0.417499,0.8989,76,3.0505,0.6057,1.1176,0
593,23.72,41.1147,10.2787,intro,0.279935,granular_texture,0.283418,0.098242,0.143372,0.474968,0.9058,78,3.0994,0.5887,0.9082,0
594,23.76,41.184,10.296,intro,0.279952,granular_texture,0.268992,0.142073,0.092015,0.49692,0.9084,79,3.1182,0.586,0.7362,0
595,23.8,41.2533,10.3133,intro,0.279967,granular_texture,0.261316,0.199174,0.057047,0.482462,0.9067,82,3.1059,0.5964,0.6191,0
596,23.84,41.3227,10.3307,intro,0.279979,granular_texture,0.258567,0.257427,0.039653,0.444353,0.9021,84,3.0736,0.6133,0.5608,0
597,23.88,41.392,10.348,intro,0.279988,granular_texture,0.260545,0.313117,0.035972,0.390366,0.8956,87,3.0278,0.6353,0.5485,0
598,23.92,41.4613,10.3653,intro,0.279995,glassy_arps,0.255555,0.355483,0.037221,0.351741,0.891,88,2.9981,0.6439,0.5527,0
599,23.96,41.5307,10.3827,intro,0.279999,glassy_arps,0.240516,0.375401,0.037644,0.346439,0.8904,89,3.0151,0.632,0.5541,0
600,24.0,41.6,10.4,pulse_entry,0.28,glassy_arps,0.247076,0.466023,0.11713,0.169771,0.8692,93,3.0921,0.672,0.8204,0
601,24.04,41.6693,10.4173,pulse_entry,0.280001,glassy_arps,0.225435,0.434413,0.126864,0.213288,0.8744,92,3.0653,0.6338,0.853,0
602,24.08,41.7387,10.4347,pulse_entry,0.280005,glassy_arps,0.198154,0.371391,0.155386,0.275068,0.8818,89,3.0117,0.5777,0.9485,0
603,24.12,41.808,10.452,pulse_entry,0.280011,granular_texture,0.173243,0.300606,0.207235,0.318915,0.8871,86,2.9671,0.5218,1.1222,0
604,24.16,41.8773,10.4693,pulse_entry,0.28002,granular_texture,0.160251,0.246027,0.262458,0.331264,0.8886,84,2.9777,0.4864,1.3073,0
605,24.2,41.9467,10.4867,pulse_entry,0.28003,granular_texture,0.162993,0.213988,0.305542,0.317476,0.8869,82,2.966,0.4786,1.4516,0
606,24.24,42.016,10.504,pulse_entry,0.280044,broken_beat,0.179474,0.196749,0.344007,0.27977,0.8824,82,2.9886,0.4932,1.5805,0
607,24.28,42.0853,10.5213,pulse_entry,0.28006,broken_beat,0.207278,0.187879,0.374304,0.23054,0.8765,81,3.0144,0.5249,1.682,0
608,24.32,42.1547,10.5387,pulse_entry,0.280078,broken_beat,0.245331,0.186415,0.37875,0.189505,0.8716,81,3.0183,0.5719,1.6969,0
609,24.36,42.224,10.556,pulse_entry,0.280098,broken_beat,0.287637,0.189716,0.342778,0.17987,0.8704,81,2.9878,0.6259,1.5764,0
610,24.4,42.2933,10.5733,pulse_entry,0.280121,tension_chords,0.328807,0.195872,0.278672,0.19665,0.8725,82,2.976,0.6796,1.3617,0
611,24.44,42.3627,10.5907,pulse_entry,0.280147,tension_chords,0.355419,0.196386,0.20834,0.239854,0.8776,82,2.9988,0.713,1.1261,0
612,24.48,42.432,10.608,pulse_entry,0.280174,tension_chords,0.353395,0.182324,0.152042,0.312239,0.8863,81,2.9972,0.7056,0.9375,0
613,24.52,42.5013,10.6253,pulse_entry,0.280204,granular_texture,0.336509,0.16332,0.11984,0.380331,0.8945,80,3.0202,0.6778,0.8297,0
614,24.56,42.5707,10.6427,pulse_entry,0.280237,granular_texture,0.326383,0.154903,0.10532,0.413394,0.8985,80,3.0484,0.6622,0.7811,0
615,24.6,42.64,10.66,pulse_entry,0.280272,granular_texture,0.333974,0.163433,0.100265,0.402328,0.8972,80,3.0392,0.6747,0.7642,0
616,24.64,42.7093,10.6773,pulse_entry,0.280309,tension_chords,0.359877,0.188321,0.101872,0.349929,0.8909,81,3.0033,0.7158,0.7696,0
617,24.68,42.7787,10.6947,pulse_entry,0.280348,tension_chords,0.39287,0.224519,0.113965,0.268646,0.8812,83,3.0315,0.7697,0.8102,0
618,24.72,42.848,10.712,pulse_entry,0.28039,tension_chords,0.409573,0.259151,0.143616,0.187661,0.8715,84,3.0459,0.8027,0.9095,0
619,24.76,42.9173,10.7293,pulse_entry,0.280434,tension_chords,0.399793,0.280709,0.181686,0.137813,0.8655,85,3.0378,0.798,1.0371,0
620,24.8,42.9867,10.7467,pulse_entry,0.28048,tension_chords,0.37657,0.290058,0.213838,0.119535,0.8634,86,3.0182,0.7722,1.1449,0
621,24.84,43.056,10.764,pulse_entry,0.280529,tension_chords,0.35124,0.290472,0.238813,0.119475,0.8634,86,2.9969,0.7407,1.2286,0
622,24.88,43.1253,10.7813,pulse_entry,0.28058,tension_chords,0.32488,0.280738,0.249168,0.145215,0.8665,85,2.9747,0.7044,1.2633,0
623,24.92,43.1947,10.7987,pulse_entry,0.280634,tension_chords,0.304136,0.266565,0.241768,0.187531,0.8716,85,2.9573,0.6735,1.2386,0
624,24.96,43.264,10.816,pulse_entry,0.280689,tension_chords,0.293947,0.253417,0.220156,0.232481,0.877,84,2.9489,0.6561,1.1663,0
625,25.0,43.3333,10.8333,pulse_entry,0.280747,tension_chords,0.29884,0.245804,0.191846,0.26351,0.8808,84,2.9533,0.6596,1.0715,0
626,25.04,43.4027,10.8507,pulse_entry,0.280807,tension_chords,0.321817,0.245303,0.163222,0.269658,0.8815,84,2.9731,0.6881,0.9757,0
627,25.08,43.472,10.868,pulse_entry,0.28087,tension_chords,0.363062,0.24995,0.139103,0.247885,0.8789,84,3.0085,0.7413,0.895,0
628,25.12,43.5413,10.8853,pulse_entry,0.280934,tension_chords,0.415354,0.253443,0.123615,0.207588,0.8741,84,3.0532,0.8079,0.8431,0
629,25.16,43.6107,10.9027,pulse_entry,0.281001,tension_chords,0.460435,0.247221,0.118622,0.173722,0.8701,84,3.0918,0.8621,0.8265,0
630,25.2,43.68,10.92,pulse_entry,0.281071,tension_chords,0.482434,0.229656,0.121017,0.166893,0.8693,83,3.1108,0.8834,0.8346,0
631,25.24,43.7493,10.9373,pulse_entry,0.281142,tension_chords,0.486649,0.209725,0.125761,0.177865,0.8707,82,3.1147,0.8817,0.8506,0
632,25.28,43.8187,10.9547,pulse_entry,0.281216,tension_chords,0.462442,0.187028,0.124888,0.225641,0.8764,81,3.0945,0.8435,0.8477,0
633,25.32,43.888,10.972,pulse_entry,0.281292,tension_chords,0.410168,0.16489,0.121568,0.303374,0.8858,81,3.0504,0.7704,0.8367,0
634,25.36,43.9573,10.9893,pulse_entry,0.28137,granular_texture,0.352994,0.150078,0.129293,0.367635,0.8935,80,3.0146,0.6938,0.8626,0
635,25.4,44.0267,11.0067,pulse_entry,0.28145,granular_texture,0.301637,0.140532,0.154412,0.403419,0.8979,80,3.0454,0.6262,0.9469,0
636,25.44,44.096,11.024,pulse_entry,0.281533,granular_texture,0.26473,0.137596,0.201796,0.395878,0.897,79,3.0393,0.5791,1.1057,0
637,25.48,44.1653,11.0413,pulse_entry,0.281617,granular_texture,0.243118,0.144347,0.269063,0.343472,0.8908,80,2.9951,0.5544,1.3311,0
638,25.52,44.2347,11.0587,pulse_entry,0.281704,broken_beat,0.232445,0.162226,0.340996,0.264334,0.8813,81,2.9934,0.5473,1.5722,0
639,25.56,44.304,11.076,pulse_entry,0.281793,broken_beat,0.226504,0.190718,0.390585,0.192193,0.8727,82,3.036,0.5499,1.7384,0
640,25.6,44.3733,11.0933,pulse_entry,0.281885,broken_beat,0.221292,0.227652,0.394993,0.156063,0.8684,83,3.0401,0.5563,1.7533,0
641,25.64,44.4427,11.1107,pulse_entry,0.281978,broken_beat,0.218362,0.27268,0.356487,0.152471,0.868,85,3.0078,0.5684,1.6244,0
642,25.68,44.512,11.128,pulse_entry,0.282074,glassy_arps,0.217617,0.322344,0.290798,0.169241,0.8701,87,2.9792,0.5848,1.4045,0
643,25.72,44.5813,11.1453,pulse_entry,0.282171,glassy_arps,0.206017,0.350432,0.208231,0.23532,0.878,88,3.0035,0.5802,1.128,0
644,25.76,44.6507,11.1627,pulse_entry,0.282271,glassy_arps,0.188149,0.353797,0.141215,0.31684,0.8879,89,3.0068,0.559,0.9036,0
645,25.8,44.72,11.18,pulse_entry,0.282373,granular_texture,0.180075,0.357101,0.105502,0.357322,0.8928,89,3.0103,0.5501,0.784,0
646,25.84,44.7893,11.1973,pulse_entry,0.282478,granular_texture,0.181629,0.360883,0.091219,0.366269,0.8939,89,3.0184,0.5533,0.7363,0
647,25.88,44.8587,11.2147,pulse_entry,0.282584,glassy_arps,0.19474,0.368634,0.091054,0.345573,0.8915,89,3.0208,0.5724,0.7359,0
648,25.92,44.928,11.232,pulse_entry,0.282692,glassy_arps,0.222405,0.383788,0.098486,0.295321,0.8855,90,3.0342,0.6123,0.7609,0
649,25.96,44.9973,11.2493,pulse_entry,0.282803,glassy_arps,0.261564,0.398051,0.109737,0.230648,0.8778,91,3.0468,0.6663,0.7987,0
650,26.0,45.0667,11.2667,pulse_entry,0.282915,glassy_arps,0.300456,0.392742,0.126188,0.180613,0.8718,90,3.0428,0.713,0.8539,0
651,26.04,45.136,11.284,pulse_entry,0.28303,glassy_arps,0.327737,0.354317,0.154725,0.163221,0.8698,89,3.0107,0.7337,0.9497,0
652,26.08,45.2053,11.3013,pulse_entry,0.283147,tension_chords,0.345008,0.291361,0.201696,0.161936,0.8697,86,3.0033,0.7332,1.1071,0
653,26.12,45.2747,11.3187,pulse_entry,0.283266,tension_chords,0.344293,0.217922,0.252623,0.185162,0.8725,83,3.0032,0.7066,1.2779,0
654,26.16,45.344,11.336,pulse_entry,0.283387,tension_chords,0.318732,0.154496,0.277761,0.249011,0.8802,80,2.982,0.6525,1.3622,0
655,26.2,45.4133,11.3533,pulse_entry,0.28351,granular_texture,0.2909,0.116257,0.275652,0.317191,0.8885,79,2.9812,0.6043,1.3553,0
656,26.24,45.4827,11.3707,pulse_entry,0.283635,granular_texture,0.291503,0.103372,0.271815,0.33331,0.8905,78,2.9955,0.6006,1.3426,0
657,26.28,45.552,11.388,pulse_entry,0.283762,tension_chords,0.317311,0.10445,0.263331,0.314908,0.8883,78,2.9825,0.6332,1.3143,0
658,26.32,45.6213,11.4053,pulse_entry,0.283892,tension_chords,0.362454,0.112491,0.244761,0.280294,0.8842,79,3.0214,0.6924,1.2522,0
659,26.36,45.6907,11.4227,pulse_entry,0.284023,tension_chords,0.426652,0.125593,0.219399,0.228355,0.8781,79,3.0766,0.7773,1.1674,0
660,26.4,45.76,11.44,pulse_entry,0.284156,tension_chords,0.497567,0.142475,0.184125,0.175833,0.8718,80,3.1374,0.8718,1.0494,0
661,26.44,45.8293,11.4573,pulse_entry,0.284292,tension_chords,0.550673,0.160985,0.140787,0.147556,0.8685,81,3.1832,0.9447,0.9044,0
662,26.48,45.8987,11.4747,pulse_entry,0.284429,tension_chords,0.567831,0.180306,0.110401,0.141462,0.8678,82,3.1984,0.9729,0.8027,0
663,26.52,45.968,11.492,pulse_entry,0.284568,tension_chords,0.551839,0.202176,0.098158,0.147827,0.8686,83,3.1854,0.9606,0.7619,0
664,26.56,46.0373,11.5093,pulse_entry,0.28471,tension_chords,0.501528,0.222057,0.090243,0.186172,0.8733,83,3.1433,0.9046,0.7355,0
665,26.6,46.1067,11.5267,pulse_entry,0.284853,tension_chords,0.42797,0.23487,0.081148,0.256012,0.8818,84,3.0814,0.8172,0.7052,0
666,26.64,46.176,11.544,pulse_entry,0.284999,tension_chords,0.353883,0.24141,0.074679,0.330028,0.8907,84,3.019,0.7268,0.6837,0
667,26.68,46.2453,11.5613,pulse_entry,0.285146,granular_texture,0.312385,0.261121,0.081909,0.344584,0.8925,85,3.0118,0.6819,0.7081,0
668,26.72,46.3147,11.5787,pulse_entry,0.285295,glassy_arps,0.297309,0.298513,0.109513,0.294665,0.8866,87,2.9733,0.6761,0.8007,0
669,26.76,46.384,11.596,pulse_entry,0.285447,glassy_arps,0.28373,0.336214,0.154552,0.225505,0.8784,88,3.006,0.6723,0.9517,0
670,26.8,46.4533,11.6133,pulse_entry,0.2856,glassy_arps,0.267525,0.363732,0.20854,0.160203,0.8706,90,3.0301,0.6617,1.1328,0
671,26.84,46.5227,11.6307,pulse_entry,0.285755,glassy_arps,0.252053,0.368625,0.259729,0.119594,0.8658,90,3.0349,0.6441,1.3044,0
672,26.88,46.592,11.648,pulse_entry,0.285912,glassy_arps,0.242065,0.345549,0.30082,0.111566,0.8649,89,3.016,0.6235,1.4423,0
673,26.92,46.6613,11.6653,pulse_entry,0.286072,broken_beat,0.239778,0.306644,0.331727,0.12185,0.8662,87,3.005,0.607,1.546,0
674,26.96,46.7307,11.6827,pulse_entry,0.286233,broken_beat,0.237474,0.262256,0.341138,0.159133,0.8708,85,3.0137,0.5886,1.5777,0
675,27.0,46.8,11.7,pulse_entry,0.286396,broken_beat,0.232149,0.222406,0.306336,0.239109,0.8804,84,2.9848,0.568,1.4613,0
676,27.04,46.8693,11.7173,pulse_entry,0.286561,granular_texture,0.226021,0.191501,0.22772,0.354758,0.8944,82,3.0267,0.5496,1.1981,0
677,27.08,46.9387,11.7347,pulse_entry,0.286728,granular_texture,0.213647,0.16434,0.151485,0.470528,0.9084,81,3.1259,0.5246,0.9429,0
678,27.12,47.008,11.752,pulse_entry,0.286896,granular_texture,0.21128,0.152796,0.117756,0.518168,0.9142,81,3.1671,0.5176,0.8301,0
679,27.16,47.0773,11.7693,pulse_entry,0.287067,granular_texture,0.2402,0.169357,0.122833,0.46761,0.9082,82,3.1249,0.5595,0.8473,0
680,27.2,47.1467,11.7867,pulse_entry,0.28724,granular_texture,0.283504,0.199565,0.144053,0.372878,0.8969,83,3.0452,0.6242,0.9185,0
681,27.24,47.216,11.804,pulse_entry,0.287414,tension_chords,0.320834,0.226487,0.163596,0.289084,0.8869,84,3.0017,0.6803,0.9842,0
682,27.28,47.2853,11.8213,pulse_entry,0.28759,tension_chords,0.339284,0.240439,0.174577,0.2457,0.8818,85,3.0182,0.7083,1.0212,0
683,27.32,47.3547,11.8387,pulse_entry,0.287769,tension_chords,0.336457,0.243488,0.185136,0.23492,0.8806,85,3.0166,0.7058,1.0567,0
684,27.36,47.424,11.856,pulse_entry,0.287949,tension_chords,0.31526,0.240646,0.207409,0.236685,0.8809,85,2.9993,0.6783,1.1316,0
685,27.4,47.4933,11.8733,pulse_entry,0.288131,tension_chords,0.272811,0.227569,0.232812,0.266808,0.8846,84,2.9641,0.6207,1.2169,0
686,27.44,47.5627,11.8907,pulse_entry,0.288315,granular_texture,0.229248,0.214114,0.252895,0.303744,0.8891,84,2.9912,0.5615,1.2843,0
687,27.48,47.632,11.908,pulse_entry,0.2885,granular_texture,0.199082,0.210184,0.267791,0.322942,0.8915,84,3.0083,0.5224,1.3345,0
688,27.52,47.7013,11.9253,pulse_entry,0.288688,granular_texture,0.182147,0.217452,0.279635,0.320766,0.8913,84,3.0073,0.5038,1.3743,0
689,27.56,47.7707,11.9427,pulse_entry,0.288877,granular_texture,0.180027,0.240014,0.28798,0.291979,0.8879,85,2.9837,0.509,1.4025,0
690,27.6,47.84,11.96,pulse_entry,0.289068,glassy_arps,0.203979,0.289779,0.282626,0.223615,0.8798,87,2.9827,0.5564,1.3848,0
691,27.64,47.9093,11.9773,pulse_entry,0.289261,glassy_arps,0.252222,0.350116,0.243252,0.154411,0.8716,90,3.0348,0.6378,1.2531,0
692,27.68,47.9787,11.9947,pulse_entry,0.289456,glassy_arps,0.308836,0.383578,0.187193,0.120393,0.8676,91,3.0641,0.7203,1.0655,0
693,27.72,48.048,12.012,pulse_entry,0.289653,glassy_arps,0.35974,0.382393,0.140917,0.116949,0.8673,91,3.064,0.7835,0.9107,0
694,27.76,48.1173,12.0293,pulse_entry,0.289851,tension_chords,0.398959,0.363218,0.111349,0.126474,0.8685,90,3.079,0.8258,0.8119,0
695,27.8,48.1867,12.0467,pulse_entry,0.290051,tension_chords,0.416801,0.328522,0.096012,0.158666,0.8725,89,3.095,0.836,0.7607,0
696,27.84,48.256,12.064,pulse_entry,0.290253,tension_chords,0.411117,0.279505,0.088952,0.220425,0.88,87,3.0911,0.8117,0.7373,0
697,27.88,48.3253,12.0813,pulse_entry,0.290457,tension_chords,0.396928,0.229123,0.084933,0.289016,0.8883,85,3.0799,0.7764,0.724,0
698,27.92,48.3947,12.0987,pulse_entry,0.290662,tension_chords,0.390313,0.188715,0.083192,0.33778,0.8942,83,3.0752,0.7539,0.7184,0
699,27.96,48.464,12.116,pulse_entry,0.29087,tension_chords,0.39616,0.160833,0.087188,0.355819,0.8965,82,3.0811,0.7515,0.732,0
700,28.0,48.5333,12.1333,pulse_entry,0.291079,tension_chords,0.411151,0.14394,0.104186,0.340723,0.8948,81,3.0948,0.7643,0.7892,0
701,28.04,48.6027,12.1507,pulse_entry,0.29129,tension_chords,0.440164,0.139532,0.147056,0.273248,0.8868,81,3.1204,0.799,0.9331,0
702,28.08,48.672,12.168,pulse_entry,0.291502,tension_chords,0.458452,0.139319,0.220596,0.181632,0.8759,81,3.1369,0.8218,1.1796,0
703,28.12,48.7413,12.1853,pulse_entry,0.291716,tension_chords,0.429176,0.130969,0.305584,0.134271,0.8703,81,3.1129,0.7823,1.4646,0
704,28.16,48.8107,12.2027,pulse_entry,0.291932,tension_chords,0.3842,0.120699,0.374261,0.12084,0.8688,80,3.0757,0.7225,1.6949,0
705,28.2,48.88,12.22,pulse_entry,0.29215,broken_beat,0.359165,0.117928,0.392762,0.130144,0.87,80,3.0839,0.6902,1.7571,0
706,28.24,48.9493,12.2373,pulse_entry,0.292369,broken_beat,0.345559,0.122762,0.353065,0.178614,0.8759,80,3.0511,0.6749,1.6244,0
707,28.28,49.0187,12.2547,pulse_entry,0.292591,tension_chords,0.326264,0.13326,0.286871,0.253605,0.885,81,3.0294,0.6545,1.4029,0
708,28.32,49.088,12.272,pulse_entry,0.292813,granular_texture,0.303806,0.154523,0.220136,0.321535,0.8933,82,3.0263,0.6338,1.1795,0
709,28.36,49.1573,12.2893,pulse_entry,0.293038,granular_texture,0.286635,0.194369,0.164227,0.354769,0.8974,84,3.0556,0.6263,0.9925,0
710,28.4,49.2267,12.3067,pulse_entry,0.293264,granular_texture,0.277149,0.252781,0.125709,0.344361,0.8962,86,3.0477,0.6349,0.8637,0
711,28.44,49.296,12.324,pulse_entry,0.293492,glassy_arps,0.273557,0.317932,0.106778,0.301733,0.8912,89,3.0263,0.6532,0.8005,0
712,28.48,49.3653,12.3413,pulse_entry,0.293722,glassy_arps,0.275578,0.381748,0.105116,0.237558,0.8836,92,3.0815,0.6781,0.7952,0
713,28.52,49.4347,12.3587,pulse_entry,0.293953,glassy_arps,0.27623,0.437083,0.11134,0.175347,0.8763,94,3.1296,0.6983,0.8163,0
714,28.56,49.504,12.376,pulse_entry,0.294186,glassy_arps,0.263981,0.464729,0.113718,0.157573,0.8742,95,3.1541,0.6926,0.8246,0
715,28.6,49.5733,12.3933,pulse_entry,0.29442,glassy_arps,0.249336,0.473389,0.115239,0.162036,0.8749,95,3.1626,0.6774,0.8299,0
716,28.64,49.6427,12.4107,pulse_entry,0.294656,glassy_arps,0.23052,0.452553,0.122046,0.194881,0.8789,95,3.1459,0.6465,0.853,0
717,28.68,49.712,12.428,pulse_entry,0.294894,glassy_arps,0.204701,0.395767,0.143947,0.255584,0.8863,92,3.0987,0.5944,0.9266,0
718,28.72,49.7813,12.4453,pulse_entry,0.295134,glassy_arps,0.178069,0.322437,0.190309,0.309185,0.8929,89,3.0374,0.5354,1.0822,0
719,28.76,49.8507,12.4627,pulse_entry,0.295375,granular_texture,0.160333,0.259305,0.249029,0.331333,0.8956,87,3.0461,0.4912,1.2792,0
720,28.8,49.92,12.48,pulse_entry,0.295617,granular_texture,0.15796,0.21966,0.296916,0.325464,0.895,85,3.0421,0.4743,1.4398,0
721,28.84,49.9893,12.4973,pulse_entry,0.295862,broken_beat,0.170629,0.198504,0.335934,0.294933,0.8915,84,3.0521,0.4828,1.5708,0
722,28.88,50.0587,12.5147,pulse_entry,0.296108,broken_beat,0.195752,0.187444,0.370161,0.246643,0.8858,84,3.0823,0.5103,1.6858,0
723,28.92,50.128,12.532,pulse_entry,0.296355,broken_beat,0.231745,0.18382,0.384338,0.200098,0.8803,84,3.0955,0.554,1.7335,0
724,28.96,50.1973,12.5493,pulse_entry,0.296604,broken_beat,0.275122,0.186427,0.361085,0.177365,0.8777,84,3.0768,0.6092,1.6559,0
725,29.0,50.2667,12.5667,pulse_entry,0.296855,tension_chords,0.31815,0.19203,0.301489,0.188331,0.8792,84,3.0414,0.6649,1.4565,0
726,29.04,50.336,12.584,pulse_entry,0.297107,tension_chords,0.353124,0.196195,0.229914,0.220767,0.8832,84,3.0723,0.7101,1.217,0
727,29.08,50.4053,12.6013,pulse_entry,0.297361,tension_chords,0.36021,0.186527,0.166233,0.28703,0.8912,84,3.0794,0.7155,1.004,0
728,29.12,50.4747,12.6187,pulse_entry,0.297616,granular_texture,0.344897,0.167018,0.126207,0.361878,0.9003,83,3.082,0.6896,0.8702,0
729,29.16,50.544,12.636,pulse_entry,0.297873,granular_texture,0.330059,0.154224,0.106997,0.40872,0.9061,83,3.1229,0.6666,0.8061,0
730,29.2,50.6133,12.6533,pulse_entry,0.298132,granular_texture,0.330925,0.157727,0.099362,0.411985,0.9066,83,3.1269,0.6689,0.7808,0
731,29.24,50.6827,12.6707,pulse_entry,0.298392,granular_texture,0.35125,0.17841,0.098653,0.371687,0.9019,84,3.0938,0.7015,0.7787,0
732,29.28,50.752,12.688,pulse_entry,0.298653,tension_chords,0.384185,0.212749,0.106605,0.296461,0.893,85,3.1056,0.7547,0.8056,0
733,29.32,50.8213,12.7053,pulse_entry,0.298916,tension_chords,0.408606,0.250261,0.131231,0.209902,0.8827,87,3.1275,0.7983,0.8884,0
734,29.36,50.8907,12.7227,pulse_entry,0.299181,tension_chords,0.406028,0.276574,0.170237,0.147161,0.8753,88,3.1265,0.8043,1.0194,0
735,29.4,50.96,12.74,pulse_entry,0.299447,tension_chords,0.38458,0.289054,0.205658,0.120708,0.8722,88,3.1094,0.7819,1.1383,0
736,29.44,51.0293,12.7573,pulse_entry,0.299715,tension_chords,0.35978,0.29265,0.233624,0.113945,0.8715,89,3.0895,0.7522,1.2323,0
737,29.48,51.0987,12.7747,pulse_entry,0.299984,tension_chords,0.332857,0.285436,0.249089,0.132618,0.8739,88,3.0679,0.716,1.2844,0
738,29.52,51.168,12.792,pulse_entry,0.300254,tension_chords,0.309649,0.271795,0.247054,0.171501,0.8787,88,3.0493,0.6822,1.2779,0
739,29.56,51.2373,12.8093,pulse_entry,0.300526,tension_chords,0.295454,0.257387,0.228817,0.218343,0.8844,87,3.0385,0.6594,1.2171,0
740,29.6,51.3067,12.8267,pulse_entry,0.3008,tension_chords,0.294984,0.247267,0.20132,0.256429,0.8891,87,3.0393,0.6553,1.1253,0
741,29.64,51.376,12.844,pulse_entry,0.301075,tension_chords,0.311924,0.244145,0.171702,0.272229,0.8912,87,3.0549,0.6754,1.0264,0
742,29.68,51.4453,12.8613,pulse_entry,0.301352,tension_chords,0.347841,0.247349,0.145254,0.259557,0.8898,87,3.0867,0.7214,0.9381,0
743,29.72,51.5147,12.8787,pulse_entry,0.301629,tension_chords,0.398799,0.25208,0.126411,0.222711,0.8855,87,3.1312,0.7867,0.8753,0
744,29.76,51.584,12.896,pulse_entry,0.301909,tension_chords,0.449664,0.24974,0.118203,0.182393,0.8808,87,3.1757,0.8495,0.8481,0
745,29.8,51.6533,12.9133,pulse_entry,0.30219,tension_chords,0.480306,0.235115,0.119086,0.165493,0.8789,87,3.203,0.8827,0.8513,0
746,29.84,51.7227,12.9307,pulse_entry,0.302472,tension_chords,0.489225,0.214926,0.123898,0.17195,0.8798,86,3.2118,0.8868,0.8678,0
747,29.88,51.792,12.948,pulse_entry,0.302756,tension_chords,0.476089,0.193829,0.125736,0.204346,0.8838,85,3.2019,0.863,0.8742,0
748,29.92,51.8613,12.9653,pulse_entry,0.303041,tension_chords,0.427581,0.169924,0.121378,0.281117,0.8931,84,3.162,0.794,0.86,0
749,29.96,51.9307,12.9827,pulse_entry,0.303327,tension_chords,0.368736,0.152557,0.125004,0.353702,0.902,83,3.1132,0.7143,0.8724,0
750,30.0,52.0,13.0,pulse_entry,0.303615,granular_texture,0.313365,0.141203,0.144809,0.400623,0.9077,83,3.1416,0.6411,0.9391,0
751,30.04,52.0693,13.0173,pulse_entry,0.303904,granular_texture,0.270712,0.135561,0.185796,0.407931,0.9087,83,3.1491,0.5858,1.0767,0
752,30.08,52.1387,13.0347,pulse_entry,0.304195,granular_texture,0.244086,0.139061,0.248807,0.368046,0.9041,83,3.1165,0.5538,1.2881,0
753,30.12,52.208,13.052,pulse_entry,0.304487,broken_beat,0.230414,0.153809,0.323007,0.292771,0.8952,84,3.0795,0.5419,1.537,0
754,30.16,52.2773,13.0693,pulse_entry,0.304781,broken_beat,0.223717,0.18007,0.383917,0.212296,0.8857,85,3.1326,0.5427,1.7414,0
755,30.2,52.3467,13.0867,pulse_entry,0.305076,broken_beat,0.218697,0.215901,0.404054,0.161348,0.8797,86,3.151,0.5489,1.8092,0
756,30.24,52.416,13.104,pulse_entry,0.305372,broken_beat,0.214834,0.259567,0.376199,0.1494,0.8784,88,3.1287,0.5594,1.7162,0
757,30.28,52.4853,13.1213,pulse_entry,0.305669,broken_beat,0.214802,0.311242,0.316778,0.157178,0.8795,90,3.0795,0.5774,1.5174,0
758,30.32,52.5547,13.1387,pulse_entry,0.305968,glassy_arps,0.208101,0.35035,0.235273,0.206275,0.8855,92,3.1094,0.5827,1.2447,0
759,30.36,52.624,13.156,pulse_entry,0.306269,glassy_arps,0.189795,0.357802,0.157741,0.294662,0.8962,92,3.117,0.5625,0.9853,0
760,30.4,52.6933,13.1733,pulse_entry,0.30657,glassy_arps,0.177974,0.358616,0.111918,0.351492,0.9032,92,3.1191,0.548,0.8322,0
761,30.44,52.7627,13.1907,pulse_entry,0.306873,granular_texture,0.176986,0.361876,0.091874,0.369263,0.9055,93,3.1295,0.5479,0.7653,0
762,30.48,52.832,13.208,pulse_entry,0.307177,glassy_arps,0.186456,0.367069,0.087972,0.358503,0.9043,93,3.1289,0.5615,0.7526,0
763,30.52,52.9013,13.2253,pulse_entry,0.307483,glassy_arps,0.210122,0.379663,0.093621,0.316594,0.8994,93,3.141,0.5955,0.7719,0
764,30.56,52.9707,13.2427,pulse_entry,0.30779,glassy_arps,0.247763,0.395632,0.103899,0.252707,0.8919,94,3.156,0.6482,0.8066,0
765,30.6,53.04,13.26,pulse_entry,0.308098,glassy_arps,0.290142,0.398392,0.118689,0.192777,0.8849,94,3.1597,0.7021,0.8565,0
766,30.64,53.1093,13.2773,pulse_entry,0.308408,glassy_arps,0.323004,0.369824,0.143436,0.163736,0.8815,93,3.1368,0.7332,0.9398,0
767,30.68,53.1787,13.2947,pulse_entry,0.308718,tension_chords,0.343592,0.311775,0.185978,0.158655,0.881,91,3.1158,0.7386,1.0826,0
768,30.72,53.248,13.312,pulse_entry,0.30903,tension_chords,0.350167,0.238945,0.24036,0.170528,0.8826,88,3.1228,0.7213,1.2651,0
769,30.76,53.3173,13.3293,pulse_entry,0.309344,tension_chords,0.331326,0.169653,0.277005,0.222017,0.8889,85,3.1082,0.6735,1.3882,0
770,30.8,53.3867,13.3467,pulse_entry,0.309658,tension_chords,0.298844,0.12236,0.280099,0.298696,0.8983,83,3.082,0.6164,1.399,0
771,30.84,53.456,13.364,pulse_entry,0.309974,granular_texture,0.287809,0.102216,0.273921,0.336053,0.9029,82,3.115,0.5955,1.3786,0
772,30.88,53.5253,13.3813,pulse_entry,0.310291,granular_texture,0.306995,0.100111,0.267801,0.325093,0.9017,82,3.1071,0.6188,1.3585,0
773,30.92,53.5947,13.3987,pulse_entry,0.31061,tension_chords,0.346644,0.106376,0.251701,0.295279,0.8983,82,3.1269,0.6705,1.3049,0
774,30.96,53.664,13.416,pulse_entry,0.310929,tension_chords,0.406632,0.118086,0.2277,0.247582,0.8927,83,3.1793,0.7496,1.2248,0
775,31.0,53.7333,13.4333,pulse_entry,0.31125,tension_chords,0.479298,0.134347,0.195619,0.190736,0.8861,84,3.2425,0.8461,1.1177,0
776,31.04,53.8027,13.4507,pulse_entry,0.311572,tension_chords,0.542348,0.153317,0.153,0.151335,0.8815,85,3.2975,0.9316,0.9753,0
777,31.08,53.872,13.468,pulse_entry,0.311895,tension_chords,0.571273,0.173031,0.115862,0.139835,0.8803,85,3.3235,0.9747,0.8512,0
778,31.12,53.9413,13.4853,pulse_entry,0.31222,tension_chords,0.565669,0.195363,0.098965,0.140004,0.8804,86,3.3202,0.9755,0.795,0
779,31.16,54.0107,13.5027,pulse_entry,0.312545,tension_chords,0.524607,0.217334,0.090778,0.167281,0.8838,87,3.2867,0.9318,0.7679,0
780,31.2,54.08,13.52,pulse_entry,0.312872,tension_chords,0.455512,0.23358,0.082145,0.228762,0.8914,88,3.2295,0.8511,0.7393,0
781,31.24,54.1493,13.5373,pulse_entry,0.3132,tension_chords,0.376207,0.240992,0.074017,0.308783,0.9011,88,3.1635,0.7546,0.7125,0
782,31.28,54.2187,13.5547,pulse_entry,0.31353,granular_texture,0.319744,0.253234,0.075684,0.351338,0.9064,89,3.1438,0.6883,0.7184,0
783,31.32,54.288,13.572,pulse_entry,0.31386,granular_texture,0.298339,0.286252,0.097126,0.318283,0.9026,90,3.1172,0.6731,0.7906,0
784,31.36,54.3573,13.5893,pulse_entry,0.314192,glassy_arps,0.285645,0.325746,0.138497,0.250112,0.8945,92,3.125,0.6711,0.9296,0
785,31.4,54.4267,13.6067,pulse_entry,0.314524,glassy_arps,0.269946,0.358026,0.192437,0.179591,0.8862,94,3.154,0.6627,1.1106,0
786,31.44,54.496,13.624,pulse_entry,0.314858,glassy_arps,0.253434,0.372063,0.24709,0.127412,0.8801,94,3.1674,0.647,1.2941,0
787,31.48,54.5653,13.6413,pulse_entry,0.315193,glassy_arps,0.240883,0.357928,0.292487,0.108702,0.878,94,3.1568,0.6264,1.4465,0
788,31.52,54.6347,13.6587,pulse_entry,0.315529,broken_beat,0.23632,0.322377,0.327047,0.114256,0.8789,92,3.1321,0.6082,1.5627,0
789,31.56,54.704,13.676,pulse_entry,0.315867,broken_beat,0.235393,0.278171,0.345853,0.140583,0.8822,90,3.1496,0.5916,1.6261,0
790,31.6,54.7733,13.6933,pulse_entry,0.316205,broken_beat,0.230593,0.234181,0.327155,0.208071,0.8904,89,3.1352,0.5702,1.5638,0
791,31.64,54.8427,13.7107,pulse_entry,0.316545,granular_texture,0.224826,0.199503,0.25871,0.31696,0.9036,87,3.128,0.5509,1.3349,0
792,31.68,54.912,13.728,pulse_entry,0.316885,granular_texture,0.214485,0.170472,0.173268,0.441776,0.9188,86,3.2356,0.5278,1.049,0
793,31.72,54.9813,13.7453,pulse_entry,0.317227,granular_texture,0.204595,0.15065,0.122116,0.522639,0.9286,85,3.3059,0.5085,0.878,0
794,31.76,55.0507,13.7627,pulse_entry,0.31757,granular_texture,0.222537,0.157818,0.115788,0.503857,0.9265,86,3.2915,0.5334,0.8572,0
795,31.8,55.12,13.78,pulse_entry,0.317914,granular_texture,0.265211,0.186655,0.13471,0.413424,0.9159,87,3.2161,0.5968,0.921,0
796,31.84,55.1893,13.7973,pulse_entry,0.318259,granular_texture,0.308007,0.217379,0.157012,0.317601,0.9045,88,3.1362,0.6611,0.9961,0
797,31.88,55.2587,13.8147,pulse_entry,0.318605,tension_chords,0.335462,0.237216,0.171606,0.255716,0.8972,89,3.1529,0.7024,1.0453,0
798,31.92,55.328,13.832,pulse_entry,0.318953,tension_chords,0.338885,0.243129,0.180925,0.237062,0.8952,89,3.1574,0.7087,1.0769,0
799,31.96,55.3973,13.8493,pulse_entry,0.319301,tension_chords,0.324272,0.243246,0.200743,0.231739,0.8947,89,3.1465,0.6905,1.1437,0
800,32.0,55.4667,13.8667,pulse_entry,0.31965,tension_chords,0.28605,0.232923,0.227577,0.25345,0.8975,89,3.1156,0.6391,1.234,0
801,32.04,55.536,13.884,pulse_entry,0.320001,granular_texture,0.239585,0.217917,0.249958,0.29254,0.9023,89,3.1227,0.5758,1.3094,1
802,32.08,55.6053,13.9013,pulse_entry,0.320352,granular_texture,0.204552,0.210361,0.265744,0.319344,0.9057,88,3.147,0.5293,1.3626,1
803,32.12,55.6747,13.9187,pulse_entry,0.320704,granular_texture,0.184277,0.214382,0.277758,0.323584,0.9064,88,3.1522,0.5054,1.4033,0
804,32.16,55.744,13.936,pulse_entry,0.321058,granular_texture,0.176792,0.23082,0.286706,0.305682,0.9044,89,3.1385,0.5018,1.4336,0
805,32.2,55.8133,13.9533,pulse_entry,0.321412,broken_beat,0.1912,0.271054,0.287964,0.249782,0.8978,91,3.1251,0.5339,1.4382,0
806,32.24,55.8827,13.9707,pulse_entry,0.321768,glassy_arps,0.233367,0.333179,0.26049,0.172965,0.8888,94,3.1651,0.6083,1.3466,0
807,32.28,55.952,13.988,pulse_entry,0.322124,glassy_arps,0.290458,0.379949,0.204913,0.124679,0.8831,96,3.2064,0.6961,1.1608,0
808,32.32,56.0213,14.0053,pulse_entry,0.322482,glassy_arps,0.346253,0.389189,0.152594,0.111964,0.8818,96,3.2159,0.769,0.9859,0
809,32.36,56.0907,14.0227,pulse_entry,0.32284,tension_chords,0.391586,0.373419,0.116728,0.118267,0.8827,95,3.2195,0.8202,0.8662,0
810,32.4,56.16,14.04,pulse_entry,0.3232,tension_chords,0.418904,0.343014,0.097148,0.140934,0.8856,94,3.2443,0.8437,0.801,0
811,32.44,56.2293,14.0573,pulse_entry,0.32356,tension_chords,0.419913,0.296156,0.088163,0.195769,0.8923,92,3.2468,0.8285,0.7713,0
812,32.48,56.2987,14.0747,pulse_entry,0.323922,tension_chords,0.405566,0.243257,0.083578,0.267598,0.9011,90,3.2362,0.7921,0.7563,0
813,32.52,56.368,14.092,pulse_entry,0.324284,tension_chords,0.394338,0.197899,0.080917,0.326846,0.9084,88,3.2283,0.7622,0.7478,0
814,32.56,56.4373,14.1093,pulse_entry,0.324648,tension_chords,0.395996,0.165555,0.082585,0.355864,0.912,87,3.2313,0.7529,0.7538,0
815,32.6,56.5067,14.1267,pulse_entry,0.325012,tension_chords,0.408027,0.144805,0.094704,0.352465,0.9118,86,3.2431,0.7607,0.7948,0
816,32.64,56.576,14.144,pulse_entry,0.325377,tension_chords,0.431736,0.135941,0.128494,0.303829,0.9061,86,3.2649,0.7872,0.9084,0
817,32.68,56.6453,14.1613,pulse_entry,0.325744,tension_chords,0.459773,0.136219,0.195058,0.20895,0.8949,86,3.2904,0.8224,1.1318,0
818,32.72,56.7147,14.1787,pulse_entry,0.326111,tension_chords,0.445655,0.131064,0.281547,0.141734,0.887,86,3.28,0.8029,1.4219,0
819,32.76,56.784,14.196,pulse_entry,0.326479,tension_chords,0.398349,0.120151,0.361343,0.120157,0.8846,85,3.2414,0.74,1.6896,0
820,32.8,56.8533,14.2133,pulse_entry,0.326848,broken_beat,0.364192,0.114378,0.401786,0.119644,0.8847,85,3.246,0.6953,1.8255,0
821,32.84,56.9227,14.2307,pulse_entry,0.327218,broken_beat,0.348476,0.117292,0.378676,0.155556,0.8892,85,3.228,0.6766,1.7485,0
822,32.88,56.992,14.248,pulse_entry,0.327589,tension_chords,0.331625,0.126496,0.314588,0.227291,0.898,86,3.1897,0.6588,1.5342,0
823,32.92,57.0613,14.2653,pulse_entry,0.32796,tension_chords,0.30853,0.144293,0.243255,0.303922,0.9073,87,3.1717,0.6362,1.2957,1
824,32.96,57.1307,14.2827,pulse_entry,0.328333,granular_texture,0.28819,0.17885,0.180645,0.352316,0.9133,88,3.2105,0.6228,1.0863,0
825,33.0,57.2,14.3,pulse_entry,0.328706,granular_texture,0.275448,0.234149,0.134508,0.355894,0.9139,90,3.2153,0.6263,0.9322,0
826,33.04,57.2693,14.3173,pulse_entry,0.329081,granular_texture,0.269551,0.301549,0.108466,0.320433,0.9098,93,3.1868,0.6425,0.8454,0
827,33.08,57.3387,14.3347,pulse_entry,0.329456,glassy_arps,0.269142,0.368406,0.101387,0.261065,0.9029,96,3.2292,0.6654,0.822,0
828,33.12,57.408,14.352,pulse_entry,0.329832,glassy_arps,0.271946,0.430966,0.106646,0.190441,0.8946,99,3.2841,0.6908,0.8401,0
829,33.16,57.4773,14.3693,pulse_entry,0.330209,glassy_arps,0.263818,0.469333,0.110946,0.155903,0.8906,101,3.3184,0.694,0.8549,0
830,33.2,57.5467,14.3867,pulse_entry,0.330587,glassy_arps,0.249087,0.483398,0.112131,0.155384,0.8907,101,3.332,0.6805,0.8593,0
831,33.24,57.616,14.404,pulse_entry,0.330965,glassy_arps,0.232504,0.473187,0.116906,0.177403,0.8935,101,3.325,0.6562,0.8757,0
832,33.28,57.6853,14.4213,pulse_entry,0.331345,glassy_arps,0.208585,0.424155,0.133478,0.233782,0.9005,99,3.285,0.6092,0.9316,0
833,33.32,57.7547,14.4387,pulse_entry,0.331725,glassy_arps,0.181151,0.34952,0.173224,0.296106,0.9081,96,3.2233,0.5488,1.0652,0
834,33.36,57.824,14.456,pulse_entry,0.332106,granular_texture,0.159387,0.277463,0.233144,0.330005,0.9124,93,3.2084,0.4963,1.2664,0
835,33.4,57.8933,14.4733,pulse_entry,0.332488,granular_texture,0.151567,0.228029,0.287988,0.332416,0.9128,91,3.2121,0.4693,1.4505,0
836,33.44,57.9627,14.4907,pulse_entry,0.332871,broken_beat,0.159606,0.201036,0.329688,0.309671,0.9103,90,3.2115,0.4699,1.5906,0
837,33.48,58.032,14.508,pulse_entry,0.333254,broken_beat,0.181505,0.186969,0.367106,0.26442,0.905,89,3.245,0.4923,1.7164,1
838,33.52,58.1013,14.5253,pulse_entry,0.333638,broken_beat,0.215174,0.18078,0.390763,0.213283,0.8991,89,3.2668,0.5322,1.7961,1
839,33.56,58.1707,14.5427,pulse_entry,0.334023,broken_beat,0.258833,0.181813,0.381193,0.178161,0.895,89,3.2604,0.5872,1.7644,0
840,33.6,58.24,14.56,pulse_entry,0.334409,broken_beat,0.304378,0.186617,0.32891,0.180095,0.8954,89,3.2177,0.6458,1.5897,0
841,33.64,58.3093,14.5773,pulse_entry,0.334796,tension_chords,0.346735,0.193137,0.256284,0.203844,0.8985,90,3.2346,0.701,1.3468,0
842,33.68,58.3787,14.5947,pulse_entry,0.335183,tension_chords,0.364978,0.188519,0.184437,0.262067,0.9056,90,3.2518,0.7222,1.1066,0
843,33.72,58.448,14.612,pulse_entry,0.335571,tension_chords,0.35404,0.170068,0.134359,0.341533,0.9153,89,3.2442,0.7021,0.9392,0
844,33.76,58.5173,14.6293,pulse_entry,0.33596,granular_texture,0.335551,0.153365,0.108762,0.402322,0.9228,88,3.287,0.6731,0.8539,0
845,33.8,58.5867,14.6467,pulse_entry,0.33635,granular_texture,0.329652,0.151615,0.097932,0.420801,0.9252,88,3.3044,0.6651,0.8181,0
846,33.84,58.656,14.664,pulse_entry,0.33674,granular_texture,0.343675,0.167821,0.094949,0.393555,0.9221,89,3.283,0.6883,0.8085,0
847,33.88,58.7253,14.6813,pulse_entry,0.337131,tension_chords,0.37464,0.199637,0.099434,0.326289,0.9142,90,3.2687,0.7382,0.824,0
848,33.92,58.7947,14.6987,pulse_entry,0.337523,tension_chords,0.405556,0.239248,0.118468,0.236727,0.9037,92,3.2967,0.7907,0.8881,0
849,33.96,58.864,14.716,pulse_entry,0.337916,tension_chords,0.412071,0.271207,0.156465,0.160257,0.8947,93,3.304,0.81,1.0159,0
850,34.0,58.9333,14.7333,pulse_entry,0.338309,tension_chords,0.393909,0.287964,0.196412,0.121715,0.8902,94,3.2903,0.7932,1.1501,0
851,34.04,59.0027,14.7507,pulse_entry,0.338703,tension_chords,0.368632,0.294268,0.22753,0.109571,0.889,94,3.2706,0.7638,1.2548,1
852,34.08,59.072,14.768,pulse_entry,0.339098,tension_chords,0.34164,0.290367,0.248121,0.119871,0.8904,94,3.2494,0.7287,1.3242,1
853,34.12,59.1413,14.7853,pulse_entry,0.339493,tension_chords,0.316017,0.277674,0.251768,0.154542,0.8947,94,3.2294,0.6922,1.3369,0
854,34.16,59.2107,14.8027,pulse_entry,0.339889,tension_chords,0.298052,0.262433,0.237768,0.201747,0.9006,93,3.2159,0.6644,1.2904,0
855,34.2,59.28,14.82,pulse_entry,0.340286,tension_chords,0.292392,0.249945,0.211689,0.245974,0.906,93,3.2128,0.653,1.2035,0
856,34.24,59.3493,14.8373,pulse_entry,0.340683,tension_chords,0.303301,0.244002,0.181281,0.271416,0.9093,93,3.2238,0.6645,1.102,0
857,34.28,59.4187,14.8547,pulse_entry,0.341081,tension_chords,0.333445,0.245176,0.152474,0.268905,0.9092,93,3.2512,0.7026,1.006,0
858,34.32,59.488,14.872,pulse_entry,0.34148,tension_chords,0.381707,0.250199,0.129972,0.238123,0.9057,93,3.294,0.7647,0.931,0
859,34.36,59.5573,14.8893,pulse_entry,0.341879,tension_chords,0.437102,0.251256,0.117704,0.193938,0.9005,93,3.3429,0.8343,0.8904,0
860,34.4,59.6267,14.9067,pulse_entry,0.342279,tension_chords,0.478012,0.240352,0.116096,0.16554,0.8973,93,3.3795,0.8816,0.8854,0
861,34.44,59.696,14.924,pulse_entry,0.342679,tension_chords,0.493329,0.220018,0.120337,0.166316,0.8976,92,3.3943,0.8937,0.9001,0
862,34.48,59.7653,14.9413,pulse_entry,0.34308,tension_chords,0.490035,0.199511,0.124533,0.185921,0.9001,91,3.3932,0.8824,0.9146,0
863,34.52,59.8347,14.9587,pulse_entry,0.343482,tension_chords,0.448977,0.17491,0.121011,0.255102,0.9086,90,3.3601,0.8224,0.9032,0
864,34.56,59.904,14.976,pulse_entry,0.343885,tension_chords,0.387525,0.154222,0.120704,0.337549,0.9187,89,3.3097,0.7384,0.9026,0
865,34.6,59.9733,14.9933,pulse_entry,0.344288,granular_texture,0.327711,0.140901,0.135716,0.395672,0.9259,89,3.3184,0.659,0.9534,0
866,34.64,60.0427,15.0107,pulse_entry,0.344691,granular_texture,0.278527,0.132796,0.170715,0.417961,0.9287,89,3.3391,0.5946,1.0711,0
867,34.68,60.112,15.028,pulse_entry,0.345095,granular_texture,0.24571,0.132993,0.228934,0.392363,0.9258,89,3.3192,0.5537,1.2665,1
868,34.72,60.1813,15.0453,pulse_entry,0.3455,granular_texture,0.227762,0.144355,0.30397,0.323913,0.9178,89,3.2628,0.5352,1.5183,0
869,34.76,60.2507,15.0627,pulse_entry,0.345905,broken_beat,0.219255,0.168002,0.375039,0.237704,0.9076,90,3.3081,0.5329,1.7569,0
870,34.8,60.32,15.08,pulse_entry,0.346311,broken_beat,0.214089,0.202697,0.412165,0.17105,0.8998,92,3.3414,0.5386,1.8817,0
871,34.84,60.3893,15.0973,pulse_entry,0.346718,broken_beat,0.209685,0.245873,0.39825,0.146191,0.897,94,3.3314,0.5482,1.8355,0
872,34.88,60.4587,15.1147,pulse_entry,0.347125,broken_beat,0.208839,0.29794,0.345207,0.148014,0.8974,96,3.2881,0.5653,1.6583,0
873,34.92,60.528,15.132,pulse_entry,0.347532,glassy_arps,0.206371,0.347159,0.266548,0.179923,0.9015,98,3.2916,0.5795,1.3952,1
874,34.96,60.5973,15.1493,pulse_entry,0.34794,glassy_arps,0.19049,0.36417,0.179985,0.265355,0.9119,99,3.3079,0.5656,1.1057,0
875,35.0,60.6667,15.1667,pulse_entry,0.348349,glassy_arps,0.174704,0.362504,0.120942,0.34185,0.9213,99,3.3083,0.5453,0.9083,0
876,35.04,60.736,15.184,pulse_entry,0.348758,granular_texture,0.170809,0.364804,0.093286,0.371101,0.925,99,3.3174,0.5412,0.8161,0
877,35.08,60.8053,15.2013,pulse_entry,0.349168,granular_texture,0.176987,0.368312,0.084739,0.369963,0.925,99,3.3183,0.5501,0.788,0
878,35.12,60.8747,15.2187,pulse_entry,0.349578,glassy_arps,0.196358,0.378077,0.087951,0.337614,0.9213,100,3.327,0.5778,0.7992,0
879,35.16,60.944,15.236,pulse_entry,0.349989,glassy_arps,0.231172,0.394473,0.097035,0.27732,0.9143,100,3.3428,0.627,0.8301,0
880,35.2,61.0133,15.2533,pulse_entry,0.3504,glassy_arps,0.275696,0.404202,0.110432,0.20967,0.9063,101,3.3529,0.6861,0.8754,0
881,35.24,61.0827,15.2707,pulse_entry,0.350812,glassy_arps,0.315098,0.386321,0.132103,0.166478,0.9014,100,3.3395,0.7291,0.9484,0
882,35.28,61.152,15.288,pulse_entry,0.351224,tension_chords,0.340158,0.334095,0.170016,0.155731,0.9003,98,3.3021,0.7421,1.0759,0
883,35.32,61.2213,15.3053,pulse_entry,0.351636,tension_chords,0.353253,0.262411,0.225448,0.158888,0.9008,95,3.315,0.7334,1.2621,0
884,35.36,61.2907,15.3227,pulse_entry,0.35205,tension_chords,0.342543,0.187515,0.273088,0.196854,0.9056,92,3.3078,0.6938,1.4221,0
885,35.4,61.36,15.34,pulse_entry,0.352463,tension_chords,0.309991,0.130839,0.286054,0.273117,0.9149,90,3.282,0.6333,1.466,0
886,35.44,61.4293,15.3573,pulse_entry,0.352877,granular_texture,0.287175,0.101842,0.278133,0.33285,0.9223,89,3.3032,0.5946,1.4399,0
887,35.48,61.4987,15.3747,pulse_entry,0.353292,granular_texture,0.297358,0.095142,0.272407,0.335093,0.9227,88,3.307,0.605,1.4212,0
888,35.52,61.568,15.392,pulse_entry,0.353707,tension_chords,0.33157,0.099288,0.259544,0.309598,0.9199,89,3.3058,0.6492,1.3786,1
889,35.56,61.6373,15.4093,pulse_entry,0.354122,tension_chords,0.386602,0.109322,0.237005,0.267071,0.9149,89,3.3545,0.7215,1.3035,0
890,35.6,61.7067,15.4267,pulse_entry,0.354538,tension_chords,0.459478,0.124487,0.207153,0.208883,0.9082,90,3.4182,0.8179,1.204,0
891,35.64,61.776,15.444,pulse_entry,0.354954,tension_chords,0.531519,0.143523,0.166528,0.158431,0.9023,91,3.4813,0.9146,1.0683,0
892,35.68,61.8453,15.4613,pulse_entry,0.35537,tension_chords,0.574624,0.164108,0.123779,0.13749,0.9,91,3.5198,0.9757,0.9256,0
893,35.72,61.9147,15.4787,pulse_entry,0.355787,tension_chords,0.579524,0.186702,0.099848,0.133926,0.8997,92,3.5258,0.9898,0.8459,0
894,35.76,61.984,15.496,pulse_entry,0.356205,tension_chords,0.548746,0.210683,0.090259,0.150312,0.9019,94,3.5015,0.9597,0.8142,0
895,35.8,62.0533,15.5133,pulse_entry,0.356623,tension_chords,0.485095,0.230322,0.082118,0.202465,0.9083,94,3.4493,0.887,0.7874,0
896,35.84,62.1227,15.5307,pulse_entry,0.357041,tension_chords,0.403951,0.240898,0.073381,0.28177,0.9181,95,3.3822,0.7893,0.7586,0
897,35.88,62.192,15.548,pulse_entry,0.357459,granular_texture,0.333245,0.248286,0.070598,0.347871,0.9262,95,3.3364,0.7035,0.7497,0
898,35.92,62.2613,15.5653,pulse_entry,0.357878,granular_texture,0.300361,0.274261,0.085251,0.340127,0.9254,96,3.3317,0.6714,0.7993,0
899,35.96,62.3307,15.5827,pulse_entry,0.358298,glassy_arps,0.287082,0.314506,0.12174,0.276672,0.918,98,3.3118,0.6689,0.922,0
900,36.0,62.4,15.6,pulse_entry,0.358717,glassy_arps,0.272193,0.350937,0.174541,0.202329,0.9093,100,3.3446,0.6631,1.0993,0
901,36.04,62.4693,15.6173,pulse_entry,0.359137,glassy_arps,0.255088,0.373221,0.232369,0.139322,0.9019,101,3.3654,0.6495,1.2935,0
902,36.08,62.5387,15.6347,pulse_entry,0.359558,glassy_arps,0.24015,0.369208,0.282987,0.107655,0.8983,101,3.3639,0.6294,1.4635,1
903,36.12,62.608,15.652,pulse_entry,0.359978,glassy_arps,0.232334,0.33878,0.321789,0.107097,0.8984,100,3.3399,0.609,1.594,1
904,36.16,62.6773,15.6693,pulse_entry,0.360399,broken_beat,0.231538,0.295847,0.348405,0.12421,0.9007,98,3.3499,0.593,1.6836,0
905,36.2,62.7467,15.6867,pulse_entry,0.360821,broken_beat,0.228049,0.248695,0.344854,0.178402,0.9074,96,3.3488,0.5721,1.6722,0
906,36.24,62.816,15.704,pulse_entry,0.361242,broken_beat,0.221953,0.208714,0.290885,0.278447,0.9196,94,3.3048,0.5505,1.4918,0
907,36.28,62.8853,15.7213,pulse_entry,0.361664,granular_texture,0.213717,0.177282,0.201894,0.407107,0.9352,93,3.4054,0.5292,1.1942,0
908,36.32,62.9547,15.7387,pulse_entry,0.362086,granular_texture,0.200512,0.151472,0.132492,0.515523,0.9484,92,3.4995,0.5037,0.9621,0
909,36.36,63.024,15.756,pulse_entry,0.362509,granular_texture,0.206039,0.147586,0.110881,0.535494,0.951,92,3.5183,0.5092,0.8902,0
910,36.4,63.0933,15.7733,pulse_entry,0.362932,granular_texture,0.243728,0.171689,0.124095,0.460488,0.9422,93,3.4565,0.5648,0.9349,0
911,36.44,63.1627,15.7907,pulse_entry,0.363355,granular_texture,0.290909,0.20519,0.148198,0.355703,0.9298,94,3.3693,0.6355,1.0162,0
912,36.48,63.232,15.808,pulse_entry,0.363778,tension_chords,0.327606,0.231395,0.167172,0.273827,0.9202,96,3.3473,0.6905,1.0802,0
913,36.52,63.3013,15.8253,pulse_entry,0.364202,tension_chords,0.340006,0.242301,0.177619,0.240074,0.9163,96,3.3597,0.7098,1.1156,0
914,36.56,63.3707,15.8427,pulse_entry,0.364626,tension_chords,0.331042,0.244484,0.194062,0.230412,0.9154,96,3.354,0.6994,1.1712,0
915,36.6,63.44,15.86,pulse_entry,0.36505,tension_chords,0.298927,0.237897,0.221712,0.241465,0.9169,96,3.3286,0.6569,1.2643,0
916,36.64,63.5093,15.8773,pulse_entry,0.365474,granular_texture,0.250861,0.222488,0.247034,0.279618,0.9217,95,3.314,0.5914,1.3496,1
917,36.68,63.5787,15.8947,pulse_entry,0.365899,granular_texture,0.210384,0.211313,0.264447,0.313856,0.926,95,3.345,0.5369,1.4084,1
918,36.72,63.648,15.912,pulse_entry,0.366324,granular_texture,0.185953,0.211736,0.2768,0.325511,0.9276,95,3.3568,0.5065,1.4502,0
919,36.76,63.7173,15.9293,pulse_entry,0.366749,granular_texture,0.174538,0.223817,0.286113,0.315532,0.9266,96,3.3502,0.4965,1.4819,0
920,36.8,63.7867,15.9467,pulse_entry,0.367174,broken_beat,0.180317,0.254586,0.290879,0.274218,0.9218,97,3.3312,0.5145,1.4983,0
921,36.84,63.856,15.964,pulse_entry,0.3676,glassy_arps,0.214056,0.313053,0.275686,0.197204,0.9128,100,3.3519,0.5771,1.4479,0
922,36.88,63.9253,15.9813,pulse_entry,0.368026,glassy_arps,0.269398,0.371496,0.22547,0.133635,0.9053,102,3.4035,0.6668,1.2802,0
923,36.92,63.9947,15.9987,pulse_entry,0.368452,glassy_arps,0.329245,0.394639,0.167561,0.108555,0.9025,103,3.4251,0.7497,1.0866,0
924,36.96,64.064,16.016,pulse_entry,0.368878,glassy_arps,0.380633,0.384439,0.124307,0.110621,0.903,103,3.4183,0.8103,0.9422,0
925,37.0,64.1333,16.0333,pulse_entry,0.369304,tension_chords,0.417439,0.358154,0.099113,0.125294,0.9049,102,3.4482,0.8472,0.8583,0
926,37.04,64.2027,16.0507,pulse_entry,0.36973,tension_chords,0.427629,0.31458,0.087134,0.170657,0.9106,100,3.4588,0.8446,0.8186,0
927,37.08,64.272,16.068,pulse_entry,0.370157,tension_chords,0.415636,0.260118,0.081668,0.242578,0.9194,98,3.4505,0.8106,0.8008,0
928,37.12,64.3413,16.0853,pulse_entry,0.370584,tension_chords,0.400551,0.209566,0.078351,0.311531,0.9279,96,3.4396,0.774,0.7901,0
929,37.16,64.4107,16.1027,pulse_entry,0.371011,tension_chords,0.397019,0.171764,0.07812,0.353097,0.933,94,3.4385,0.7564,0.7898,0
930,37.2,64.48,16.12,pulse_entry,0.371438,tension_chords,0.406234,0.146764,0.086138,0.360864,0.9342,93,3.4482,0.7592,0.8171,0
931,37.24,64.5493,16.1373,pulse_entry,0.371865,tension_chords,0.425065,0.13312,0.111868,0.329947,0.9307,93,3.4661,0.7779,0.9038,0
932,37.28,64.6187,16.1547,pulse_entry,0.372293,tension_chords,0.456209,0.131327,0.16915,0.243313,0.9205,93,3.4945,0.8162,1.0962,0
933,37.32,64.688,16.172,pulse_entry,0.37272,tension_chords,0.460276,0.129396,0.254967,0.155361,0.9101,93,3.4998,0.8206,1.3841,0
934,37.36,64.7573,16.1893,pulse_entry,0.373148,tension_chords,0.41714,0.119479,0.343185,0.120195,0.9061,92,3.4651,0.7632,1.6801,0
935,37.4,64.8267,16.2067,pulse_entry,0.373575,broken_beat,0.373122,0.110968,0.403516,0.112394,0.9053,92,3.4554,0.7052,1.8827,0
936,37.44,64.896,16.224,pulse_entry,0.374003,broken_beat,0.351768,0.11116,0.402513,0.134558,0.9082,92,3.4565,0.6786,1.8798,0
937,37.48,64.9653,16.2413,pulse_entry,0.374431,broken_beat,0.336796,0.118949,0.345665,0.198589,0.9161,92,3.41,0.6626,1.6899,0
938,37.52,65.0347,16.2587,pulse_entry,0.374859,tension_chords,0.314426,0.133999,0.270633,0.280941,0.9261,93,3.3854,0.6399,1.439,1
939,37.56,65.104,16.276,pulse_entry,0.375287,granular_texture,0.291323,0.163322,0.20104,0.344315,0.9339,94,3.4127,0.6213,1.2063,1
940,37.6,65.1733,16.2933,pulse_entry,0.375715,granular_texture,0.27497,0.213935,0.146629,0.364467,0.9366,97,3.4317,0.6186,1.0245,0
941,37.64,65.2427,16.3107,pulse_entry,0.376144,granular_texture,0.26632,0.281959,0.11244,0.339281,0.9337,100,3.4122,0.6316,0.9104,0
942,37.68,65.312,16.328,pulse_entry,0.376572,glassy_arps,0.263426,0.352966,0.098723,0.284886,0.9274,103,3.4258,0.6528,0.865,0
943,37.72,65.3813,16.3453,pulse_entry,0.377,glassy_arps,0.265893,0.420998,0.100932,0.212177,0.9189,105,3.4855,0.6797,0.8728,0
944,37.76,65.4507,16.3627,pulse_entry,0.377429,glassy_arps,0.26262,0.472298,0.10698,0.158101,0.9126,108,3.531,0.6936,0.8936,0
945,37.8,65.52,16.38,pulse_entry,0.377857,glassy_arps,0.248229,0.493083,0.108569,0.150119,0.9118,109,3.5506,0.6829,0.8993,0
946,37.84,65.5893,16.3973,pulse_entry,0.378286,glassy_arps,0.233019,0.493024,0.111836,0.162121,0.9135,109,3.5524,0.6638,0.9108,0
947,37.88,65.6587,16.4147,pulse_entry,0.378714,glassy_arps,0.211408,0.454424,0.124023,0.210145,0.9194,107,3.5215,0.6233,0.9521,0
948,37.92,65.728,16.432,pulse_entry,0.379143,glassy_arps,0.184092,0.381294,0.156547,0.278068,0.9278,104,3.4613,0.5636,1.0615,0
949,37.96,65.7973,16.4493,pulse_entry,0.379571,granular_texture,0.159252,0.301346,0.214121,0.32528,0.9336,101,3.4156,0.5045,1.2548,0
950,38.0,65.8667,16.4667,pulse_entry,0.38,granular_texture,0.146062,0.240616,0.275867,0.337454,0.9353,98,3.4278,0.4668,1.4622,0
951,38.04,65.936,16.484,pulse_entry,0.380429,granular_texture,0.148755,0.205657,0.322728,0.322859,0.9337,97,3.4173,0.4579,1.6196,0
952,38.08,66.0053,16.5013,pulse_entry,0.380857,broken_beat,0.166568,0.187502,0.362568,0.283363,0.9292,96,3.453,0.4738,1.7535,1
953,38.12,66.0747,16.5187,pulse_entry,0.381286,broken_beat,0.197265,0.178454,0.394509,0.229772,0.923,96,3.4821,0.509,1.861,1
954,38.16,66.144,16.536,pulse_entry,0.381714,broken_beat,0.239646,0.177008,0.399006,0.18434,0.9177,96,3.4878,0.5615,1.8766,0
955,38.2,66.2133,16.5533,pulse_entry,0.382143,broken_beat,0.287908,0.180983,0.359103,0.172006,0.9164,96,3.4558,0.6232,1.7434,0
956,38.24,66.2827,16.5707,pulse_entry,0.382571,tension_chords,0.335392,0.188036,0.287165,0.189407,0.9187,97,3.4375,0.6851,1.5028,0
957,38.28,66.352,16.588,pulse_entry,0.383,tension_chords,0.366024,0.188638,0.208263,0.237074,0.9246,97,3.4655,0.7236,1.239,0
958,38.32,66.4213,16.6053,pulse_entry,0.383428,tension_chords,0.363194,0.173264,0.14636,0.317182,0.9344,96,3.465,0.7146,1.0321,0
959,38.36,66.4907,16.6227,pulse_entry,0.383856,granular_texture,0.343073,0.153613,0.112139,0.391175,0.9435,95,3.4907,0.6826,0.9179,0
960,38.4,66.56,16.64,pulse_entry,0.384285,granular_texture,0.330537,0.146337,0.097075,0.426051,0.9479,95,3.5222,0.6644,0.8679,0
961,38.44,66.6293,16.6573,pulse_entry,0.384713,granular_texture,0.337418,0.157421,0.091668,0.413493,0.9466,96,3.5134,0.6769,0.8503,0
962,38.48,66.6987,16.6747,pulse_entry,0.385141,tension_chords,0.364265,0.185703,0.093187,0.356845,0.94,97,3.4735,0.7203,0.8558,0
963,38.52,66.768,16.692,pulse_entry,0.385569,tension_chords,0.399168,0.225747,0.106565,0.26852,0.9296,99,3.5051,0.778,0.9011,0
964,38.56,66.8373,16.7093,pulse_entry,0.385997,tension_chords,0.416188,0.263409,0.140632,0.179771,0.9191,100,3.5214,0.8124,1.0157,0
965,38.6,66.9067,16.7267,pulse_entry,0.386425,tension_chords,0.403781,0.285705,0.184605,0.125909,0.9129,101,3.5128,0.8047,1.1635,0
966,38.64,66.976,16.744,pulse_entry,0.386852,tension_chords,0.378034,0.29482,0.219774,0.107373,0.9108,102,3.4928,0.7757,1.2818,0
967,38.68,67.0453,16.7613,pulse_entry,0.38728,tension_chords,0.351333,0.29483,0.245325,0.108512,0.9112,102,3.472,0.7424,1.3678,1
968,38.72,67.1147,16.7787,pulse_entry,0.387707,tension_chords,0.323678,0.283862,0.254971,0.137488,0.9148,101,3.4504,0.7039,1.4006,1
969,38.76,67.184,16.796,pulse_entry,0.388135,tension_chords,0.302186,0.268368,0.24623,0.183216,0.9205,101,3.4341,0.6717,1.3718,0
970,38.8,67.2533,16.8133,pulse_entry,0.388562,tension_chords,0.291544,0.253866,0.222635,0.231955,0.9266,100,3.4269,0.6533,1.2932,0
971,38.84,67.3227,16.8307,pulse_entry,0.388989,tension_chords,0.296357,0.245022,0.192067,0.266554,0.9309,100,3.4329,0.6562,1.1913,0
972,38.88,67.392,16.848,pulse_entry,0.389416,tension_chords,0.320122,0.24365,0.161265,0.274964,0.9321,100,3.455,0.6854,1.0886,0
973,38.92,67.4613,16.8653,pulse_entry,0.389843,tension_chords,0.363872,0.247968,0.135239,0.252921,0.9297,100,3.4941,0.7416,1.0019,0
974,38.96,67.5307,16.8827,pulse_entry,0.39027,tension_chords,0.421098,0.251587,0.118438,0.208876,0.9246,100,3.5446,0.8144,0.9461,0
975,39.0,67.6,16.9,pulse_entry,0.390696,tension_chords,0.47207,0.245099,0.113196,0.169634,0.9201,100,3.5899,0.8759,0.929,0
976,39.04,67.6693,16.9173,pulse_entry,0.391122,tension_chords,0.49718,0.226146,0.116204,0.160471,0.9192,99,3.6131,0.9006,0.9395,0
977,39.08,67.7387,16.9347,pulse_entry,0.391548,tension_chords,0.501415,0.204825,0.121613,0.172147,0.9208,99,3.6186,0.8985,0.9581,0
978,39.12,67.808,16.952,pulse_entry,0.391974,tension_chords,0.472565,0.180828,0.120719,0.225888,0.9274,98,3.596,0.854,0.9556,0
979,39.16,67.8773,16.9693,pulse_entry,0.3924,tension_chords,0.41012,0.156678,0.11722,0.315981,0.9384,97,3.5448,0.7675,0.9443,0
980,39.2,67.9467,16.9867,pulse_entry,0.392826,granular_texture,0.345659,0.140834,0.127279,0.386228,0.947,96,3.5264,0.6814,0.9785,0
981,39.24,68.016,17.004,pulse_entry,0.393251,granular_texture,0.289775,0.130583,0.156348,0.423294,0.9517,96,3.5598,0.6079,1.0763,0
982,39.28,68.0853,17.0213,pulse_entry,0.393676,granular_texture,0.249882,0.127486,0.208686,0.413947,0.9508,96,3.5537,0.557,1.2521,1
983,39.32,68.1547,17.0387,pulse_entry,0.394101,granular_texture,0.226495,0.135131,0.282168,0.356206,0.944,96,3.5065,0.5304,1.4988,0
984,39.36,68.224,17.056,pulse_entry,0.394526,broken_beat,0.215044,0.155439,0.360773,0.268744,0.9337,97,3.5123,0.5232,1.7626,0
985,39.4,68.2933,17.0733,pulse_entry,0.39495,broken_beat,0.209152,0.188209,0.414882,0.187757,0.9242,98,3.5602,0.5273,1.9443,0
986,39.44,68.3627,17.0907,pulse_entry,0.395374,broken_beat,0.204444,0.230797,0.418602,0.146157,0.9194,100,3.5652,0.5363,1.9572,0
987,39.48,68.432,17.108,pulse_entry,0.395798,broken_beat,0.202082,0.282076,0.374364,0.141477,0.919,102,3.5295,0.5513,1.8095,0
988,39.52,68.5013,17.1253,pulse_entry,0.396222,glassy_arps,0.202152,0.338357,0.300724,0.158767,0.9213,105,3.5008,0.5711,1.5633,1
989,39.56,68.5707,17.1427,pulse_entry,0.396645,glassy_arps,0.191046,0.369319,0.20906,0.230575,0.9301,106,3.529,0.5681,1.2567,1
990,39.6,68.64,17.16,pulse_entry,0.397068,glassy_arps,0.172555,0.368332,0.134986,0.324127,0.9415,106,3.53,0.5446,1.009,0
991,39.64,68.7093,17.1773,pulse_entry,0.397491,granular_texture,0.164865,0.368228,0.097015,0.369892,0.9472,106,3.5332,0.535,0.8822,0
992,39.68,68.7787,17.1947,pulse_entry,0.397914,granular_texture,0.167981,0.370843,0.082689,0.378487,0.9485,106,3.5424,0.5398,0.8347,0
993,39.72,68.848,17.212,pulse_entry,0.398336,glassy_arps,0.182923,0.377695,0.082602,0.35678,0.946,107,3.5436,0.5608,0.8349,0
994,39.76,68.9173,17.2293,pulse_entry,0.398758,glassy_arps,0.213543,0.39297,0.090117,0.303369,0.9398,108,3.5585,0.6045,0.8605,0
995,39.8,68.9867,17.2467,pulse_entry,0.399179,glassy_arps,0.257874,0.407923,0.102104,0.232099,0.9315,108,3.5731,0.6651,0.9011,0
996,39.84,69.056,17.264,pulse_entry,0.399601,glassy_arps,0.303179,0.401368,0.120978,0.174475,0.9248,108,3.5694,0.7195,0.9648,0
997,39.88,69.1253,17.2813,pulse_entry,0.400022,glassy_arps,0.334676,0.357972,0.154155,0.153197,0.9224,106,3.5344,0.7436,1.0764,0
998,39.92,69.1947,17.2987,pulse_entry,0.400442,tension_chords,0.353153,0.288547,0.207449,0.15085,0.9223,103,3.5321,0.7424,1.2554,0
999,39.96,69.264,17.316,pulse_entry,0.400863,tension_chords,0.351458,0.209566,0.263925,0.175051,0.9254,100,3.5326,0.7127,1.4451,0
1000,40.0,69.3333,17.3333,pulse_entry,0.401283,tension_chords,0.32327,0.143395,0.290384,0.24295,0.9337,97,3.5105,0.6543,1.5342,0
1001,40.04,69.4027,17.3507,pulse_entry,0.401702,granular_texture,0.291212,0.104322,0.284353,0.320112,0.9432,96,3.5097,0.6005,1.5145,0
1002,40.08,69.472,17.368,pulse_entry,0.402122,granular_texture,0.289462,0.091218,0.276661,0.34266,0.9461,95,3.5307,0.5938,1.4891,0
1003,40.12,69.5413,17.3853,pulse_entry,0.402541,granular_texture,0.317238,0.092613,0.267143,0.323006,0.9439,95,3.5159,0.629,1.4577,1
1004,40.16,69.6107,17.4027,pulse_entry,0.402959,tension_chords,0.366363,0.100776,0.246886,0.285974,0.9397,96,3.5546,0.6932,1.3903,1
1005,40.2,69.68,17.42,pulse_entry,0.403377,tension_chords,0.436787,0.114322,0.218843,0.230048,0.9332,97,3.6163,0.786,1.2968,0
1006,40.24,69.7493,17.4373,pulse_entry,0.403795,tension_chords,0.515246,0.13273,0.181084,0.17094,0.9263,97,3.6848,0.8905,1.1708,0
1007,40.28,69.8187,17.4547,pulse_entry,0.404213,tension_chords,0.57334,0.153961,0.135285,0.137413,0.9224,98,3.7361,0.9706,1.0178,0
1008,40.32,69.888,17.472,pulse_entry,0.40463,tension_chords,0.590598,0.176706,0.102688,0.130008,0.9217,99,3.7526,1.0001,0.9091,0
1009,40.36,69.9573,17.4893,pulse_entry,0.405046,tension_chords,0.571539,0.202176,0.089774,0.136511,0.9227,100,3.7383,0.9852,0.8663,0
1010,40.4,70.0267,17.5067,pulse_entry,0.405462,tension_chords,0.515507,0.224952,0.08188,0.177662,0.9278,101,3.6925,0.9231,0.8403,0
1011,40.44,70.096,17.524,pulse_entry,0.405878,tension_chords,0.435585,0.239653,0.07318,0.251582,0.9369,102,3.6264,0.8284,0.8116,0
1012,40.48,70.1653,17.5413,pulse_entry,0.406293,tension_chords,0.354267,0.245893,0.067323,0.332517,0.9468,102,3.5591,0.7289,0.7925,0
1013,40.52,70.2347,17.5587,pulse_entry,0.406708,granular_texture,0.305802,0.263412,0.075141,0.355645,0.9498,103,3.5622,0.6744,0.8191,0
1014,40.56,70.304,17.576,pulse_entry,0.407123,granular_texture,0.288672,0.301668,0.105125,0.304534,0.9438,105,3.5206,0.6664,0.92,0
1015,40.6,70.3733,17.5933,pulse_entry,0.407537,glassy_arps,0.27483,0.341618,0.154958,0.228594,0.9349,107,3.5539,0.6631,1.0874,0
1016,40.64,70.4427,17.6107,pulse_entry,0.40795,glassy_arps,0.257719,0.370916,0.21458,0.156785,0.9265,108,3.5807,0.652,1.2876,0
1017,40.68,70.512,17.628,pulse_entry,0.408364,glassy_arps,0.240921,0.377516,0.270471,0.111092,0.9212,108,3.5881,0.6333,1.4753,1
1018,40.72,70.5813,17.6453,pulse_entry,0.408776,glassy_arps,0.229737,0.354901,0.314469,0.100893,0.9201,107,3.5707,0.6114,1.6231,1
1019,40.76,70.6507,17.6627,pulse_entry,0.409188,broken_beat,0.227217,0.314384,0.347176,0.111222,0.9216,106,3.566,0.5941,1.7331,0
1020,40.8,70.72,17.68,pulse_entry,0.4096,broken_beat,0.225372,0.266035,0.357325,0.151268,0.9266,104,3.5764,0.5748,1.7676,0
1021,40.84,70.7893,17.6973,pulse_entry,0.410011,broken_beat,0.219266,0.220585,0.321011,0.239138,0.9373,102,3.5474,0.5513,1.6464,0
1022,40.88,70.8587,17.7147,pulse_entry,0.410422,granular_texture,0.212121,0.18543,0.236447,0.366003,0.9527,101,3.5875,0.5301,1.3636,0
1023,40.92,70.928,17.732,pulse_entry,0.410832,granular_texture,0.199258,0.155806,0.150986,0.49395,0.9683,99,3.6981,0.5036,1.0777,0
1024,40.96,70.9973,17.7493,pulse_entry,0.411242,granular_texture,0.193948,0.14118,0.110726,0.554146,0.9757,99,3.7511,0.4918,0.9433,0
1025,41.0,71.0667,17.7667,pulse_entry,0.411651,granular_texture,0.221588,0.156596,0.113902,0.507914,0.9703,100,3.7136,0.5318,0.9544,0
1026,41.04,71.136,17.784,pulse_entry,0.41206,granular_texture,0.27017,0.190402,0.137474,0.401953,0.9578,101,3.6253,0.6044,1.0338,0
1027,41.08,71.2053,17.8013,pulse_entry,0.412468,tension_chords,0.314965,0.222365,0.160612,0.302058,0.946,102,3.5532,0.6715,1.1118,0
1028,41.12,71.2747,17.8187,pulse_entry,0.412875,tension_chords,0.338464,0.240033,0.174334,0.24717,0.9396,103,3.575,0.7071,1.1582,0
1029,41.16,71.344,17.836,pulse_entry,0.413282,tension_chords,0.335723,0.244425,0.187443,0.232408,0.938,103,3.5745,0.7052,1.2025,0
1030,41.2,71.4133,17.8533,pulse_entry,0.413689,tension_chords,0.311454,0.242046,0.214279,0.232221,0.9382,103,3.5557,0.674,1.2929,0
1031,41.24,71.4827,17.8707,pulse_entry,0.414095,granular_texture,0.264347,0.227935,0.242759,0.264959,0.9423,103,3.5179,0.6102,1.3887,0
1032,41.28,71.552,17.888,pulse_entry,0.4145,granular_texture,0.218457,0.213585,0.262735,0.305223,0.9473,102,3.554,0.5478,1.4561,1
1033,41.32,71.6213,17.9053,pulse_entry,0.414905,granular_texture,0.188722,0.209849,0.275861,0.325568,0.9499,102,3.5731,0.5093,1.5005,0
1034,41.36,71.6907,17.9227,pulse_entry,0.415309,granular_texture,0.173695,0.218233,0.285583,0.322489,0.9497,103,3.5722,0.4935,1.5335,0
1035,41.4,71.76,17.94,pulse_entry,0.415712,granular_texture,0.172535,0.241055,0.291959,0.294451,0.9466,104,3.5502,0.5,1.5553,0
1036,41.44,71.8293,17.9573,pulse_entry,0.416115,glassy_arps,0.196263,0.291148,0.2867,0.225889,0.9385,106,3.5492,0.5472,1.5382,0
1037,41.48,71.8987,17.9747,pulse_entry,0.416518,glassy_arps,0.246772,0.356461,0.24723,0.149537,0.9295,109,3.6065,0.6332,1.4064,0
1038,41.52,71.968,17.992,pulse_entry,0.41692,glassy_arps,0.308625,0.395482,0.186465,0.109429,0.9249,110,3.6415,0.7242,1.2033,0
1039,41.56,72.0373,18.0093,pulse_entry,0.417321,glassy_arps,0.36587,0.394892,0.135511,0.103728,0.9244,110,3.6427,0.7955,1.033,0
1040,41.6,72.1067,18.0267,pulse_entry,0.417721,tension_chords,0.410862,0.372713,0.103351,0.113074,0.9257,109,3.6581,0.844,0.9257,0
1041,41.64,72.176,18.044,pulse_entry,0.418121,tension_chords,0.432096,0.333805,0.087104,0.146996,0.93,108,3.6779,0.857,0.8717,0
1042,41.68,72.2453,18.0613,pulse_entry,0.41852,tension_chords,0.425714,0.279712,0.080073,0.214501,0.9383,106,3.6743,0.83,0.8486,0
1043,41.72,72.3147,18.0787,pulse_entry,0.418919,tension_chords,0.408527,0.2246,0.076226,0.290648,0.9476,103,3.6614,0.7893,0.8362,0
1044,41.76,72.384,18.096,pulse_entry,0.419317,tension_chords,0.399353,0.180761,0.074559,0.345326,0.9543,102,3.6554,0.7625,0.831,0
1045,41.8,72.4533,18.1133,pulse_entry,0.419714,tension_chords,0.40467,0.150857,0.079058,0.365415,0.9569,100,3.6617,0.7586,0.8465,0
1046,41.84,72.5227,18.1307,pulse_entry,0.420111,tension_chords,0.419925,0.132586,0.097751,0.349738,0.9552,100,3.6764,0.7713,0.9096,0
1047,41.88,72.592,18.148,pulse_entry,0.420507,tension_chords,0.448414,0.126695,0.144092,0.280799,0.9471,100,3.7024,0.8049,1.0653,0
1048,41.92,72.6613,18.1653,pulse_entry,0.420902,tension_chords,0.469163,0.126682,0.225137,0.179018,0.9351,100,3.7218,0.8308,1.3372,0
1049,41.96,72.7307,18.1827,pulse_entry,0.421297,tension_chords,0.438252,0.119235,0.31875,0.123764,0.9286,99,3.6973,0.7895,1.6512,0
1050,42.0,72.8,18.2,pulse_entry,0.421691,broken_beat,0.386866,0.108942,0.395163,0.109029,0.9271,99,3.6624,0.7217,1.9077,0
1051,42.04,72.8693,18.2173,pulse_entry,0.422084,broken_beat,0.356757,0.105899,0.419494,0.11785,0.9283,99,3.6848,0.683,1.9896,0
1052,42.08,72.9387,18.2347,pulse_entry,0.422477,broken_beat,0.341623,0.111655,0.37726,0.169461,0.9347,99,3.6507,0.6661,1.8485,0
1053,42.12,73.008,18.252,pulse_entry,0.422869,tension_chords,0.32142,0.124396,0.301714,0.25247,0.9448,100,3.605,0.6453,1.5959,1
1054,42.16,73.0773,18.2693,pulse_entry,0.42326,granular_texture,0.296597,0.148702,0.22575,0.328951,0.9542,101,3.6131,0.6228,1.3418,1
1055,42.2,73.1467,18.2867,pulse_entry,0.42365,granular_texture,0.276639,0.193127,0.163026,0.367209,0.9589,103,3.6474,0.6134,1.1322,0
1056,42.24,73.216,18.304,pulse_entry,0.42404,granular_texture,0.264776,0.258857,0.120004,0.356363,0.9578,106,3.6399,0.6216,0.9885,0
1057,42.28,73.2853,18.3213,pulse_entry,0.424429,glassy_arps,0.259468,0.333378,0.09857,0.308584,0.9523,109,3.6221,0.641,0.9171,0
1058,42.32,73.3547,18.3387,pulse_entry,0.424817,glassy_arps,0.259927,0.405526,0.095777,0.23877,0.9441,112,3.6851,0.6668,0.9082,0
1059,42.36,73.424,18.356,pulse_entry,0.425204,glassy_arps,0.26057,0.468695,0.102252,0.168483,0.9358,115,3.7405,0.6898,0.9303,0
1060,42.4,73.4933,18.3733,pulse_entry,0.425591,glassy_arps,0.248539,0.500108,0.105295,0.146058,0.9333,116,3.769,0.6857,0.9409,0
1061,42.44,73.5627,18.3907,pulse_entry,0.425977,glassy_arps,0.233473,0.5085,0.107392,0.150635,0.934,116,3.7778,0.6698,0.9483,0
1062,42.48,73.632,18.408,pulse_entry,0.426362,glassy_arps,0.21436,0.483081,0.115925,0.186634,0.9385,115,3.7579,0.637,0.9773,0
1063,42.52,73.7013,18.4253,pulse_entry,0.426746,glassy_arps,0.188122,0.415945,0.141189,0.254745,0.9469,113,3.7026,0.5807,1.0624,0
1064,42.56,73.7707,18.4427,pulse_entry,0.427129,glassy_arps,0.161258,0.330926,0.192772,0.315044,0.9543,109,3.632,0.5174,1.2356,0
1065,42.6,73.84,18.46,pulse_entry,0.427512,granular_texture,0.143146,0.258659,0.258784,0.339411,0.9574,106,3.6409,0.4695,1.4572,0
1066,42.64,73.9093,18.4773,pulse_entry,0.427894,granular_texture,0.140089,0.213656,0.312852,0.333403,0.9568,104,3.6375,0.4499,1.6387,0
1067,42.68,73.9787,18.4947,pulse_entry,0.428275,broken_beat,0.152931,0.190011,0.355169,0.301888,0.9532,103,3.6577,0.4577,1.7809,0
1068,42.72,74.048,18.512,pulse_entry,0.428655,broken_beat,0.179779,0.177754,0.393059,0.249409,0.9471,103,3.6916,0.4869,1.9083,1
1069,42.76,74.1173,18.5293,pulse_entry,0.429035,broken_beat,0.219327,0.173298,0.410915,0.19646,0.9409,103,3.7085,0.5348,1.9685,1
1070,42.8,74.1867,18.5467,pulse_entry,0.429413,broken_beat,0.268691,0.175823,0.387483,0.168004,0.9377,103,3.6903,0.5974,1.8904,0
1071,42.84,74.256,18.564,pulse_entry,0.429791,broken_beat,0.319181,0.18203,0.320641,0.178149,0.9391,103,3.6351,0.6627,1.6669,0
1072,42.88,74.3253,18.5813,pulse_entry,0.430168,tension_chords,0.3614,0.187076,0.238019,0.213505,0.9435,104,3.6714,0.7172,1.3905,0
1073,42.92,74.3947,18.5987,pulse_entry,0.430544,tension_chords,0.370582,0.176807,0.164091,0.288521,0.9527,103,3.6809,0.7251,1.1433,0
1074,42.96,74.464,18.616,pulse_entry,0.430919,granular_texture,0.352297,0.155973,0.118773,0.372958,0.963,102,3.6846,0.695,0.9919,0
1075,43.0,74.5333,18.6333,pulse_entry,0.431294,granular_texture,0.333933,0.143178,0.097859,0.42503,0.9694,102,3.7305,0.6675,0.9223,0
1076,43.04,74.6027,18.6507,pulse_entry,0.431667,granular_texture,0.333037,0.14833,0.089612,0.42902,0.97,102,3.7356,0.6682,0.895,0
1077,43.08,74.672,18.668,pulse_entry,0.43204,granular_texture,0.353747,0.171914,0.088511,0.385828,0.965,103,3.7005,0.7024,0.8918,0
1078,43.12,74.7413,18.6853,pulse_entry,0.432411,tension_chords,0.389183,0.210248,0.096777,0.303792,0.9554,105,3.705,0.7601,0.9199,0
1079,43.16,74.8107,18.7027,pulse_entry,0.432782,tension_chords,0.416314,0.252275,0.124259,0.207153,0.9439,107,3.7297,0.8087,1.0123,0
1080,43.2,74.88,18.72,pulse_entry,0.433152,tension_chords,0.412953,0.281259,0.169493,0.136296,0.9356,108,3.7285,0.8146,1.1643,0
1081,43.24,74.9493,18.7373,pulse_entry,0.433521,tension_chords,0.38856,0.294285,0.209934,0.107221,0.9323,109,3.7094,0.7887,1.3002,0
1082,43.28,75.0187,18.7547,pulse_entry,0.433889,tension_chords,0.361599,0.2979,0.239867,0.100633,0.9317,109,3.6882,0.7563,1.4008,1
1083,43.32,75.088,18.772,pulse_entry,0.434256,tension_chords,0.332865,0.28989,0.255786,0.121458,0.9343,108,3.6654,0.7175,1.4546,1
1084,43.36,75.1573,18.7893,pulse_entry,0.434623,tension_chords,0.308129,0.274858,0.253219,0.163794,0.9396,108,3.646,0.6814,1.4464,0
1085,43.4,75.2267,18.8067,pulse_entry,0.434988,tension_chords,0.292837,0.258943,0.233519,0.214701,0.9459,107,3.6346,0.6567,1.3808,0
1086,43.44,75.296,18.824,pulse_entry,0.435352,tension_chords,0.291592,0.247328,0.203818,0.257261,0.9511,107,3.6352,0.6511,1.2817,0
1087,43.48,75.3653,18.8413,pulse_entry,0.435716,tension_chords,0.308507,0.243054,0.171707,0.276731,0.9536,107,3.6512,0.6707,1.1745,0
1088,43.52,75.4347,18.8587,pulse_entry,0.436078,tension_chords,0.346059,0.24574,0.142678,0.265523,0.9525,107,3.6847,0.7186,1.0777,0
1089,43.56,75.504,18.876,pulse_entry,0.43644,tension_chords,0.401673,0.250741,0.1214,0.226186,0.9479,107,3.7336,0.7899,1.0068,0
1090,43.6,75.5733,18.8933,pulse_entry,0.4368,tension_chords,0.460185,0.248789,0.111597,0.179429,0.9425,107,3.7849,0.8623,0.9743,0
1091,43.64,75.6427,18.9107,pulse_entry,0.43716,tension_chords,0.497392,0.23314,0.112303,0.157165,0.94,106,3.8181,0.9033,0.9771,0
1092,43.68,75.712,18.928,pulse_entry,0.437518,tension_chords,0.508448,0.210662,0.117694,0.163197,0.9408,106,3.8291,0.9093,0.9955,0
1093,43.72,75.7813,18.9453,pulse_entry,0.437876,tension_chords,0.494253,0.1878,0.120167,0.19778,0.9452,105,3.8187,0.8835,1.0042,0
1094,43.76,75.8507,18.9627,pulse_entry,0.438232,tension_chords,0.436426,0.161309,0.115421,0.286844,0.956,104,3.7711,0.802,0.9887,0
1095,43.8,75.92,18.98,pulse_entry,0.438588,granular_texture,0.367574,0.142086,0.120064,0.370276,0.9662,103,3.7164,0.7092,1.0047,0
1096,43.84,75.9893,18.9973,pulse_entry,0.438942,granular_texture,0.30552,0.129877,0.143045,0.421558,0.9725,102,3.7616,0.6274,1.082,0
1097,43.88,76.0587,19.0147,pulse_entry,0.439296,granular_texture,0.258106,0.12368,0.188365,0.429849,0.9737,102,3.7702,0.5659,1.2342,1
1098,43.92,76.128,19.032,pulse_entry,0.439648,granular_texture,0.228316,0.127373,0.257465,0.386845,0.9687,102,3.7353,0.53,1.4661,0
1099,43.96,76.1973,19.0493,pulse_entry,0.439999,broken_beat,0.212799,0.143601,0.339693,0.303907,0.9589,103,3.6967,0.5163,1.742,0
1100,44.0,76.2667,19.0667,pulse_entry,0.44035,broken_beat,0.205379,0.173245,0.408677,0.212699,0.9481,104,3.7569,0.5174,1.9735,0
1101,44.04,76.336,19.084,pulse_entry,0.440699,broken_beat,0.200375,0.214344,0.432732,0.152549,0.941,106,3.7789,0.5255,2.0544,0
1102,44.08,76.4053,19.1013,pulse_entry,0.441047,broken_beat,0.196702,0.264288,0.40203,0.13698,0.9393,108,3.7544,0.5384,1.952,0
1103,44.12,76.4747,19.1187,pulse_entry,0.441395,broken_beat,0.197113,0.323214,0.335421,0.144252,0.9404,111,3.6993,0.5595,1.7292,0
1104,44.16,76.544,19.136,pulse_entry,0.441741,glassy_arps,0.191474,0.3688,0.244102,0.195623,0.9467,113,3.7292,0.5684,1.4237,1
1105,44.2,76.6133,19.1533,pulse_entry,0.442086,glassy_arps,0.173122,0.375084,0.156201,0.295593,0.9588,113,3.7361,0.5477,1.1296,0
1106,44.24,76.6827,19.1707,pulse_entry,0.44243,glassy_arps,0.160826,0.371487,0.104706,0.362981,0.9671,113,3.7346,0.5311,0.9574,0
1107,44.28,76.752,19.188,pulse_entry,0.442773,granular_texture,0.160736,0.373399,0.083039,0.382826,0.9696,113,3.7457,0.5316,0.8852,0
1108,44.32,76.8213,19.2053,pulse_entry,0.443115,glassy_arps,0.171368,0.377765,0.078607,0.372261,0.9685,113,3.743,0.5464,0.8708,0
1109,44.36,76.8907,19.2227,pulse_entry,0.443455,glassy_arps,0.196782,0.390483,0.084018,0.328717,0.9634,114,3.7553,0.5826,0.8893,0
1110,44.4,76.96,19.24,pulse_entry,0.443795,glassy_arps,0.238271,0.408177,0.094492,0.25906,0.9552,115,3.7718,0.6407,0.9247,0
1111,44.44,77.0293,19.2573,pulse_entry,0.444133,glassy_arps,0.287126,0.412343,0.110715,0.189816,0.9471,115,3.7769,0.7032,0.9794,0
1112,44.48,77.0987,19.2747,pulse_entry,0.444471,glassy_arps,0.326125,0.381207,0.138967,0.1537,0.9429,114,3.7519,0.7411,1.0745,0
1113,44.52,77.168,19.292,pulse_entry,0.444807,tension_chords,0.349568,0.316489,0.187157,0.146786,0.9422,111,3.7265,0.7477,1.2363,0
1114,44.56,77.2373,19.3093,pulse_entry,0.445142,tension_chords,0.356987,0.236348,0.248528,0.158136,0.9437,108,3.7343,0.729,1.4422,0
1115,44.6,77.3067,19.3267,pulse_entry,0.445476,tension_chords,0.336725,0.16138,0.289638,0.212257,0.9504,105,3.7186,0.6774,1.5803,0
1116,44.64,77.376,19.344,pulse_entry,0.445808,tension_chords,0.300428,0.111386,0.291445,0.296741,0.9607,103,3.6892,0.6145,1.5867,0
1117,44.68,77.4453,19.3613,pulse_entry,0.44614,granular_texture,0.285054,0.089925,0.280896,0.344125,0.9665,102,3.7278,0.5878,1.5518,0
1118,44.72,77.5147,19.3787,pulse_entry,0.44647,granular_texture,0.304133,0.087452,0.273459,0.334956,0.9656,102,3.7215,0.6108,1.5272,1
1119,44.76,77.584,19.396,pulse_entry,0.4468,tension_chords,0.346569,0.093551,0.256615,0.303265,0.9619,102,3.7328,0.666,1.4711,1
1120,44.8,77.6533,19.4133,pulse_entry,0.447128,tension_chords,0.41162,0.10513,0.230546,0.252704,0.956,103,3.7896,0.7513,1.3842,0
1121,44.84,77.7227,19.4307,pulse_entry,0.447455,tension_chords,0.492421,0.122166,0.195969,0.189444,0.9486,103,3.8597,0.8583,1.2687,0
1122,44.88,77.792,19.448,pulse_entry,0.44778,tension_chords,0.5638,0.143301,0.150389,0.14251,0.9431,104,3.9219,0.9549,1.1164,0
1123,44.92,77.8613,19.4653,pulse_entry,0.448105,tension_chords,0.596594,0.166232,0.10943,0.127745,0.9415,105,3.9512,1.0039,0.9795,0
1124,44.96,77.9307,19.4827,pulse_entry,0.448428,tension_chords,0.590068,0.192128,0.090488,0.127316,0.9416,106,3.9471,1.0048,0.9164,0
1125,45.0,78.0,19.5,pulse_entry,0.44875,tension_chords,0.544722,0.217506,0.082094,0.155679,0.9451,108,3.91,0.957,0.8886,0
1126,45.04,78.0693,19.5173,pulse_entry,0.449071,tension_chords,0.469115,0.236303,0.073761,0.22082,0.9531,108,3.8471,0.8691,0.8611,0
1127,45.08,78.1387,19.5347,pulse_entry,0.44939,tension_chords,0.382403,0.244744,0.06613,0.306723,0.9635,109,3.7748,0.7637,0.8359,0
1128,45.12,78.208,19.552,pulse_entry,0.449709,granular_texture,0.317299,0.254978,0.067852,0.359871,0.9701,109,3.7571,0.6859,0.842,0
1129,45.16,78.2773,19.5693,pulse_entry,0.450026,granular_texture,0.291383,0.28745,0.089984,0.331184,0.9668,111,3.7341,0.6648,0.9165,0
1130,45.2,78.3467,19.5867,pulse_entry,0.450342,glassy_arps,0.278126,0.329626,0.1346,0.257648,0.9581,112,3.7342,0.663,1.0663,0
1131,45.24,78.416,19.604,pulse_entry,0.450656,glassy_arps,0.261663,0.364577,0.193727,0.180032,0.9489,114,3.7653,0.6547,1.2647,0
1132,45.28,78.4853,19.6213,pulse_entry,0.45097,glassy_arps,0.243786,0.381316,0.253907,0.120991,0.942,115,3.7809,0.6382,1.4667,0
1133,45.32,78.5547,19.6387,pulse_entry,0.451282,glassy_arps,0.229605,0.368924,0.303639,0.097833,0.9393,114,3.7718,0.6161,1.6336,1
1134,45.36,78.624,19.656,pulse_entry,0.451592,broken_beat,0.223867,0.332593,0.341252,0.102288,0.94,113,3.7497,0.5962,1.7599,0
1135,45.4,78.6933,19.6733,pulse_entry,0.451902,broken_beat,0.22306,0.285324,0.362906,0.128711,0.9433,111,3.7694,0.5787,1.8328,0
1136,45.44,78.7627,19.6907,pulse_entry,0.45221,broken_beat,0.217913,0.235801,0.345441,0.200846,0.9521,109,3.756,0.5549,1.7747,0
1137,45.48,78.832,19.708,pulse_entry,0.452517,granular_texture,0.210895,0.195723,0.273674,0.319708,0.9665,107,3.7355,0.5321,1.5346,0
1138,45.52,78.9013,19.7253,pulse_entry,0.452823,granular_texture,0.200196,0.163444,0.178521,0.457839,0.9832,106,3.8542,0.5075,1.2161,0
1139,45.56,78.9707,19.7427,pulse_entry,0.453127,granular_texture,0.188107,0.140213,0.117718,0.553963,0.9949,105,3.9373,0.4842,1.0128,0
1140,45.6,79.04,19.76,pulse_entry,0.45343,granular_texture,0.202464,0.144119,0.106556,0.546861,0.9942,105,3.9326,0.5035,0.9757,0
1141,45.64,79.1093,19.7773,pulse_entry,0.453731,granular_texture,0.247544,0.174378,0.125911,0.452167,0.983,106,3.8534,0.5705,1.0409,0
1142,45.68,79.1787,19.7947,pulse_entry,0.454032,granular_texture,0.297827,0.21023,0.151848,0.340095,0.9697,108,3.7595,0.6459,1.1281,0
1143,45.72,79.248,19.812,pulse_entry,0.454331,tension_chords,0.332686,0.235244,0.170115,0.261955,0.9604,109,3.7546,0.6982,1.1896,0
1144,45.76,79.3173,19.8293,pulse_entry,0.454628,tension_chords,0.338769,0.243619,0.181704,0.235908,0.9574,110,3.761,0.7087,1.2288,0
1145,45.8,79.3867,19.8467,pulse_entry,0.454924,tension_chords,0.322664,0.244674,0.205106,0.227557,0.9566,110,3.7487,0.689,1.3075,0
1146,45.84,79.456,19.864,pulse_entry,0.455219,tension_chords,0.280318,0.233897,0.235971,0.249815,0.9594,109,3.714,0.6323,1.4112,0
1147,45.88,79.5253,19.8813,pulse_entry,0.455513,granular_texture,0.230197,0.217515,0.259456,0.292832,0.9647,109,3.7259,0.5639,1.4902,1
1148,45.92,79.5947,19.8987,pulse_entry,0.455805,granular_texture,0.194132,0.209286,0.274146,0.322435,0.9684,108,3.7524,0.5159,1.5398,1
1149,45.96,79.664,19.916,pulse_entry,0.456096,granular_texture,0.174783,0.213705,0.284458,0.327054,0.9691,108,3.7576,0.4933,1.5746,0
1150,46.0,79.7333,19.9333,pulse_entry,0.456385,granular_texture,0.168291,0.230476,0.291781,0.309451,0.9671,109,3.7439,0.491,1.5995,0
1151,46.04,79.8027,19.9507,pulse_entry,0.456673,broken_beat,0.181863,0.26991,0.292841,0.255385,0.9607,111,3.7311,0.5218,1.6034,0
1152,46.08,79.872,19.968,pulse_entry,0.456959,glassy_arps,0.224294,0.335099,0.267256,0.173351,0.951,114,3.7683,0.5977,1.518,0
1153,46.12,79.9413,19.9853,pulse_entry,0.457244,glassy_arps,0.285196,0.38907,0.208958,0.116776,0.9443,116,3.8154,0.6927,1.323,0
1154,46.16,80.0107,20.0027,pulse_entry,0.457528,glassy_arps,0.347054,0.402342,0.151081,0.099523,0.9424,117,3.828,0.7746,1.1294,0
1155,46.2,80.08,20.02,pulse_entry,0.45781,tension_chords,0.398577,0.385506,0.11104,0.104878,0.9432,116,3.826,0.8331,0.9956,0
1156,46.24,80.1493,20.0373,pulse_entry,0.458091,tension_chords,0.431202,0.352338,0.089244,0.127216,0.946,115,3.855,0.8623,0.9229,0
1157,46.28,80.2187,20.0547,pulse_entry,0.458371,tension_chords,0.43384,0.301233,0.079597,0.185331,0.9531,112,3.8585,0.8477,0.8909,0
1158,46.32,80.288,20.072,pulse_entry,0.458648,tension_chords,0.417418,0.243246,0.075065,0.264271,0.9627,110,3.8458,0.8069,0.876,0
1159,46.36,80.3573,20.0893,pulse_entry,0.458925,tension_chords,0.403145,0.193432,0.072409,0.331014,0.9708,108,3.8349,0.7716,0.8674,0
1160,46.4,80.4267,20.1067,pulse_entry,0.4592,tension_chords,0.403183,0.157958,0.074024,0.364835,0.975,107,3.8361,0.7593,0.8731,0
1161,46.44,80.496,20.124,pulse_entry,0.459474,tension_chords,0.415429,0.135158,0.086634,0.362779,0.9749,106,3.8478,0.7666,0.9156,0
1162,46.48,80.5653,20.1413,pulse_entry,0.459746,tension_chords,0.438691,0.124264,0.121871,0.315174,0.9693,105,3.8688,0.7919,1.034,0
1163,46.52,80.6347,20.1587,pulse_entry,0.460016,tension_chords,0.469371,0.123772,0.193085,0.213771,0.9573,105,3.896,0.83,1.2729,0
1164,46.56,80.704,20.176,pulse_entry,0.460285,tension_chords,0.457811,0.119631,0.288088,0.134471,0.9479,105,3.8874,0.8141,1.5914,0
1165,46.6,80.7733,20.1933,pulse_entry,0.460553,tension_chords,0.405583,0.109074,0.376228,0.109114,0.9449,105,3.8442,0.7452,1.887,0
1166,46.64,80.8427,20.2107,pulse_entry,0.460819,broken_beat,0.364957,0.102755,0.425066,0.107221,0.9448,105,3.862,0.6922,2.0509,0
1167,46.68,80.912,20.228,pulse_entry,0.461084,broken_beat,0.346351,0.105674,0.404953,0.143022,0.9493,105,3.846,0.6699,1.9838,0
1168,46.72,80.9813,20.2453,pulse_entry,0.461347,broken_beat,0.328978,0.116179,0.334796,0.220047,0.9586,105,3.7876,0.6519,1.749,0
1169,46.76,81.0507,20.2627,pulse_entry,0.461608,granular_texture,0.304123,0.135912,0.254366,0.305599,0.969,106,3.7639,0.6277,1.4799,1
1170,46.8,81.12,20.28,pulse_entry,0.461868,granular_texture,0.28103,0.173191,0.18403,0.361749,0.9759,108,3.8128,0.6119,1.2446,1
1171,46.84,81.1893,20.2973,pulse_entry,0.462127,granular_texture,0.265697,0.233438,0.132066,0.3688,0.9768,110,3.8199,0.6138,1.0708,0
1172,46.88,81.2587,20.3147,pulse_entry,0.462384,granular_texture,0.257869,0.308829,0.102092,0.33121,0.9724,113,3.7891,0.6304,0.9706,0
1173,46.92,81.328,20.332,pulse_entry,0.462639,glassy_arps,0.25582,0.384326,0.092761,0.267093,0.9649,117,3.8354,0.6543,0.9397,0
1174,46.96,81.3973,20.3493,pulse_entry,0.462893,glassy_arps,0.258022,0.455369,0.097461,0.189147,0.9556,120,3.8969,0.6819,0.9557,0
1175,47.0,81.4667,20.3667,pulse_entry,0.463145,glassy_arps,0.250577,0.501033,0.102556,0.145834,0.9505,122,3.9369,0.6886,0.973,0
1176,47.04,81.536,20.384,pulse_entry,0.463396,glassy_arps,0.235152,0.516799,0.104103,0.143946,0.9504,122,3.9514,0.6748,0.9785,0
1177,47.08,81.6053,20.4013,pulse_entry,0.463645,glassy_arps,0.218262,0.505836,0.109674,0.166228,0.9532,122,3.9432,0.6499,0.9974,0
1178,47.12,81.6747,20.4187,pulse_entry,0.463892,glassy_arps,0.194051,0.450211,0.128103,0.227636,0.9607,120,3.897,0.6001,1.0594,0
1179,47.16,81.744,20.436,pulse_entry,0.464138,glassy_arps,0.16628,0.364946,0.170993,0.297781,0.9692,116,3.8256,0.5356,1.2034,0
1180,47.2,81.8133,20.4533,pulse_entry,0.464383,granular_texture,0.144002,0.282753,0.236552,0.336692,0.974,113,3.8027,0.479,1.4233,0
1181,47.24,81.8827,20.4707,pulse_entry,0.464625,granular_texture,0.135113,0.226204,0.29823,0.340453,0.9746,110,3.807,0.4481,1.6302,0
1182,47.28,81.952,20.488,pulse_entry,0.464866,broken_beat,0.142275,0.195364,0.344264,0.318097,0.972,109,3.8113,0.4462,1.7846,0
1183,47.32,82.0213,20.5053,pulse_entry,0.465106,broken_beat,0.164402,0.179327,0.385434,0.270837,0.9664,108,3.8473,0.4683,1.9228,1
1184,47.36,82.0907,20.5227,pulse_entry,0.465344,broken_beat,0.199912,0.171739,0.414484,0.213865,0.9597,108,3.8731,0.51,2.0204,1
1185,47.4,82.16,20.54,pulse_entry,0.46558,broken_beat,0.247682,0.171886,0.408813,0.171619,0.9548,108,3.8693,0.5698,2.0017,0
1186,47.44,82.2293,20.5573,pulse_entry,0.465814,broken_beat,0.299825,0.176784,0.353909,0.169482,0.9546,108,3.8237,0.6367,1.818,0
1187,47.48,82.2987,20.5747,pulse_entry,0.466047,tension_chords,0.349914,0.18419,0.272052,0.193844,0.9576,109,3.8213,0.7019,1.544,0
1188,47.52,82.368,20.592,pulse_entry,0.466278,tension_chords,0.373613,0.180281,0.188636,0.257471,0.9654,109,3.8425,0.7301,1.2648,0
1189,47.56,82.4373,20.6093,pulse_entry,0.466508,tension_chords,0.362009,0.160943,0.130375,0.346673,0.9762,108,3.8337,0.7088,1.0699,0
1190,47.6,82.5067,20.6267,pulse_entry,0.466736,granular_texture,0.339894,0.143301,0.101407,0.415398,0.9845,107,3.8801,0.675,0.9731,0
1191,47.64,82.576,20.644,pulse_entry,0.466962,granular_texture,0.331123,0.141795,0.089475,0.437607,0.9873,107,3.8999,0.6635,0.9334,0
1192,47.68,82.6453,20.6613,pulse_entry,0.467187,granular_texture,0.344137,0.15948,0.085886,0.410496,0.9842,108,3.8779,0.686,0.9216,0
1193,47.72,82.7147,20.6787,pulse_entry,0.467409,tension_chords,0.376477,0.193974,0.08994,0.339608,0.9758,109,3.85,0.7385,0.9354,0
1194,47.76,82.784,20.696,pulse_entry,0.467631,tension_chords,0.410923,0.237688,0.109613,0.241776,0.9641,111,3.8802,0.7968,1.0016,0
1195,47.8,82.8533,20.7133,pulse_entry,0.46785,tension_chords,0.4195,0.273625,0.151643,0.155232,0.9538,113,3.8885,0.8201,1.1426,0
1196,47.84,82.9227,20.7307,pulse_entry,0.468068,tension_chords,0.399721,0.292096,0.197214,0.110969,0.9486,114,3.8727,0.8019,1.2955,0
1197,47.88,82.992,20.748,pulse_entry,0.468284,tension_chords,0.372019,0.298813,0.231275,0.097892,0.9472,114,3.8501,0.7696,1.4099,0
1198,47.92,83.0613,20.7653,pulse_entry,0.468498,tension_chords,0.343455,0.295071,0.253453,0.108021,0.9485,114,3.8268,0.7326,1.4844,1
1199,47.96,83.1307,20.7827,pulse_entry,0.46871,tension_chords,0.315996,0.281448,0.257715,0.144841,0.953,113,3.8044,0.6935,1.4989,0
1200,48.0,83.2,20.8,pulse_entry,0.468921,tension_chords,0.296499,0.264933,0.243435,0.195133,0.9591,113,3.7887,0.6634,1.4513,0
1201,48.04,83.2693,20.8173,pulse_entry,0.46913,tension_chords,0.289426,0.250947,0.215992,0.243636,0.965,112,3.7836,0.6496,1.3596,0
1202,48.08,83.3387,20.8347,pulse_entry,0.469338,tension_chords,0.29929,0.243633,0.183542,0.273535,0.9687,112,3.7929,0.6594,1.2511,0
1203,48.12,83.408,20.852,pulse_entry,0.469543,tension_chords,0.329451,0.243953,0.152303,0.274293,0.9689,112,3.8195,0.6972,1.1467,0
1204,48.16,83.4773,20.8693,pulse_entry,0.469747,tension_chords,0.380191,0.249012,0.127099,0.243698,0.9653,112,3.8635,0.7624,1.0625,0
1205,48.2,83.5467,20.8867,pulse_entry,0.469949,tension_chords,0.441908,0.250904,0.112366,0.194822,0.9596,112,3.9169,0.8402,1.0134,0
1206,48.24,83.616,20.904,pulse_entry,0.470149,tension_chords,0.490936,0.240164,0.109539,0.15936,0.9554,112,3.9595,0.8977,1.0041,0
1207,48.28,83.6853,20.9213,pulse_entry,0.470347,tension_chords,0.510802,0.218003,0.113895,0.157301,0.9552,111,3.9772,0.9148,1.0189,0
1208,48.32,83.7547,20.9387,pulse_entry,0.470544,tension_chords,0.509246,0.195523,0.118903,0.176328,0.9576,110,3.9768,0.905,1.0359,0
1209,48.36,83.824,20.956,pulse_entry,0.470739,tension_chords,0.464278,0.168858,0.115641,0.251223,0.9667,109,3.9394,0.8394,1.0252,0
1210,48.4,83.8933,20.9733,pulse_entry,0.470932,tension_chords,0.393205,0.145716,0.115008,0.346071,0.9782,108,3.8799,0.7425,1.0233,0
1211,48.44,83.9627,20.9907,pulse_entry,0.471123,granular_texture,0.32612,0.131308,0.131472,0.4111,0.986,107,3.8959,0.6536,1.0787,0
1212,48.48,84.032,21.008,pulse_entry,0.471312,granular_texture,0.271407,0.122447,0.168914,0.437232,0.9893,107,3.919,0.5821,1.2043,0
1213,48.52,84.1013,21.0253,pulse_entry,0.4715,granular_texture,0.234547,0.122151,0.230925,0.412377,0.9864,107,3.8987,0.5359,1.4122,1
1214,48.56,84.1707,21.0427,pulse_entry,0.471685,granular_texture,0.213952,0.13377,0.312194,0.340084,0.9778,107,3.8381,0.5143,1.6847,0
1215,48.6,84.24,21.06,pulse_entry,0.471869,broken_beat,0.204066,0.159069,0.391733,0.245131,0.9665,109,3.8828,0.5108,1.9514,0
1216,48.64,84.3093,21.0773,pulse_entry,0.472051,broken_beat,0.198508,0.197249,0.436421,0.167822,0.9573,110,3.9216,0.5172,2.1013,0
1217,48.68,84.3787,21.0947,pulse_entry,0.472231,broken_beat,0.194051,0.245219,0.424596,0.136135,0.9536,112,3.9123,0.5284,2.0619,0
1218,48.72,84.448,21.112,pulse_entry,0.47241,broken_beat,0.193104,0.302782,0.367667,0.136447,0.9537,115,3.8647,0.5474,1.8713,0
1219,48.76,84.5173,21.1293,pulse_entry,0.472586,glassy_arps,0.191768,0.359286,0.282167,0.16678,0.9574,117,3.8584,0.5655,1.5851,1
1220,48.8,84.5867,21.1467,pulse_entry,0.47276,glassy_arps,0.176923,0.379853,0.185604,0.25762,0.9684,118,3.8767,0.5541,1.2618,1
1221,48.84,84.656,21.164,pulse_entry,0.472933,glassy_arps,0.160309,0.374577,0.118157,0.346957,0.9792,118,3.8729,0.5315,1.0361,0
1222,48.88,84.7253,21.1813,pulse_entry,0.473104,granular_texture,0.156316,0.374911,0.086921,0.381851,0.9834,118,3.8799,0.5266,0.9316,0
1223,48.92,84.7947,21.1987,pulse_entry,0.473272,granular_texture,0.16289,0.377705,0.07695,0.382455,0.9836,118,3.8811,0.5358,0.8984,0
1224,48.96,84.864,21.216,pulse_entry,0.473439,glassy_arps,0.182634,0.387016,0.079469,0.350881,0.9799,118,3.8858,0.5637,0.907,0
1225,49.0,84.9333,21.2333,pulse_entry,0.473604,glassy_arps,0.21905,0.404673,0.088294,0.287983,0.9724,119,3.9015,0.6154,0.9367,0
1226,49.04,85.0027,21.2507,pulse_entry,0.473767,glassy_arps,0.267981,0.417223,0.102079,0.212717,0.9635,120,3.9129,0.681,0.9831,0
1227,49.08,85.072,21.268,pulse_entry,0.473928,glassy_arps,0.313608,0.400523,0.125386,0.160483,0.9573,119,3.8994,0.7322,1.0614,0
1228,49.12,85.1413,21.2853,pulse_entry,0.474088,glassy_arps,0.342798,0.344734,0.166541,0.145927,0.9556,117,3.8527,0.7492,1.1994,0
1229,49.16,85.2107,21.3027,pulse_entry,0.474245,tension_chords,0.358084,0.26699,0.227371,0.147555,0.9559,113,3.8648,0.7411,1.4034,0
1230,49.2,85.28,21.32,pulse_entry,0.4744,tension_chords,0.348138,0.185629,0.281132,0.185102,0.9604,110,3.857,0.7001,1.5836,0
1231,49.24,85.3493,21.3373,pulse_entry,0.474553,tension_chords,0.313702,0.124454,0.296621,0.265223,0.9701,107,3.8284,0.6357,1.6357,0
1232,49.28,85.4187,21.3547,pulse_entry,0.474705,granular_texture,0.285932,0.092809,0.285682,0.335577,0.9786,106,3.8477,0.5899,1.5992,0
1233,49.32,85.488,21.372,pulse_entry,0.474854,granular_texture,0.293258,0.084781,0.277938,0.344023,0.9797,106,3.8555,0.5962,1.5734,0
1234,49.36,85.5573,21.3893,pulse_entry,0.475001,tension_chords,0.328143,0.088398,0.265262,0.318197,0.9767,106,3.8427,0.6411,1.5311,1
1235,49.4,85.6267,21.4067,pulse_entry,0.475147,tension_chords,0.385516,0.097918,0.241859,0.274707,0.9715,106,3.8921,0.7162,1.4529,0
1236,49.44,85.696,21.424,pulse_entry,0.47529,tension_chords,0.463842,0.113016,0.210443,0.212699,0.9642,107,3.9593,0.8194,1.3478,0
1237,49.48,85.7653,21.4413,pulse_entry,0.475432,tension_chords,0.544181,0.13314,0.167914,0.154765,0.9573,108,4.0282,0.9268,1.2055,0
1238,49.52,85.8347,21.4587,pulse_entry,0.475571,tension_chords,0.594433,0.156029,0.121367,0.128171,0.9541,109,4.0716,0.9977,1.0497,0
1239,49.56,85.904,21.476,pulse_entry,0.475708,tension_chords,0.601424,0.18126,0.093829,0.123487,0.9536,110,4.0781,1.0152,0.9576,0
1240,49.6,85.9733,21.4933,pulse_entry,0.475844,tension_chords,0.569831,0.208247,0.083373,0.138549,0.9555,111,4.0519,0.9852,0.9227,0
1241,49.64,86.0427,21.5107,pulse_entry,0.475977,tension_chords,0.502245,0.230553,0.07545,0.191752,0.962,112,3.995,0.9085,0.8963,0
1242,49.68,86.112,21.528,pulse_entry,0.476108,tension_chords,0.4155,0.243056,0.067066,0.274378,0.9719,113,3.9219,0.8044,0.8684,0
1243,49.72,86.1813,21.5453,pulse_entry,0.476238,granular_texture,0.336665,0.249509,0.063999,0.349827,0.981,113,3.8666,0.7082,0.8583,0
1244,49.76,86.2507,21.5627,pulse_entry,0.476365,granular_texture,0.296932,0.273205,0.077778,0.352085,0.9814,114,3.8691,0.6668,0.9046,0
1245,49.8,86.32,21.58,pulse_entry,0.47649,glassy_arps,0.282195,0.31492,0.114944,0.287941,0.9737,116,3.8381,0.663,1.0292,0
1246,49.84,86.3893,21.5973,pulse_entry,0.476613,glassy_arps,0.266982,0.354172,0.170765,0.208081,0.9642,117,3.872,0.6577,1.2163,0
1247,49.88,86.4587,21.6147,pulse_entry,0.476734,glassy_arps,0.248922,0.379648,0.233128,0.138302,0.9559,119,3.8942,0.644,1.4254,0
1248,49.92,86.528,21.632,pulse_entry,0.476853,glassy_arps,0.232463,0.378824,0.288289,0.100424,0.9514,118,3.894,0.6232,1.6103,1
1249,49.96,86.5973,21.6493,pulse_entry,0.47697,glassy_arps,0.222994,0.349379,0.330576,0.09705,0.9511,117,3.8695,0.601,1.7521,1
1250,50.0,86.6667,21.6667,pulse_entry,0.477085,broken_beat,0.221653,0.305024,0.36073,0.112593,0.953,115,3.8796,0.5838,1.8532,0
1251,50.04,86.736,21.684,pulse_entry,0.477197,broken_beat,0.218323,0.25403,0.361084,0.166562,0.9595,113,3.8804,0.5618,1.8545,0
1252,50.08,86.8053,21.7013,pulse_entry,0.477308,broken_beat,0.211323,0.208882,0.30857,0.271225,0.9721,111,3.8363,0.5373,1.6787,0
1253,50.12,86.8747,21.7187,pulse_entry,0.477416,granular_texture,0.202729,0.173918,0.213767,0.409586,0.9888,110,3.9227,0.5143,1.3613,0
1254,50.16,86.944,21.736,pulse_entry,0.477522,granular_texture,0.188652,0.145125,0.133745,0.532479,1.0036,109,4.0276,0.4866,1.0933,0
1255,50.2,87.0133,21.7533,pulse_entry,0.477627,granular_texture,0.189832,0.136887,0.104591,0.56869,1.008,108,4.0588,0.4852,0.9958,0
1256,50.24,87.0827,21.7707,pulse_entry,0.477729,granular_texture,0.225886,0.15931,0.115349,0.499455,0.9997,109,4.0004,0.5381,1.0319,0
1257,50.28,87.152,21.788,pulse_entry,0.477829,granular_texture,0.2779,0.196026,0.141575,0.384498,0.9859,111,3.9032,0.616,1.1199,0
1258,50.32,87.2213,21.8053,pulse_entry,0.477926,tension_chords,0.321937,0.227356,0.164221,0.286486,0.9742,112,3.8504,0.682,1.1959,0
1259,50.36,87.2907,21.8227,pulse_entry,0.478022,tension_chords,0.339665,0.241995,0.177125,0.241215,0.9688,113,3.8659,0.7093,1.2392,0
1260,50.4,87.36,21.84,pulse_entry,0.478115,tension_chords,0.331262,0.245323,0.195041,0.228374,0.9673,113,3.8592,0.6999,1.2993,0
1261,50.44,87.4293,21.8573,pulse_entry,0.478207,tension_chords,0.297782,0.239474,0.225982,0.236762,0.9684,113,3.8311,0.656,1.4031,0
1262,50.48,87.4987,21.8747,pulse_entry,0.478296,granular_texture,0.246445,0.223107,0.253412,0.277036,0.9733,112,3.8139,0.5861,1.4951,0
1263,50.52,87.568,21.892,pulse_entry,0.478383,granular_texture,0.203677,0.210613,0.270768,0.314943,0.9778,112,3.8465,0.5283,1.5533,1
1264,50.56,87.6373,21.9093,pulse_entry,0.478467,granular_texture,0.178718,0.210406,0.282104,0.328772,0.9795,112,3.8586,0.497,1.5914,0
1265,50.6,87.7067,21.9267,pulse_entry,0.47855,granular_texture,0.167639,0.222343,0.290389,0.319629,0.9785,112,3.8512,0.4874,1.6192,0
1266,50.64,87.776,21.944,pulse_entry,0.47863,broken_beat,0.172196,0.251491,0.294828,0.281486,0.9739,113,3.8305,0.5033,1.6342,0
1267,50.68,87.8453,21.9613,pulse_entry,0.478708,glassy_arps,0.204049,0.309687,0.282461,0.203803,0.9647,116,3.8435,0.5635,1.5928,0
1268,50.72,87.9147,21.9787,pulse_entry,0.478784,glassy_arps,0.260507,0.374057,0.2333,0.132137,0.9561,119,3.8985,0.6566,1.4282,0
1269,50.76,87.984,21.996,pulse_entry,0.478858,glassy_arps,0.324531,0.403876,0.171064,0.10053,0.9523,120,3.9242,0.747,1.2198,0
1270,50.8,88.0533,22.0133,pulse_entry,0.478929,glassy_arps,0.381214,0.395532,0.123064,0.100189,0.9523,119,3.9174,0.815,1.0591,0
1271,50.84,88.1227,22.0307,pulse_entry,0.478999,tension_chords,0.423517,0.368466,0.094621,0.113396,0.9539,118,3.9415,0.8584,0.9639,0
1272,50.88,88.192,22.048,pulse_entry,0.479066,tension_chords,0.437692,0.323051,0.081102,0.158155,0.9593,116,3.9539,0.8602,0.9187,0
1273,50.92,88.2613,22.0653,pulse_entry,0.47913,tension_chords,0.425786,0.26498,0.075336,0.233898,0.9685,114,3.944,0.825,0.8994,0
1274,50.96,88.3307,22.0827,pulse_entry,0.479193,tension_chords,0.408194,0.210166,0.071995,0.309645,0.9776,112,3.9294,0.7838,0.8883,0
1275,51.0,88.4,22.1,pulse_entry,0.479253,tension_chords,0.402184,0.168773,0.071445,0.357598,0.9834,110,3.9245,0.7618,0.8865,0
1276,51.04,88.4693,22.1173,pulse_entry,0.479311,tension_chords,0.410696,0.14127,0.078936,0.369099,0.9848,109,3.932,0.7628,0.9117,0
1277,51.08,88.5387,22.1347,pulse_entry,0.479366,tension_chords,0.42902,0.125431,0.104085,0.341464,0.9815,108,3.9478,0.7802,0.996,0
1278,51.12,88.608,22.152,pulse_entry,0.47942,tension_chords,0.460901,0.121962,0.161668,0.255469,0.9712,108,3.9752,0.8188,1.1889,0
1279,51.16,88.6773,22.1693,pulse_entry,0.479471,tension_chords,0.470868,0.120773,0.252309,0.15605,0.9593,108,3.9839,0.8309,1.4927,0
1280,51.2,88.7467,22.1867,pulse_entry,0.47952,tension_chords,0.427556,0.111683,0.347567,0.113195,0.9542,108,3.9473,0.7735,1.8118,0
1281,51.24,88.816,22.204,pulse_entry,0.479566,broken_beat,0.377458,0.102647,0.416417,0.103478,0.953,107,3.938,0.7077,2.0425,0
1282,51.28,88.8853,22.2213,pulse_entry,0.47961,broken_beat,0.351886,0.102097,0.423428,0.122589,0.9553,107,3.9442,0.6756,2.0661,0
1283,51.32,88.9547,22.2387,pulse_entry,0.479652,broken_beat,0.336382,0.110066,0.366681,0.18687,0.9631,108,3.8961,0.659,1.876,0
1284,51.36,89.024,22.256,pulse_entry,0.479691,tension_chords,0.313498,0.125781,0.285575,0.275146,0.9737,108,3.8511,0.6359,1.6043,1
1285,51.4,89.0933,22.2733,pulse_entry,0.479728,granular_texture,0.288346,0.155683,0.209249,0.346722,0.9823,110,3.8795,0.6149,1.3487,1
1286,51.44,89.1627,22.2907,pulse_entry,0.479763,granular_texture,0.269618,0.207823,0.149004,0.373555,0.9855,112,3.9025,0.6098,1.1469,0
1287,51.48,89.232,22.308,pulse_entry,0.479796,granular_texture,0.259045,0.28011,0.110162,0.350683,0.9828,115,3.8832,0.6218,1.0168,0
1288,51.52,89.3013,22.3253,pulse_entry,0.479826,glassy_arps,0.254678,0.357624,0.093217,0.294481,0.9761,118,3.8892,0.6435,0.9601,0
1289,51.56,89.3707,22.3427,pulse_entry,0.479853,glassy_arps,0.256065,0.432111,0.093804,0.218021,0.9669,121,3.9526,0.6713,0.9621,0
1290,51.6,89.44,22.36,pulse_entry,0.479879,glassy_arps,0.253864,0.491649,0.100339,0.154148,0.9592,124,4.0034,0.6894,0.984,0
1291,51.64,89.5093,22.3773,pulse_entry,0.479902,glassy_arps,0.239384,0.51646,0.102452,0.141704,0.9578,125,4.0246,0.68,0.9911,0
1292,51.68,89.5787,22.3947,pulse_entry,0.479922,glassy_arps,0.22381,0.518471,0.10578,0.151939,0.959,125,4.0264,0.6612,1.0023,0
1293,51.72,89.648,22.412,pulse_entry,0.47994,glassy_arps,0.202385,0.479316,0.118166,0.200133,0.9648,123,3.9932,0.6207,1.0438,0
1294,51.76,89.7173,22.4293,pulse_entry,0.479956,glassy_arps,0.174953,0.400508,0.151074,0.273465,0.9736,120,3.9262,0.5589,1.154,0
1295,51.8,89.7867,22.4467,pulse_entry,0.47997,granular_texture,0.149503,0.312387,0.210719,0.32739,0.9801,116,3.8641,0.4962,1.3539,0
1296,51.84,89.856,22.464,pulse_entry,0.47998,granular_texture,0.134968,0.244175,0.277724,0.343133,0.982,113,3.8776,0.4542,1.5784,0
1297,51.88,89.9253,22.4813,pulse_entry,0.479989,granular_texture,0.136002,0.204365,0.329231,0.330402,0.9804,112,3.8668,0.4415,1.7509,0
1298,51.92,89.9947,22.4987,pulse_entry,0.479995,broken_beat,0.152695,0.183661,0.371918,0.291726,0.9758,111,3.9021,0.4552,1.8939,0
1299,51.96,90.064,22.516,pulse_entry,0.479999,broken_beat,0.183317,0.172972,0.408578,0.235133,0.969,110,3.9333,0.4897,2.0167,1
1300,52.0,90.1333,22.5333,harmony_expansion,0.42,broken_beat,0.283207,0.193797,0.397332,0.125664,0.9283,102,3.6567,0.6218,1.9131,0
1301,52.04,90.2027,22.5507,harmony_expansion,0.420001,broken_beat,0.340429,0.200419,0.359814,0.099339,0.9251,103,3.6248,0.6957,1.7874,0
1302,52.08,90.272,22.568,harmony_expansion,0.420004,tension_chords,0.395946,0.209768,0.286087,0.108199,0.9262,103,3.6556,0.7684,1.5404,0
1303,52.12,90.3413,22.5853,harmony_expansion,0.42001,tension_chords,0.432818,0.212585,0.203599,0.150998,0.9313,103,3.6869,0.8154,1.2641,0
1304,52.16,90.4107,22.6027,harmony_expansion,0.420018,tension_chords,0.428201,0.196438,0.13791,0.237451,0.9417,102,3.6831,0.804,1.044,0
1305,52.2,90.48,22.62,harmony_expansion,0.420028,tension_chords,0.399636,0.173056,0.101837,0.32547,0.9523,101,3.6588,0.7601,0.9232,0
1306,52.24,90.5493,22.6373,harmony_expansion,0.42004,tension_chords,0.37839,0.161931,0.08639,0.373289,0.958,101,3.6408,0.7297,0.8715,0
1307,52.28,90.6187,22.6547,harmony_expansion,0.420055,tension_chords,0.379677,0.170677,0.080734,0.368912,0.9575,101,3.642,0.7343,0.8525,0
1308,52.32,90.688,22.672,harmony_expansion,0.420072,tension_chords,0.404721,0.198278,0.081428,0.315573,0.9511,102,3.6633,0.7753,0.8549,0
1309,52.36,90.7573,22.6893,harmony_expansion,0.42009,tension_chords,0.441516,0.239156,0.093114,0.226213,0.9404,104,3.6947,0.8356,0.894,0
1310,52.4,90.8267,22.7067,harmony_expansion,0.420112,tension_chords,0.461429,0.278689,0.126187,0.133695,0.9293,106,3.7117,0.8743,1.0048,0
1311,52.44,90.896,22.724,harmony_expansion,0.420135,tension_chords,0.447841,0.301717,0.172695,0.077746,0.9226,107,3.7003,0.8654,1.1607,0
1312,52.48,90.9653,22.7413,harmony_expansion,0.42016,tension_chords,0.417747,0.310117,0.210771,0.061365,0.9206,107,3.6748,0.8307,1.2883,0
1313,52.52,91.0347,22.7587,harmony_expansion,0.420188,tension_chords,0.387412,0.309842,0.238459,0.064287,0.921,107,3.6491,0.7927,1.381,1
1314,52.56,91.104,22.776,harmony_expansion,0.420218,tension_chords,0.355988,0.298184,0.250459,0.095369,0.9247,107,3.6226,0.7493,1.4213,1
1315,52.6,91.1733,22.7933,harmony_expansion,0.42025,tension_chords,0.331095,0.281627,0.24378,0.143498,0.9305,106,3.6015,0.7124,1.3989,0
1316,52.64,91.2427,22.8107,harmony_expansion,0.420284,tension_chords,0.317861,0.265967,0.221155,0.195018,0.9367,105,3.5904,0.6904,1.3232,0
1317,52.68,91.312,22.828,harmony_expansion,0.420321,tension_chords,0.321291,0.256226,0.190279,0.232203,0.9412,105,3.5935,0.6913,1.2198,0
1318,52.72,91.3813,22.8453,harmony_expansion,0.420359,tension_chords,0.34557,0.254816,0.158154,0.241459,0.9423,105,3.6143,0.7211,1.1122,0
1319,52.76,91.4507,22.8627,harmony_expansion,0.4204,tension_chords,0.392688,0.260573,0.129898,0.216841,0.9394,105,3.6546,0.7821,1.0176,0
1320,52.8,91.52,22.88,harmony_expansion,0.420442,tension_chords,0.457334,0.26757,0.110141,0.164955,0.9332,105,3.7097,0.8653,0.9515,0
1321,52.84,91.5893,22.8973,harmony_expansion,0.420487,tension_chords,0.519178,0.265537,0.102112,0.113173,0.927,105,3.7625,0.9419,0.9246,0
1322,52.88,91.6587,22.9147,harmony_expansion,0.420535,tension_chords,0.55369,0.249525,0.103615,0.093169,0.9246,105,3.792,0.9794,0.9297,0
1323,52.92,91.728,22.932,harmony_expansion,0.420584,tension_chords,0.563162,0.229078,0.108627,0.099132,0.9254,104,3.8003,0.9841,0.9465,0
1324,52.96,91.7973,22.9493,harmony_expansion,0.420635,tension_chords,0.538383,0.205531,0.108847,0.147239,0.9312,103,3.7795,0.9449,0.9473,0
1325,53.0,91.8667,22.9667,harmony_expansion,0.420688,tension_chords,0.470834,0.178542,0.105517,0.245108,0.9429,102,3.7223,0.851,0.9362,0
1326,53.04,91.936,22.984,harmony_expansion,0.420744,tension_chords,0.399253,0.159696,0.115155,0.325896,0.9526,101,3.6617,0.755,0.9686,0
1327,53.08,92.0053,23.0013,harmony_expansion,0.420802,granular_texture,0.337238,0.147239,0.143547,0.371977,0.9582,100,3.6387,0.6731,1.0638,0
1328,53.12,92.0747,23.0187,harmony_expansion,0.420861,granular_texture,0.292897,0.142355,0.194543,0.370206,0.958,100,3.6375,0.6159,1.2347,1
1329,53.16,92.144,23.036,harmony_expansion,0.420923,granular_texture,0.267665,0.148948,0.267277,0.31611,0.9516,101,3.5918,0.5867,1.4784,0
1330,53.2,92.2133,23.0533,harmony_expansion,0.420987,broken_beat,0.256689,0.168962,0.347531,0.226817,0.9409,101,3.6188,0.58,1.7473,0
1331,53.24,92.2827,23.0707,harmony_expansion,0.421053,broken_beat,0.252429,0.202098,0.406562,0.138912,0.9304,103,3.6693,0.5863,1.9451,0
1332,53.28,92.352,23.088,harmony_expansion,0.421121,broken_beat,0.248963,0.245373,0.416216,0.089448,0.9244,105,3.6778,0.5971,1.9776,0
1333,53.32,92.4213,23.1053,harmony_expansion,0.421191,broken_beat,0.246877,0.297037,0.375038,0.081048,0.9235,107,3.6431,0.6126,1.8397,0
1334,53.36,92.4907,23.1227,harmony_expansion,0.421264,glassy_arps,0.2481,0.355453,0.302722,0.093725,0.925,109,3.6268,0.6345,1.5975,0
1335,53.4,92.56,23.14,harmony_expansion,0.421338,glassy_arps,0.236808,0.390744,0.210477,0.161971,0.9333,111,3.6571,0.6328,1.2886,1
1336,53.44,92.6293,23.1573,harmony_expansion,0.421414,glassy_arps,0.213083,0.388649,0.13208,0.266188,0.9458,111,3.6556,0.6024,1.026,0
1337,53.48,92.6987,23.1747,harmony_expansion,0.421493,glassy_arps,0.200918,0.385443,0.090556,0.323084,0.9527,111,3.6533,0.5861,0.887,0
1338,53.52,92.768,23.192,harmony_expansion,0.421573,glassy_arps,0.202372,0.387223,0.07435,0.336055,0.9543,111,3.6551,0.5885,0.8328,0
1339,53.56,92.8373,23.2093,harmony_expansion,0.421656,glassy_arps,0.217122,0.393274,0.072829,0.316775,0.952,111,3.6607,0.609,0.8278,0
1340,53.6,92.9067,23.2267,harmony_expansion,0.42174,glassy_arps,0.249807,0.408859,0.079064,0.26227,0.9455,112,3.6743,0.6554,0.8488,0
1341,53.64,92.976,23.244,harmony_expansion,0.421827,glassy_arps,0.299053,0.426733,0.089621,0.184592,0.9362,112,3.6899,0.7232,0.8842,0
1342,53.68,93.0453,23.2613,harmony_expansion,0.421915,glassy_arps,0.350762,0.425282,0.106963,0.116992,0.9281,112,3.689,0.7873,0.9424,0
1343,53.72,93.1147,23.2787,harmony_expansion,0.422006,tension_chords,0.386124,0.385755,0.138651,0.089471,0.9249,111,3.6561,0.8177,1.0487,0
1344,53.76,93.184,23.296,harmony_expansion,0.422098,tension_chords,0.404669,0.316871,0.191139,0.087321,0.9246,108,3.6723,0.8167,1.2246,0
1345,53.8,93.2533,23.3133,harmony_expansion,0.422193,tension_chords,0.401929,0.235767,0.250759,0.111544,0.9276,104,3.6704,0.7849,1.4245,0
1346,53.84,93.3227,23.3307,harmony_expansion,0.422289,tension_chords,0.369188,0.164142,0.283577,0.183094,0.9362,101,3.643,0.7189,1.5345,0
1347,53.88,93.392,23.348,harmony_expansion,0.422388,tension_chords,0.327945,0.118949,0.280488,0.272619,0.947,100,3.6084,0.6516,1.5243,0
1348,53.92,93.4613,23.3653,harmony_expansion,0.422488,tension_chords,0.318286,0.102118,0.271782,0.307814,0.9513,99,3.6006,0.6336,1.4952,0
1349,53.96,93.5307,23.3827,harmony_expansion,0.422591,tension_chords,0.344094,0.102718,0.262892,0.290297,0.9492,99,3.623,0.6661,1.4655,1
1350,54.0,93.6,23.4,harmony_expansion,0.422695,tension_chords,0.393808,0.111343,0.243044,0.251805,0.9447,99,3.6657,0.7312,1.3992,1
1351,54.04,93.6693,23.4173,harmony_expansion,0.422802,tension_chords,0.466997,0.126019,0.214609,0.192375,0.9376,100,3.7284,0.8279,1.304,0
1352,54.08,93.7387,23.4347,harmony_expansion,0.42291,tension_chords,0.551233,0.145992,0.177043,0.125732,0.9296,101,3.8005,0.9401,1.1783,0
1353,54.12,93.808,23.452,harmony_expansion,0.423021,tension_chords,0.616558,0.168533,0.13071,0.084199,0.9247,102,3.8565,1.0297,1.0232,0
1354,54.16,93.8773,23.4693,harmony_expansion,0.423133,tension_chords,0.638072,0.191389,0.095333,0.075206,0.9237,103,3.8753,1.0646,0.9048,0
1355,54.2,93.9467,23.4867,harmony_expansion,0.423247,tension_chords,0.621069,0.216493,0.081153,0.081285,0.9244,104,3.8614,1.0521,0.8574,0
1356,54.24,94.016,23.504,harmony_expansion,0.423363,tension_chords,0.565006,0.239,0.073917,0.122077,0.9294,105,3.8142,0.9899,0.8333,0
1357,54.28,94.0853,23.5213,harmony_expansion,0.423482,tension_chords,0.482219,0.25356,0.066203,0.198018,0.9386,105,3.7444,0.8915,0.8076,0
1358,54.32,94.1547,23.5387,harmony_expansion,0.423602,tension_chords,0.394203,0.258494,0.060498,0.286805,0.9493,106,3.6701,0.7832,0.7886,0
1359,54.36,94.224,23.556,harmony_expansion,0.423724,tension_chords,0.337367,0.271924,0.066476,0.324232,0.9538,106,3.6223,0.7169,0.8088,0
1360,54.4,94.2933,23.5733,harmony_expansion,0.423847,tension_chords,0.318562,0.308623,0.093703,0.279112,0.9485,108,3.6069,0.7062,0.9001,0
1361,54.44,94.3627,23.5907,harmony_expansion,0.423973,glassy_arps,0.306671,0.350005,0.141849,0.201474,0.9392,109,3.6342,0.7058,1.0616,0
1362,54.48,94.432,23.608,harmony_expansion,0.424101,glassy_arps,0.29076,0.38167,0.201548,0.126021,0.9302,111,3.6617,0.697,1.2617,0
1363,54.52,94.5013,23.6253,harmony_expansion,0.424231,glassy_arps,0.274264,0.392277,0.258988,0.074471,0.9241,111,3.6713,0.6801,1.4543,1
1364,54.56,94.5707,23.6427,harmony_expansion,0.424362,glassy_arps,0.263297,0.373777,0.304559,0.058367,0.9222,111,3.6561,0.6599,1.6071,1
1365,54.6,94.64,23.66,harmony_expansion,0.424496,broken_beat,0.262544,0.335762,0.338242,0.063452,0.9229,109,3.6265,0.6457,1.7201,0
1366,54.64,94.7093,23.6773,harmony_expansion,0.424631,broken_beat,0.264595,0.288923,0.351835,0.094647,0.9267,107,3.6387,0.6319,1.7657,0
1367,54.68,94.7787,23.6947,harmony_expansion,0.424768,broken_beat,0.261185,0.24267,0.321756,0.17439,0.9363,105,3.6137,0.6114,1.6651,0
1368,54.72,94.848,23.712,harmony_expansion,0.424907,granular_texture,0.256029,0.206559,0.240838,0.296573,0.951,104,3.5929,0.5923,1.3942,0
1369,54.76,94.9173,23.7293,harmony_expansion,0.425048,granular_texture,0.244152,0.176133,0.151135,0.42858,0.967,102,3.7058,0.5668,1.0939,0
1370,54.8,94.9867,23.7467,harmony_expansion,0.425191,granular_texture,0.235944,0.158152,0.103481,0.502423,0.9759,102,3.7692,0.5503,0.9344,0
1371,54.84,95.056,23.764,harmony_expansion,0.425336,granular_texture,0.265628,0.172253,0.100492,0.461627,0.971,102,3.7351,0.5923,0.9245,0
1372,54.88,95.1253,23.7813,harmony_expansion,0.425482,granular_texture,0.326079,0.21028,0.120528,0.343112,0.9569,104,3.635,0.6812,0.9918,0
1373,54.92,95.1947,23.7987,harmony_expansion,0.42563,tension_chords,0.385012,0.248617,0.142525,0.223845,0.9427,105,3.6713,0.7683,1.0657,0
1374,54.96,95.264,23.816,harmony_expansion,0.425781,tension_chords,0.419229,0.271548,0.156484,0.152738,0.9342,106,3.7011,0.8191,1.1126,0
1375,55.0,95.3333,23.8333,harmony_expansion,0.425933,tension_chords,0.418135,0.276641,0.168943,0.13628,0.9323,107,3.7008,0.8195,1.1545,0
1376,55.04,95.4027,23.8507,harmony_expansion,0.426086,tension_chords,0.389684,0.272815,0.196262,0.141239,0.9329,107,3.6773,0.7826,1.2462,0
1377,55.08,95.472,23.868,harmony_expansion,0.426242,tension_chords,0.330493,0.254392,0.228415,0.1867,0.9385,106,3.6277,0.7022,1.3541,0
1378,55.12,95.5413,23.8853,harmony_expansion,0.4264,tension_chords,0.269328,0.233725,0.252244,0.244703,0.9455,105,3.5764,0.6185,1.4341,1
1379,55.16,95.6107,23.9027,harmony_expansion,0.426559,granular_texture,0.227686,0.224447,0.267686,0.280181,0.9498,105,3.5863,0.5632,1.486,1
1380,55.2,95.68,23.92,harmony_expansion,0.42672,granular_texture,0.204983,0.228899,0.278729,0.287389,0.9508,105,3.5932,0.5363,1.5231,0
1381,55.24,95.7493,23.9373,harmony_expansion,0.426883,broken_beat,0.197914,0.247645,0.286108,0.268333,0.9486,106,3.5928,0.5341,1.548,0
1382,55.28,95.8187,23.9547,harmony_expansion,0.427048,glassy_arps,0.217218,0.293366,0.283659,0.205757,0.9411,108,3.5997,0.5742,1.54,0
1383,55.32,95.888,23.972,harmony_expansion,0.427214,glassy_arps,0.267537,0.360235,0.24886,0.123367,0.9313,110,3.6573,0.6605,1.4236,0
1384,55.36,95.9573,23.9893,harmony_expansion,0.427382,glassy_arps,0.332778,0.40637,0.187765,0.073086,0.9254,112,3.6973,0.7582,1.2191,0
1385,55.4,96.0267,24.0067,harmony_expansion,0.427552,glassy_arps,0.394868,0.411592,0.133655,0.059885,0.9239,113,3.7025,0.8376,1.0381,0
1386,55.44,96.096,24.024,harmony_expansion,0.427724,tension_chords,0.4448,0.39202,0.098371,0.064808,0.9245,112,3.7315,0.8932,0.92,0
1387,55.48,96.1653,24.0413,harmony_expansion,0.427898,tension_chords,0.471525,0.355709,0.080128,0.092637,0.9279,110,3.7549,0.9139,0.8591,0
1388,55.52,96.2347,24.0587,harmony_expansion,0.428073,tension_chords,0.467445,0.302384,0.072486,0.157685,0.9358,108,3.7523,0.8901,0.8337,0
1389,55.56,96.304,24.076,harmony_expansion,0.42825,tension_chords,0.448503,0.245588,0.068777,0.237132,0.9455,106,3.7369,0.8466,0.8215,0
1390,55.6,96.3733,24.0933,harmony_expansion,0.428429,tension_chords,0.436168,0.199298,0.066913,0.297621,0.9528,104,3.7273,0.815,0.8154,0
1391,55.64,96.4427,24.1107,harmony_expansion,0.42861,tension_chords,0.43981,0.1677,0.070203,0.322286,0.9558,102,3.7312,0.8085,0.8267,0
1392,55.68,96.512,24.128,harmony_expansion,0.428792,tension_chords,0.45511,0.148446,0.086204,0.31024,0.9545,102,3.745,0.8208,0.8805,0
1393,55.72,96.5813,24.1453,harmony_expansion,0.428976,tension_chords,0.483985,0.141875,0.127554,0.246587,0.9469,101,3.7703,0.8546,1.0192,0
1394,55.76,96.6507,24.1627,harmony_expansion,0.429162,tension_chords,0.51214,0.143269,0.204367,0.140225,0.9342,102,3.7951,0.8903,1.2767,0
1395,55.8,96.72,24.18,harmony_expansion,0.429349,tension_chords,0.487027,0.136676,0.298675,0.077622,0.9268,101,3.7746,0.8566,1.5928,0
1396,55.84,96.7893,24.1973,harmony_expansion,0.429539,tension_chords,0.431066,0.124665,0.380398,0.063871,0.9253,101,3.7279,0.7825,1.8668,0
1397,55.88,96.8587,24.2147,harmony_expansion,0.429729,broken_beat,0.395451,0.119661,0.414787,0.070101,0.9261,101,3.7149,0.7362,1.9822,0
1398,55.92,96.928,24.232,harmony_expansion,0.429922,broken_beat,0.379802,0.124562,0.380374,0.115262,0.9316,101,3.6865,0.7183,1.8672,0
1399,55.96,96.9973,24.2493,harmony_expansion,0.430116,tension_chords,0.361077,0.136551,0.306296,0.196075,0.9414,101,3.6709,0.6991,1.6192,0
1400,56.0,97.0667,24.2667,harmony_expansion,0.430312,tension_chords,0.335866,0.158824,0.228707,0.276602,0.9511,102,3.6504,0.6754,1.3595,1
1401,56.04,97.136,24.284,harmony_expansion,0.43051,granular_texture,0.314924,0.200431,0.163232,0.321413,0.9566,104,3.639,0.6638,1.1404,0
1402,56.08,97.2053,24.3013,harmony_expansion,0.43071,granular_texture,0.303154,0.264586,0.11676,0.3155,0.956,107,3.6348,0.6715,0.9849,0
1403,56.12,97.2747,24.3187,harmony_expansion,0.430911,glassy_arps,0.299474,0.340381,0.091806,0.268339,0.9504,110,3.6569,0.6935,0.9016,0
1404,56.16,97.344,24.336,harmony_expansion,0.431113,glassy_arps,0.302672,0.414738,0.086002,0.196589,0.9419,113,3.721,0.7235,0.8823,0
1405,56.2,97.4133,24.3533,harmony_expansion,0.431318,glassy_arps,0.308548,0.482455,0.091246,0.117751,0.9325,116,3.7795,0.7545,0.9001,0
1406,56.24,97.4827,24.3707,harmony_expansion,0.431524,glassy_arps,0.30018,0.519431,0.094709,0.08568,0.9288,118,3.8118,0.757,0.912,0
1407,56.28,97.552,24.388,harmony_expansion,0.431732,glassy_arps,0.285453,0.530618,0.096434,0.087495,0.9291,118,3.8222,0.7425,0.918,0
1408,56.32,97.6213,24.4053,harmony_expansion,0.431941,glassy_arps,0.266213,0.510512,0.103914,0.119362,0.933,117,3.8061,0.7114,0.9432,0
1409,56.36,97.6907,24.4227,harmony_expansion,0.432152,glassy_arps,0.236798,0.446279,0.127005,0.189917,0.9416,115,3.7524,0.6522,1.0208,0
1410,56.4,97.76,24.44,harmony_expansion,0.432365,glassy_arps,0.203996,0.359071,0.176111,0.260822,0.9502,111,3.6792,0.5807,1.1856,0
1411,56.44,97.8293,24.4573,harmony_expansion,0.432579,granular_texture,0.179647,0.281366,0.243046,0.29594,0.9545,108,3.6265,0.523,1.41,0
1412,56.48,97.8987,24.4747,harmony_expansion,0.432795,broken_beat,0.172943,0.231724,0.300115,0.295218,0.9545,106,3.631,0.4973,1.6015,0
1413,56.52,97.968,24.492,harmony_expansion,0.433012,broken_beat,0.185802,0.206526,0.342862,0.26481,0.951,105,3.6683,0.5045,1.7449,0
1414,56.56,98.0373,24.5093,harmony_expansion,0.433232,broken_beat,0.215607,0.194928,0.380871,0.208595,0.9443,104,3.7016,0.5377,1.8725,1
1415,56.6,98.1067,24.5267,harmony_expansion,0.433452,broken_beat,0.259973,0.191953,0.401718,0.146355,0.937,104,3.7203,0.5922,1.9426,1
1416,56.64,98.176,24.544,harmony_expansion,0.433675,broken_beat,0.31598,0.19665,0.383743,0.103626,0.9319,104,3.706,0.6638,1.8826,0
1417,56.68,98.2453,24.5613,harmony_expansion,0.433899,tension_chords,0.372875,0.204827,0.320016,0.102282,0.9319,105,3.6978,0.7378,1.6693,0
1418,56.72,98.3147,24.5787,harmony_expansion,0.434124,tension_chords,0.422058,0.212638,0.237393,0.12791,0.935,105,3.7406,0.802,1.3928,0
1419,56.76,98.384,24.596,harmony_expansion,0.434351,tension_chords,0.434211,0.203929,0.160724,0.201135,0.9439,105,3.7519,0.8141,1.1362,0
1420,56.8,98.4533,24.6133,harmony_expansion,0.43458,tension_chords,0.410805,0.180521,0.1124,0.296274,0.9555,104,3.7331,0.7767,0.9746,0
1421,56.84,98.5227,24.6307,harmony_expansion,0.43481,tension_chords,0.383595,0.162779,0.090143,0.363483,0.9636,103,3.711,0.7365,0.9003,0
1422,56.88,98.592,24.648,harmony_expansion,0.435042,granular_texture,0.37527,0.163493,0.081422,0.379815,0.9657,103,3.7088,0.7263,0.8713,0
1423,56.92,98.6613,24.6653,harmony_expansion,0.435276,tension_chords,0.391779,0.184166,0.079541,0.344514,0.9616,104,3.72,0.7542,0.8653,0
1424,56.96,98.7307,24.6827,harmony_expansion,0.435511,tension_chords,0.427052,0.221232,0.08575,0.265966,0.9523,106,3.751,0.8112,0.8863,0
1425,57.0,98.8,24.7,harmony_expansion,0.435747,tension_chords,0.45792,0.26414,0.109756,0.168184,0.9406,108,3.7783,0.8648,0.967,0
1426,57.04,98.8693,24.7173,harmony_expansion,0.435985,tension_chords,0.457048,0.294863,0.154223,0.093866,0.9318,109,3.7786,0.8745,1.1162,0
1427,57.08,98.9387,24.7347,harmony_expansion,0.436225,tension_chords,0.430405,0.308268,0.197295,0.064032,0.9283,110,3.757,0.8459,1.2608,0
1428,57.12,99.008,24.752,harmony_expansion,0.436466,tension_chords,0.399618,0.311684,0.229435,0.059263,0.9279,110,3.7319,0.8086,1.3687,1
1429,57.16,99.0773,24.7693,harmony_expansion,0.436709,tension_chords,0.367636,0.304021,0.248564,0.079779,0.9305,109,3.7058,0.766,1.4331,1
1430,57.2,99.1467,24.7867,harmony_expansion,0.436953,tension_chords,0.339144,0.28848,0.249341,0.123034,0.9358,109,3.6827,0.7249,1.4359,0
1431,57.24,99.216,24.804,harmony_expansion,0.437199,tension_chords,0.320557,0.271695,0.232156,0.175592,0.9422,108,3.668,0.6958,1.3786,0
1432,57.28,99.2853,24.8213,harmony_expansion,0.437446,tension_chords,0.316762,0.259085,0.203423,0.220731,0.9477,108,3.6659,0.6866,1.2827,0
1433,57.32,99.3547,24.8387,harmony_expansion,0.437695,tension_chords,0.332445,0.254313,0.170911,0.242331,0.9504,107,3.6803,0.7046,1.174,0
1434,57.36,99.424,24.856,harmony_expansion,0.437945,tension_chords,0.370813,0.257701,0.140297,0.231189,0.9492,108,3.714,0.7537,1.0717,0
1435,57.4,99.4933,24.8733,harmony_expansion,0.438197,tension_chords,0.430597,0.265378,0.116277,0.187747,0.9441,108,3.766,0.8311,0.9915,0
1436,57.44,99.5627,24.8907,harmony_expansion,0.43845,tension_chords,0.497883,0.268178,0.103098,0.130841,0.9374,108,3.8243,0.9162,0.9477,0
1437,57.48,99.632,24.908,harmony_expansion,0.438704,tension_chords,0.545964,0.257125,0.101248,0.095663,0.9333,108,3.8663,0.9724,0.9418,0
1438,57.52,99.7013,24.9253,harmony_expansion,0.438961,tension_chords,0.563981,0.236335,0.105482,0.094203,0.9332,107,3.8828,0.9877,0.9562,0
1439,57.56,99.7707,24.9427,harmony_expansion,0.439218,tension_chords,0.557482,0.214763,0.108798,0.118957,0.9363,106,3.8784,0.972,0.9676,0
1440,57.6,99.84,24.96,harmony_expansion,0.439478,tension_chords,0.501928,0.186968,0.104975,0.206129,0.9469,105,3.8323,0.8928,0.9551,0
1441,57.64,99.9093,24.9773,harmony_expansion,0.439738,tension_chords,0.427842,0.16431,0.108183,0.299665,0.9582,104,3.7705,0.7923,0.9661,0
1442,57.68,99.9787,24.9947,harmony_expansion,0.44,granular_texture,0.359962,0.149592,0.128989,0.361458,0.9658,103,3.7152,0.7023,1.0361,0
1443,57.72,100.048,25.012,harmony_expansion,0.440264,granular_texture,0.307155,0.141141,0.171113,0.380591,0.9682,103,3.7327,0.6333,1.1775,0
1444,57.76,100.1173,25.0293,harmony_expansion,0.440529,granular_texture,0.274131,0.142849,0.236976,0.346043,0.9642,103,3.7045,0.5927,1.3985,1
1445,57.8,100.1867,25.0467,harmony_expansion,0.440795,broken_beat,0.257927,0.157475,0.318308,0.26629,0.9547,104,3.6821,0.5775,1.6712,0
1446,57.84,100.256,25.064,harmony_expansion,0.441063,broken_beat,0.251594,0.185835,0.391234,0.171338,0.9434,105,3.7453,0.5795,1.9158,0
1447,57.88,100.3253,25.0813,harmony_expansion,0.441332,broken_beat,0.247879,0.225923,0.423564,0.102635,0.9353,107,3.774,0.5889,2.0244,0
1448,57.92,100.3947,25.0987,harmony_expansion,0.441603,broken_beat,0.244429,0.274721,0.400529,0.080321,0.9328,109,3.7556,0.6017,1.9475,0
1449,57.96,100.464,25.116,harmony_expansion,0.441875,broken_beat,0.245085,0.33299,0.338286,0.083639,0.9333,111,3.7039,0.6229,1.7393,0
1450,58.0,100.5333,25.1333,harmony_expansion,0.442148,glassy_arps,0.240721,0.38296,0.250036,0.126283,0.9385,114,3.7431,0.6349,1.444,1
1451,58.04,100.6027,25.1507,harmony_expansion,0.442423,glassy_arps,0.219074,0.39298,0.159494,0.228452,0.9509,114,3.7528,0.6114,1.141,0
1452,58.08,100.672,25.168,harmony_expansion,0.4427,glassy_arps,0.20067,0.387046,0.102702,0.309582,0.9608,114,3.749,0.5863,0.951,0
1453,58.12,100.7413,25.1853,harmony_expansion,0.442977,glassy_arps,0.197256,0.38798,0.077687,0.337077,0.9642,114,3.751,0.5824,0.8675,0
1454,58.16,100.8107,25.2027,harmony_expansion,0.443257,glassy_arps,0.206077,0.391679,0.071,0.331244,0.9636,114,3.7554,0.5947,0.8454,0
1455,58.2,100.88,25.22,harmony_expansion,0.443537,glassy_arps,0.231235,0.403945,0.0748,0.29002,0.9588,115,3.7671,0.6304,0.8585,0
1456,58.24,100.9493,25.2373,harmony_expansion,0.443819,glassy_arps,0.274928,0.423673,0.083648,0.217751,0.9503,115,3.7851,0.6919,0.8884,0
1457,58.28,101.0187,25.2547,harmony_expansion,0.444102,glassy_arps,0.328574,0.433797,0.097638,0.13999,0.9411,116,3.795,0.7625,0.9356,0
1458,58.32,101.088,25.272,harmony_expansion,0.444387,glassy_arps,0.372491,0.410159,0.122822,0.094529,0.9358,115,3.7762,0.8092,1.0203,0
1459,58.36,101.1573,25.2893,harmony_expansion,0.444673,tension_chords,0.397243,0.349203,0.167575,0.085979,0.9349,112,3.7664,0.8188,1.1705,0
1460,58.4,101.2267,25.3067,harmony_expansion,0.44496,tension_chords,0.405522,0.269343,0.229243,0.095892,0.9362,109,3.7748,0.8012,1.3774,0
1461,58.44,101.296,25.324,harmony_expansion,0.445249,tension_chords,0.383962,0.189339,0.277075,0.149625,0.9428,106,3.7577,0.7462,1.538,0
1462,58.48,101.3653,25.3413,harmony_expansion,0.445539,tension_chords,0.340797,0.131646,0.285897,0.241661,0.9539,103,3.7223,0.6721,1.5678,0
1463,58.52,101.4347,25.3587,harmony_expansion,0.44583,tension_chords,0.315409,0.10409,0.276119,0.304382,0.9616,102,3.702,0.6307,1.5354,0
1464,58.56,101.504,25.376,harmony_expansion,0.446123,tension_chords,0.329253,0.09921,0.269239,0.302299,0.9615,102,3.7151,0.6463,1.5127,1
1465,58.6,101.5733,25.3933,harmony_expansion,0.446417,tension_chords,0.37005,0.10503,0.253926,0.270994,0.9579,102,3.7511,0.6993,1.4617,1
1466,58.64,101.6427,25.4107,harmony_expansion,0.446712,tension_chords,0.434991,0.117137,0.228455,0.219417,0.9518,103,3.8076,0.7847,1.3767,0
1467,58.68,101.712,25.428,harmony_expansion,0.447009,tension_chords,0.519044,0.135094,0.194697,0.151165,0.9438,104,3.8804,0.8961,1.2639,0
1468,58.72,101.7813,25.4453,harmony_expansion,0.447307,tension_chords,0.597865,0.157057,0.149744,0.095334,0.9372,105,3.9487,1.0023,1.1137,0
1469,58.76,101.8507,25.4627,harmony_expansion,0.447606,tension_chords,0.638866,0.179928,0.105937,0.075269,0.9349,106,3.9849,1.0616,0.9673,0
1470,58.8,101.92,25.48,harmony_expansion,0.447907,tension_chords,0.636884,0.204585,0.083859,0.074673,0.935,107,3.9845,1.0677,0.8936,0
1471,58.84,101.9893,25.4973,harmony_expansion,0.448208,tension_chords,0.594981,0.229276,0.075381,0.100363,0.9382,108,3.9503,1.024,0.8656,0
1472,58.88,102.0587,25.5147,harmony_expansion,0.448512,tension_chords,0.519249,0.247904,0.067993,0.164855,0.9461,109,3.8872,0.9358,0.8411,0
1473,58.92,102.128,25.532,harmony_expansion,0.448816,tension_chords,0.428199,0.256168,0.0607,0.254933,0.957,109,3.8112,0.8249,0.817,0
1474,58.96,102.1973,25.5493,harmony_expansion,0.449122,tension_chords,0.354,0.263129,0.060646,0.322226,0.9653,110,3.7495,0.7346,0.8172,0
1475,59.0,102.2667,25.5667,harmony_expansion,0.449429,tension_chords,0.323012,0.292143,0.078892,0.305953,0.9635,111,3.7245,0.706,0.8787,0
1476,59.04,102.336,25.584,harmony_expansion,0.449737,glassy_arps,0.311052,0.334991,0.119685,0.234272,0.955,113,3.7361,0.7061,1.0157,0
1477,59.08,102.4053,25.6013,harmony_expansion,0.450046,glassy_arps,0.296236,0.372342,0.176822,0.1546,0.9456,114,3.7692,0.7006,1.2074,0
1478,59.12,102.4747,25.6187,harmony_expansion,0.450357,glassy_arps,0.278971,0.393382,0.237553,0.090094,0.938,115,3.7885,0.6864,1.4112,0
1479,59.16,102.544,25.636,harmony_expansion,0.450669,glassy_arps,0.264719,0.386344,0.289252,0.059685,0.9345,115,3.7839,0.6661,1.5847,1
1480,59.2,102.6133,25.6533,harmony_expansion,0.450983,glassy_arps,0.259408,0.353538,0.328381,0.058673,0.9345,114,3.7574,0.648,1.7162,1
1481,59.24,102.6827,25.6707,harmony_expansion,0.451297,broken_beat,0.26173,0.308903,0.353627,0.07574,0.9367,112,3.7589,0.6353,1.8011,0
1482,59.28,102.752,25.688,harmony_expansion,0.451613,broken_beat,0.259958,0.259953,0.344109,0.135979,0.9441,110,3.7522,0.6159,1.7695,0
1483,59.32,102.8213,25.7053,harmony_expansion,0.45193,broken_beat,0.255058,0.218937,0.28042,0.245584,0.9574,108,3.6994,0.5955,1.5565,0
1484,59.36,102.8907,25.7227,harmony_expansion,0.452248,granular_texture,0.246455,0.186226,0.184591,0.382728,0.974,107,3.7878,0.5732,1.2359,0
1485,59.4,102.96,25.74,harmony_expansion,0.452567,granular_texture,0.232413,0.160053,0.115583,0.491952,0.9872,106,3.8821,0.5465,1.005,0
1486,59.44,103.0293,25.7573,harmony_expansion,0.452888,granular_texture,0.244707,0.160187,0.096359,0.498747,0.9882,106,3.8893,0.5619,0.941,0
1487,59.48,103.0987,25.7747,harmony_expansion,0.45321,granular_texture,0.297358,0.191761,0.110109,0.400772,0.9766,107,3.8074,0.6388,0.9874,0
1488,59.52,103.168,25.792,harmony_expansion,0.453533,tension_chords,0.361061,0.233071,0.133611,0.272257,0.9613,109,3.7751,0.7329,1.0665,0
1489,59.56,103.2373,25.8093,harmony_expansion,0.453857,tension_chords,0.409171,0.264443,0.151731,0.174655,0.9497,110,3.8175,0.804,1.1275,0
1490,59.6,103.3067,25.8267,harmony_expansion,0.454182,tension_chords,0.421907,0.27591,0.162929,0.139254,0.9456,111,3.8297,0.824,1.1654,0
1491,59.64,103.376,25.844,harmony_expansion,0.454509,tension_chords,0.404582,0.275961,0.184462,0.134996,0.9453,111,3.8165,0.8023,1.2379,0
1492,59.68,103.4453,25.8613,harmony_expansion,0.454836,tension_chords,0.354382,0.262539,0.217642,0.165437,0.9491,110,3.7752,0.7349,1.3494,0
1493,59.72,103.5147,25.8787,harmony_expansion,0.455165,tension_chords,0.288764,0.240035,0.24582,0.225381,0.9564,109,3.7209,0.645,1.4442,1
1494,59.76,103.584,25.896,harmony_expansion,0.455495,granular_texture,0.237998,0.225149,0.264147,0.272706,0.9623,109,3.7088,0.5763,1.5059,1
1495,59.8,103.6533,25.9133,harmony_expansion,0.455827,granular_texture,0.20847,0.224417,0.276713,0.290401,0.9645,109,3.7253,0.5391,1.5484,0
1496,59.84,103.7227,25.9307,harmony_expansion,0.456159,broken_beat,0.194747,0.236832,0.285785,0.282635,0.9637,109,3.7228,0.5263,1.5792,0
1497,59.88,103.792,25.948,harmony_expansion,0.456493,broken_beat,0.202041,0.270746,0.289372,0.237841,0.9585,111,3.7274,0.5473,1.5915,0
1498,59.92,103.8613,25.9653,harmony_expansion,0.456827,glassy_arps,0.241373,0.334105,0.269821,0.154701,0.9487,114,3.7669,0.6187,1.5264,0
1499,59.96,103.9307,25.9827,harmony_expansion,0.457163,glassy_arps,0.303575,0.394491,0.214432,0.087502,0.9408,116,3.8197,0.7175,1.3412,0
1500,60.0,104.0,26.0,harmony_expansion,0.4575,glassy_arps,0.369394,0.416321,0.153916,0.060369,0.9377,117,3.8397,0.8075,1.1389,0
1501,60.04,104.0693,26.0173,harmony_expansion,0.457838,tension_chords,0.425402,0.404365,0.109815,0.060419,0.9379,117,3.849,0.8733,0.9915,0
1502,60.08,104.1387,26.0347,harmony_expansion,0.458177,tension_chords,0.464205,0.375391,0.084647,0.075757,0.9399,116,3.8835,0.9116,0.9076,0
1503,60.12,104.208,26.052,harmony_expansion,0.458518,tension_chords,0.471921,0.327181,0.073236,0.127662,0.9462,114,3.8915,0.9044,0.8697,0
1504,60.16,104.2773,26.0693,harmony_expansion,0.458859,tension_chords,0.455946,0.268565,0.068431,0.207059,0.9559,111,3.8795,0.8639,0.854,0
1505,60.2,104.3467,26.0867,harmony_expansion,0.459201,tension_chords,0.438809,0.215889,0.065678,0.279623,0.9648,109,3.8664,0.8241,0.8451,0
1506,60.24,104.416,26.104,harmony_expansion,0.459545,tension_chords,0.436064,0.177626,0.066179,0.320131,0.9698,107,3.8656,0.8072,0.8472,0
1507,60.28,104.4853,26.1213,harmony_expansion,0.45989,tension_chords,0.447696,0.152971,0.075861,0.323472,0.9704,106,3.8771,0.8132,0.88,0
1508,60.32,104.5547,26.1387,harmony_expansion,0.460236,tension_chords,0.470832,0.140504,0.105406,0.283258,0.9657,106,3.8983,0.8377,0.9794,0
1509,60.36,104.624,26.156,harmony_expansion,0.460582,tension_chords,0.506961,0.140239,0.169358,0.183442,0.9539,106,3.9305,0.8828,1.194,0
1510,60.4,104.6933,26.1733,harmony_expansion,0.46093,tension_chords,0.506453,0.137708,0.262317,0.093522,0.9433,106,3.9316,0.8813,1.5058,0
1511,60.44,104.7627,26.1907,harmony_expansion,0.461279,tension_chords,0.454209,0.126183,0.354604,0.065004,0.94,106,3.8888,0.8119,1.8153,0
1512,60.48,104.832,26.208,harmony_expansion,0.461629,broken_beat,0.406676,0.117381,0.413404,0.06254,0.9399,105,3.8556,0.7494,2.0127,0
1513,60.52,104.9013,26.2253,harmony_expansion,0.461981,broken_beat,0.385361,0.118525,0.405429,0.090684,0.9434,105,3.8504,0.7232,1.9864,0
1514,60.56,104.9707,26.2427,harmony_expansion,0.462333,tension_chords,0.369567,0.127731,0.341299,0.161403,0.952,106,3.8215,0.7067,1.7719,0
1515,60.6,105.04,26.26,harmony_expansion,0.462686,tension_chords,0.345241,0.144926,0.261245,0.248588,0.9627,107,3.8024,0.6823,1.5041,1
1516,60.64,105.1093,26.2773,harmony_expansion,0.46304,tension_chords,0.321129,0.178092,0.188676,0.312103,0.9705,108,3.7835,0.6637,1.2614,1
1517,60.68,105.1787,26.2947,harmony_expansion,0.463395,granular_texture,0.305326,0.23436,0.132882,0.327432,0.9725,110,3.7904,0.6637,1.0749,0
1518,60.72,105.248,26.312,harmony_expansion,0.463752,glassy_arps,0.298561,0.308628,0.098381,0.294431,0.9687,114,3.776,0.6812,0.9597,0
1519,60.76,105.3173,26.3293,harmony_expansion,0.464109,glassy_arps,0.298762,0.385717,0.084859,0.230662,0.9612,117,3.8431,0.7085,0.9148,0
1520,60.8,105.3867,26.3467,harmony_expansion,0.464467,glassy_arps,0.305324,0.460359,0.086984,0.147333,0.9513,120,3.9082,0.7428,0.9223,0
1521,60.84,105.456,26.364,harmony_expansion,0.464827,glassy_arps,0.303296,0.514212,0.092213,0.090278,0.9447,122,3.9556,0.7591,0.9402,0
1522,60.88,105.5253,26.3813,harmony_expansion,0.465187,glassy_arps,0.288312,0.534538,0.093627,0.083523,0.944,123,3.9744,0.7475,0.9454,0
1523,60.92,105.5947,26.3987,harmony_expansion,0.465549,glassy_arps,0.271508,0.53068,0.097888,0.099924,0.9461,123,3.9728,0.7251,0.96,0
1524,60.96,105.664,26.416,harmony_expansion,0.465911,glassy_arps,0.245326,0.482329,0.113477,0.158868,0.9534,121,3.9333,0.6755,1.0126,0
1525,61.0,105.7333,26.4333,harmony_expansion,0.466274,glassy_arps,0.21212,0.398337,0.152226,0.237316,0.963,118,3.8635,0.6046,1.1429,0
1526,61.04,105.8027,26.4507,harmony_expansion,0.466639,glassy_arps,0.182847,0.311499,0.21604,0.289614,0.9694,114,3.7913,0.5376,1.357,0
1527,61.08,105.872,26.468,harmony_expansion,0.467004,granular_texture,0.168494,0.24876,0.280479,0.302267,0.9711,112,3.7851,0.4977,1.5733,0
1528,61.12,105.9413,26.4853,harmony_expansion,0.46737,broken_beat,0.173485,0.214374,0.328531,0.283611,0.969,110,3.809,0.4919,1.7347,0
1529,61.16,106.0107,26.5027,harmony_expansion,0.467738,broken_beat,0.196482,0.197657,0.370224,0.235637,0.9634,110,3.8461,0.5148,1.8748,1
1530,61.2,106.08,26.52,harmony_expansion,0.468106,broken_beat,0.234887,0.190691,0.402829,0.171593,0.9559,109,3.8755,0.5604,1.9844,1
1531,61.24,106.1493,26.5373,harmony_expansion,0.468475,broken_beat,0.287404,0.192117,0.40463,0.115848,0.9494,109,3.8786,0.6265,1.9908,0
1532,61.28,106.2187,26.5547,harmony_expansion,0.468845,broken_beat,0.346032,0.198929,0.357507,0.097532,0.9474,110,3.8402,0.7022,1.8334,0
1533,61.32,106.288,26.572,harmony_expansion,0.469216,tension_chords,0.402711,0.208468,0.277353,0.111468,0.9492,110,3.8803,0.7764,1.5653,0
1534,61.36,106.3573,26.5893,harmony_expansion,0.469588,tension_chords,0.433643,0.207819,0.191366,0.167172,0.9561,110,3.9083,0.8148,1.2776,0
1535,61.4,106.4267,26.6067,harmony_expansion,0.469961,tension_chords,0.421336,0.187944,0.127745,0.262976,0.9677,109,3.8995,0.7925,1.0649,0
1536,61.44,106.496,26.624,harmony_expansion,0.470335,tension_chords,0.391166,0.165146,0.095339,0.348349,0.9782,109,3.8755,0.7468,0.9568,0
1537,61.48,106.5653,26.6413,harmony_expansion,0.47071,granular_texture,0.373553,0.157621,0.082187,0.386639,0.9829,108,3.8733,0.7221,0.9131,0
1538,61.52,106.6347,26.6587,harmony_expansion,0.471086,tension_chords,0.380452,0.170619,0.077822,0.371107,0.9812,109,3.8697,0.7353,0.8989,0
1539,61.56,106.704,26.676,harmony_expansion,0.471462,tension_chords,0.410759,0.202279,0.080067,0.306895,0.9737,110,3.8972,0.7842,0.9068,0
1540,61.6,106.7733,26.6933,harmony_expansion,0.47184,tension_chords,0.448592,0.245844,0.095593,0.209971,0.9622,112,3.931,0.8468,0.9593,0
1541,61.64,106.8427,26.7107,harmony_expansion,0.472218,tension_chords,0.462874,0.284455,0.134008,0.118663,0.9515,114,3.9448,0.8782,1.0884,0
1542,61.68,106.912,26.728,harmony_expansion,0.472598,tension_chords,0.443731,0.305009,0.181243,0.070017,0.9458,115,3.9302,0.8614,1.247,0
1543,61.72,106.9813,26.7453,harmony_expansion,0.472978,tension_chords,0.412022,0.311896,0.218121,0.057961,0.9445,115,3.905,0.8242,1.371,0
1544,61.76,107.0507,26.7627,harmony_expansion,0.473359,tension_chords,0.380194,0.309171,0.244137,0.066499,0.9457,115,3.8796,0.7835,1.4586,1
1545,61.8,107.12,26.78,harmony_expansion,0.473741,tension_chords,0.348596,0.295605,0.252845,0.102954,0.9503,115,3.8545,0.7392,1.4881,1
1546,61.84,107.1893,26.7973,harmony_expansion,0.474124,tension_chords,0.325025,0.278406,0.242385,0.154184,0.9566,114,3.8361,0.7037,1.4535,0
1547,61.88,107.2587,26.8147,harmony_expansion,0.474508,tension_chords,0.31439,0.263321,0.217038,0.205252,0.9629,113,3.8288,0.6851,1.369,0
1548,61.92,107.328,26.832,harmony_expansion,0.474892,tension_chords,0.321685,0.255087,0.184893,0.238335,0.9671,113,3.8367,0.6914,1.2618,0
1549,61.96,107.3973,26.8493,harmony_expansion,0.475278,tension_chords,0.350917,0.255434,0.152442,0.241207,0.9676,113,3.8633,0.728,1.1535,0
1550,62.0,107.4667,26.8667,harmony_expansion,0.475664,tension_chords,0.403604,0.262362,0.124509,0.209524,0.9639,113,3.9098,0.7963,1.0603,0
1551,62.04,107.536,26.884,harmony_expansion,0.476051,tension_chords,0.472327,0.268679,0.105727,0.153267,0.9574,114,3.9699,0.8844,0.9978,0
1552,62.08,107.6053,26.9013,harmony_expansion,0.476439,tension_chords,0.533484,0.26355,0.098972,0.103994,0.9516,114,4.0236,0.9591,0.9756,0
1553,62.12,107.6747,26.9187,harmony_expansion,0.476828,tension_chords,0.564192,0.244361,0.101205,0.090243,0.9502,113,4.0514,0.9908,0.9835,0
1554,62.16,107.744,26.936,harmony_expansion,0.477218,tension_chords,0.570829,0.222433,0.1061,0.100638,0.9516,112,4.0588,0.9914,1.0004,0
1555,62.2,107.8133,26.9533,harmony_expansion,0.477608,tension_chords,0.534525,0.195648,0.104647,0.16518,0.9595,111,4.0297,0.9366,0.9959,0
1556,62.24,107.8827,26.9707,harmony_expansion,0.477999,tension_chords,0.460629,0.168787,0.102837,0.267747,0.972,110,3.9686,0.8349,0.9903,0
1557,62.28,107.952,26.988,harmony_expansion,0.478391,tension_chords,0.387043,0.151179,0.116326,0.345452,0.9815,109,3.9078,0.7367,1.0359,0
1558,62.32,108.0213,27.0053,harmony_expansion,0.478784,granular_texture,0.325221,0.139856,0.149897,0.385026,0.9864,109,3.9079,0.6555,1.1488,0
1559,62.36,108.0907,27.0227,harmony_expansion,0.479178,granular_texture,0.282938,0.136985,0.207697,0.37238,0.9851,109,3.8989,0.6016,1.3429,1
1560,62.4,108.16,27.04,harmony_expansion,0.479572,granular_texture,0.259728,0.146179,0.286905,0.307188,0.9775,109,3.8452,0.5758,1.6087,0
1561,62.44,108.2293,27.0573,harmony_expansion,0.479968,broken_beat,0.249672,0.169241,0.369881,0.211205,0.9661,110,3.9003,0.5713,1.8871,0
1562,62.48,108.2987,27.0747,harmony_expansion,0.480364,broken_beat,0.244991,0.205555,0.424609,0.124845,0.9559,112,3.9485,0.5782,2.0708,0
1563,62.52,108.368,27.092,harmony_expansion,0.480761,broken_beat,0.24072,0.251975,0.424523,0.082782,0.9511,114,3.9502,0.5891,2.071,0
1564,62.56,108.4373,27.1093,harmony_expansion,0.481158,broken_beat,0.239,0.307792,0.37457,0.078638,0.9508,116,3.9095,0.6065,1.9041,0
1565,62.6,108.5067,27.1267,harmony_expansion,0.481557,glassy_arps,0.238956,0.367488,0.293797,0.099758,0.9535,119,3.9053,0.6273,1.6339,1
1566,62.64,108.576,27.144,harmony_expansion,0.481956,glassy_arps,0.223547,0.395738,0.195976,0.184739,0.9639,120,3.9311,0.6179,1.3067,1
1567,62.68,108.6453,27.1613,harmony_expansion,0.482356,glassy_arps,0.20064,0.391061,0.120987,0.287312,0.9764,120,3.9289,0.5877,1.0559,0
1568,62.72,108.7147,27.1787,harmony_expansion,0.482756,glassy_arps,0.191567,0.39004,0.083819,0.334575,0.9822,120,3.9298,0.576,0.9318,0
1569,62.76,108.784,27.196,harmony_expansion,0.483158,glassy_arps,0.19507,0.392582,0.070153,0.342196,0.9833,120,3.9337,0.5812,0.8865,0
1570,62.8,108.8533,27.2133,harmony_expansion,0.48356,glassy_arps,0.212831,0.401338,0.070337,0.315495,0.9803,120,3.943,0.6065,0.8875,0
1571,62.84,108.9227,27.2307,harmony_expansion,0.483963,glassy_arps,0.249272,0.420468,0.077403,0.252857,0.973,121,3.961,0.6588,0.9117,0
1572,62.88,108.992,27.248,harmony_expansion,0.484366,glassy_arps,0.30131,0.439162,0.088857,0.17067,0.9633,122,3.9787,0.7303,0.9505,0
1573,62.92,109.0613,27.2653,harmony_expansion,0.48477,glassy_arps,0.352563,0.432415,0.108629,0.106394,0.9558,122,3.9748,0.792,1.0172,0
1574,62.96,109.1307,27.2827,harmony_expansion,0.485175,tension_chords,0.385644,0.383602,0.14542,0.085334,0.9534,120,3.9368,0.8163,1.1409,0
1575,63.0,109.2,27.3,harmony_expansion,0.485581,tension_chords,0.402799,0.306819,0.204142,0.08624,0.9537,117,3.9532,0.8109,1.338,0
1576,63.04,109.2693,27.3173,harmony_expansion,0.485987,tension_chords,0.394489,0.220374,0.263908,0.121229,0.9581,113,3.948,0.7702,1.5387,0
1577,63.08,109.3387,27.3347,harmony_expansion,0.486395,tension_chords,0.356172,0.149427,0.289503,0.204898,0.9683,110,3.9172,0.6975,1.6249,0
1578,63.12,109.408,27.352,harmony_expansion,0.486802,tension_chords,0.318074,0.108896,0.28253,0.290501,0.9788,109,3.8866,0.6357,1.602,0
1579,63.16,109.4773,27.3693,harmony_expansion,0.487211,tension_chords,0.316996,0.096187,0.27519,0.311627,0.9815,108,3.8875,0.6299,1.5778,0
1580,63.2,109.5467,27.3867,harmony_expansion,0.48762,tension_chords,0.348425,0.098369,0.264644,0.288563,0.9789,108,3.9161,0.67,1.5429,1
1581,63.24,109.616,27.404,harmony_expansion,0.48803,tension_chords,0.404089,0.107754,0.242707,0.24545,0.9739,109,3.9652,0.7428,1.4699,1
1582,63.28,109.6853,27.4213,harmony_expansion,0.48844,tension_chords,0.483981,0.123144,0.212352,0.180522,0.9663,109,4.0349,0.8481,1.3687,0
1583,63.32,109.7547,27.4387,harmony_expansion,0.488852,tension_chords,0.571854,0.143712,0.17087,0.113565,0.9585,110,4.1115,0.9651,1.2302,0
1584,63.36,109.824,27.456,harmony_expansion,0.489263,tension_chords,0.634155,0.166725,0.121561,0.077559,0.9544,111,4.1663,1.051,1.0654,0
1585,63.4,109.8933,27.4733,harmony_expansion,0.489676,tension_chords,0.649199,0.190712,0.088427,0.071662,0.9539,112,4.1809,1.0782,0.9549,0
1586,63.44,109.9627,27.4907,harmony_expansion,0.490089,tension_chords,0.623461,0.216867,0.076159,0.083513,0.9555,114,4.1608,1.0552,0.9142,0
1587,63.48,110.032,27.508,harmony_expansion,0.490503,tension_chords,0.557582,0.239218,0.068983,0.134217,0.9617,115,4.1067,0.9807,0.8906,0
1588,63.52,110.1013,27.5253,harmony_expansion,0.490917,tension_chords,0.467458,0.252319,0.06125,0.218973,0.9721,115,4.0319,0.8726,0.8652,0
1589,63.56,110.1707,27.5427,harmony_expansion,0.491332,tension_chords,0.379369,0.257283,0.056968,0.30638,0.9828,116,3.9589,0.7643,0.8513,0
1590,63.6,110.24,27.56,harmony_expansion,0.491748,tension_chords,0.330638,0.276828,0.066742,0.325793,0.9853,116,3.9193,0.7102,0.8845,0
1591,63.64,110.3093,27.5773,harmony_expansion,0.492164,glassy_arps,0.314903,0.318182,0.098777,0.268138,0.9786,118,3.9106,0.705,0.9923,0
1592,63.68,110.3787,27.5947,harmony_expansion,0.492581,glassy_arps,0.301311,0.360301,0.15105,0.187338,0.9691,120,3.9482,0.7027,1.1679,0
1593,63.72,110.448,27.612,harmony_expansion,0.492998,glassy_arps,0.28396,0.390539,0.213099,0.112403,0.9603,121,3.9758,0.6916,1.3762,0
1594,63.76,110.5173,27.6293,harmony_expansion,0.493417,glassy_arps,0.267175,0.396099,0.270841,0.065884,0.9549,122,3.9824,0.6726,1.5701,1
1595,63.8,110.5867,27.6467,harmony_expansion,0.493835,glassy_arps,0.257136,0.371522,0.31634,0.055002,0.9538,121,3.9634,0.6515,1.723,1
1596,63.84,110.656,27.664,harmony_expansion,0.494255,broken_beat,0.257076,0.329666,0.350416,0.062842,0.9549,119,3.9473,0.6367,1.8376,0
1597,63.88,110.7253,27.6813,harmony_expansion,0.494674,broken_beat,0.257091,0.279869,0.359654,0.103387,0.96,117,3.957,0.6193,1.869,0
1598,63.92,110.7947,27.6987,harmony_expansion,0.495095,broken_beat,0.252272,0.233407,0.31819,0.196131,0.9713,115,3.9236,0.597,1.7305,0
1599,63.96,110.864,27.716,harmony_expansion,0.495516,granular_texture,0.245878,0.19724,0.226374,0.330508,0.9876,114,3.936,0.5764,1.4234,0
1600,64.0,110.9333,27.7333,harmony_expansion,0.495938,granular_texture,0.231618,0.165922,0.137359,0.465101,1.0039,112,4.0523,0.5476,1.1257,0
1601,64.04,111.0027,27.7507,harmony_expansion,0.49636,granular_texture,0.228578,0.152306,0.097345,0.521771,1.0109,112,4.1023,0.539,0.9921,0
1602,64.08,111.072,27.768,harmony_expansion,0.496782,granular_texture,0.267275,0.172829,0.100157,0.459739,1.0037,113,4.0515,0.5946,1.002,0
1603,64.12,111.1413,27.7853,harmony_expansion,0.497206,granular_texture,0.33153,0.213735,0.122491,0.332245,0.9886,115,3.945,0.6892,1.0773,0
1604,64.16,111.2107,27.8027,harmony_expansion,0.497629,tension_chords,0.391008,0.252512,0.144764,0.211716,0.9743,116,3.9968,0.7771,1.1524,0
1605,64.2,111.28,27.82,harmony_expansion,0.498054,tension_chords,0.421004,0.27334,0.15836,0.147295,0.9668,117,4.0242,0.8219,1.1984,0
1606,64.24,111.3493,27.8373,harmony_expansion,0.498479,tension_chords,0.414323,0.276778,0.17397,0.134929,0.9655,117,4.0204,0.8148,1.2511,0
1607,64.28,111.4187,27.8547,harmony_expansion,0.498904,tension_chords,0.376798,0.26957,0.205604,0.148029,0.9673,117,3.9904,0.7653,1.3576,0
1608,64.32,111.488,27.872,harmony_expansion,0.49933,tension_chords,0.310881,0.247764,0.23813,0.203226,0.9741,116,3.9363,0.6753,1.467,0
1609,64.36,111.5573,27.8893,harmony_expansion,0.499756,granular_texture,0.250766,0.227708,0.260371,0.261154,0.9812,116,3.8959,0.5932,1.542,1
1610,64.4,111.6267,27.9067,harmony_expansion,0.500183,granular_texture,0.212832,0.221132,0.274862,0.291174,0.985,115,3.9233,0.5434,1.591,0
1611,64.44,111.696,27.924,harmony_expansion,0.500611,granular_texture,0.193047,0.228295,0.285515,0.293144,0.9855,116,3.9269,0.5212,1.6271,0
1612,64.48,111.7653,27.9413,harmony_expansion,0.501039,broken_beat,0.190289,0.251992,0.292443,0.265276,0.9823,117,3.9282,0.5261,1.6508,0
1613,64.52,111.8347,27.9587,harmony_expansion,0.501467,glassy_arps,0.216714,0.305993,0.285941,0.191352,0.9736,119,3.9416,0.578,1.6295,0
1614,64.56,111.904,27.976,harmony_expansion,0.501896,glassy_arps,0.272401,0.37507,0.242764,0.109765,0.964,122,4.0022,0.6718,1.4853,0
1615,64.6,111.9733,27.9933,harmony_expansion,0.502326,glassy_arps,0.339723,0.415729,0.178984,0.065565,0.9589,124,4.0387,0.7702,1.2722,0
1616,64.64,112.0427,28.0107,harmony_expansion,0.502756,glassy_arps,0.401598,0.415727,0.125781,0.056894,0.9581,124,4.0406,0.8475,1.0944,0
1617,64.68,112.112,28.028,harmony_expansion,0.503186,tension_chords,0.450186,0.39377,0.091906,0.064138,0.9592,123,4.0718,0.9006,0.9814,0
1618,64.72,112.1813,28.0453,harmony_expansion,0.503617,tension_chords,0.471922,0.352829,0.074787,0.100462,0.9637,121,4.0922,0.9134,0.9245,0
1619,64.76,112.2507,28.0627,harmony_expansion,0.504048,tension_chords,0.463218,0.295018,0.067786,0.173978,0.9727,119,4.0868,0.8823,0.9015,0
1620,64.8,112.32,28.08,harmony_expansion,0.50448,tension_chords,0.443696,0.236585,0.064319,0.255401,0.9827,117,4.0721,0.8374,0.8904,0
1621,64.84,112.3893,28.0973,harmony_expansion,0.504912,tension_chords,0.434166,0.190712,0.062976,0.312146,0.9897,115,4.0659,0.8095,0.8864,0
1622,64.88,112.4587,28.1147,harmony_expansion,0.505345,tension_chords,0.441017,0.159719,0.067797,0.331467,0.9922,113,4.0736,0.8072,0.903,0
1623,64.92,112.528,28.132,harmony_expansion,0.505778,tension_chords,0.459393,0.141094,0.087513,0.311999,0.9901,113,4.0912,0.8236,0.9695,0
1624,64.96,112.5973,28.1493,harmony_expansion,0.506212,tension_chords,0.494559,0.136042,0.136837,0.232562,0.9808,113,4.123,0.8658,1.1352,0
1625,65.0,112.6667,28.1667,harmony_expansion,0.506646,tension_chords,0.518281,0.136229,0.223227,0.122264,0.9677,113,4.1451,0.8955,1.4251,0
1626,65.04,112.736,28.184,harmony_expansion,0.50708,tension_chords,0.481055,0.127249,0.322433,0.069263,0.9616,112,4.1154,0.8459,1.7579,0
1627,65.08,112.8053,28.2013,harmony_expansion,0.507515,tension_chords,0.423707,0.115776,0.401044,0.059473,0.9606,112,4.0686,0.7702,2.0218,0
1628,65.12,112.8747,28.2187,harmony_expansion,0.50795,broken_beat,0.392411,0.112735,0.422837,0.072016,0.9623,112,4.0698,0.73,2.0953,0
1629,65.16,112.944,28.236,harmony_expansion,0.508386,tension_chords,0.37714,0.118879,0.376548,0.127433,0.9691,112,4.0329,0.713,1.9407,0
1630,65.2,113.0133,28.2533,harmony_expansion,0.508822,tension_chords,0.355389,0.132063,0.297802,0.214745,0.9798,113,4.0163,0.6905,1.6773,1
1631,65.24,113.0827,28.2707,harmony_expansion,0.509258,tension_chords,0.32913,0.157628,0.219209,0.294033,0.9895,114,3.996,0.6666,1.4145,1
1632,65.28,113.152,28.288,harmony_expansion,0.509695,granular_texture,0.309117,0.204721,0.154203,0.33196,0.9943,116,4.0003,0.658,1.1972,0
1633,65.32,113.2213,28.3053,harmony_expansion,0.510132,granular_texture,0.298687,0.274314,0.109289,0.31771,0.9928,119,3.9901,0.6694,1.0473,0
1634,65.36,113.2907,28.3227,harmony_expansion,0.51057,glassy_arps,0.295951,0.353438,0.086406,0.264205,0.9866,122,4.0225,0.6936,0.9711,0
1635,65.4,113.36,28.34,harmony_expansion,0.511007,glassy_arps,0.300452,0.432179,0.082651,0.184718,0.9772,126,4.0913,0.7268,0.959,0
1636,65.44,113.4293,28.3573,harmony_expansion,0.511446,glassy_arps,0.304321,0.502161,0.088261,0.105257,0.9679,129,4.1528,0.7562,0.9783,0
1637,65.48,113.4987,28.3747,harmony_expansion,0.511884,glassy_arps,0.291607,0.536295,0.090781,0.081318,0.9652,130,4.1837,0.7522,0.9872,0
1638,65.52,113.568,28.392,harmony_expansion,0.512323,glassy_arps,0.274957,0.545481,0.092908,0.086655,0.9661,131,4.1935,0.7346,0.9948,0
1639,65.56,113.6373,28.4093,harmony_expansion,0.512763,glassy_arps,0.252192,0.516285,0.102556,0.128967,0.9713,130,4.1706,0.6959,1.0276,0
1640,65.6,113.7067,28.4267,harmony_expansion,0.513202,glassy_arps,0.220069,0.441394,0.131058,0.20748,0.981,126,4.1089,0.6296,1.1236,0
1641,65.64,113.776,28.444,harmony_expansion,0.513643,glassy_arps,0.187395,0.348909,0.187285,0.276411,0.9894,123,4.0323,0.5564,1.3124,0
1642,65.68,113.8453,28.4613,harmony_expansion,0.514083,granular_texture,0.165954,0.272492,0.256322,0.305232,0.9931,120,3.9971,0.5028,1.5442,0
1643,65.72,113.9147,28.4787,harmony_expansion,0.514524,broken_beat,0.162891,0.226276,0.311861,0.298972,0.9926,118,4.0047,0.4828,1.7307,0
1644,65.76,113.984,28.496,harmony_expansion,0.514965,broken_beat,0.178358,0.202747,0.35685,0.262044,0.9883,117,4.0449,0.4939,1.8819,0
1645,65.8,114.0533,28.5133,harmony_expansion,0.515406,broken_beat,0.21002,0.19127,0.398191,0.20052,0.9811,116,4.082,0.5295,2.0209,1
1646,65.84,114.1227,28.5307,harmony_expansion,0.515848,broken_beat,0.256834,0.18841,0.418413,0.136343,0.9737,116,4.1012,0.587,2.0891,1
1647,65.88,114.192,28.548,harmony_expansion,0.51629,broken_beat,0.315497,0.193152,0.393986,0.097365,0.9692,117,4.0824,0.662,2.0078,0
1648,65.92,114.2613,28.5653,harmony_expansion,0.516732,tension_chords,0.375352,0.201604,0.321759,0.101285,0.9699,117,4.0685,0.7398,1.7663,0
1649,65.96,114.3307,28.5827,harmony_expansion,0.517174,tension_chords,0.42368,0.207753,0.23121,0.137356,0.9744,117,4.1116,0.8023,1.4634,0
1650,66.0,114.4,28.6,harmony_expansion,0.517617,tension_chords,0.428865,0.194924,0.151038,0.225173,0.9851,117,4.1179,0.8043,1.1954,0
1651,66.04,114.4693,28.6173,harmony_expansion,0.51806,tension_chords,0.400879,0.169883,0.104138,0.3251,0.9973,116,4.0961,0.7606,1.0387,0
1652,66.08,114.5387,28.6347,harmony_expansion,0.518504,granular_texture,0.375134,0.154355,0.084043,0.386468,1.0049,115,4.0858,0.7229,0.9719,0
1653,66.12,114.608,28.652,harmony_expansion,0.518947,granular_texture,0.371665,0.158832,0.076698,0.392805,1.0059,115,4.0932,0.7202,0.9478,0
1654,66.16,114.6773,28.6693,harmony_expansion,0.519391,tension_chords,0.394134,0.183573,0.075964,0.346329,1.0005,117,4.0963,0.7569,0.9458,0
1655,66.2,114.7467,28.6867,harmony_expansion,0.519835,tension_chords,0.433693,0.224594,0.084619,0.257095,0.99,118,4.1319,0.8207,0.9753,0
1656,66.24,114.816,28.704,harmony_expansion,0.52028,tension_chords,0.462754,0.269239,0.113876,0.15413,0.9778,120,4.1586,0.8727,1.0738,0
1657,66.28,114.8853,28.7213,harmony_expansion,0.520725,tension_chords,0.456167,0.298849,0.161701,0.083283,0.9695,122,4.155,0.8748,1.2345,0
1658,66.32,114.9547,28.7387,harmony_expansion,0.521169,tension_chords,0.426035,0.310823,0.204294,0.058847,0.9668,122,4.1313,0.8413,1.3777,0
1659,66.36,115.024,28.756,harmony_expansion,0.521615,tension_chords,0.393632,0.31274,0.236246,0.057382,0.9668,122,4.1058,0.8015,1.4852,1
1660,66.4,115.0933,28.7733,harmony_expansion,0.52206,tension_chords,0.360025,0.302645,0.253282,0.084049,0.9702,122,4.0792,0.756,1.5428,1
1661,66.44,115.1627,28.7907,harmony_expansion,0.522506,tension_chords,0.331818,0.285896,0.250748,0.131538,0.9761,121,4.0572,0.7148,1.5348,0
1662,66.48,115.232,28.808,harmony_expansion,0.522951,tension_chords,0.31478,0.268989,0.230418,0.185813,0.9829,121,4.0447,0.6876,1.4671,0
1663,66.52,115.3013,28.8253,harmony_expansion,0.523397,tension_chords,0.313936,0.257407,0.199802,0.228855,0.9882,120,4.046,0.6825,1.3651,0
1664,66.56,115.3707,28.8427,harmony_expansion,0.523844,tension_chords,0.333823,0.25426,0.166351,0.245566,0.9904,120,4.0649,0.7063,1.2535,0
1665,66.6,115.44,28.86,harmony_expansion,0.52429,tension_chords,0.377598,0.259197,0.135266,0.227939,0.9885,120,4.104,0.7627,1.1499,0
1666,66.64,115.5093,28.8773,harmony_expansion,0.524737,tension_chords,0.443144,0.267304,0.111144,0.178407,0.9828,121,4.1618,0.8475,1.0695,0
1667,66.68,115.5787,28.8947,harmony_expansion,0.525184,tension_chords,0.513669,0.268141,0.098307,0.119883,0.976,121,4.2237,0.9359,1.027,0
1668,66.72,115.648,28.912,harmony_expansion,0.525631,tension_chords,0.560633,0.253352,0.096897,0.089118,0.9725,120,4.2656,0.9895,1.0228,0
1669,66.76,115.7173,28.9293,harmony_expansion,0.526078,tension_chords,0.577634,0.230017,0.101376,0.090973,0.9729,120,4.282,1.0025,1.0383,0
1670,66.8,115.7867,28.9467,harmony_expansion,0.526525,tension_chords,0.563763,0.204786,0.103498,0.127954,0.9776,119,4.2722,0.9764,1.0459,0
1671,66.84,115.856,28.964,harmony_expansion,0.526973,tension_chords,0.497916,0.174795,0.09954,0.22775,0.9897,117,4.2183,0.8836,1.0331,0
1672,66.88,115.9253,28.9813,harmony_expansion,0.527421,tension_chords,0.419529,0.153076,0.105801,0.321594,1.0012,116,4.1536,0.778,1.0546,0
1673,66.92,115.9947,28.9987,harmony_expansion,0.527868,granular_texture,0.349024,0.139271,0.130959,0.380747,1.0085,116,4.1226,0.685,1.1394,0
1674,66.96,116.064,29.016,harmony_expansion,0.528316,granular_texture,0.29636,0.132358,0.179571,0.391711,1.01,116,4.134,0.6168,1.3027,0
1675,67.0,116.1333,29.0333,harmony_expansion,0.528765,granular_texture,0.264468,0.136202,0.253245,0.346086,1.0048,116,4.0972,0.5783,1.55,0
1676,67.04,116.2027,29.0507,harmony_expansion,0.529213,broken_beat,0.248906,0.153457,0.341128,0.256508,0.9942,117,4.095,0.5648,1.8449,0
1677,67.08,116.272,29.068,harmony_expansion,0.529661,broken_beat,0.242071,0.18492,0.415393,0.157615,0.9826,118,4.1601,0.5673,2.0942,0
1678,67.12,116.3413,29.0853,harmony_expansion,0.53011,broken_beat,0.237078,0.228378,0.441853,0.09269,0.975,120,4.1846,0.5763,2.1833,0
1679,67.16,116.4107,29.1027,harmony_expansion,0.530559,broken_beat,0.232968,0.28126,0.409803,0.075969,0.9732,122,4.1593,0.5897,2.0765,0
1680,67.2,116.48,29.12,harmony_expansion,0.531008,glassy_arps,0.233479,0.344159,0.339161,0.083202,0.9742,125,4.1055,0.6123,1.8403,0
1681,67.24,116.5493,29.1373,harmony_expansion,0.531456,glassy_arps,0.225746,0.391515,0.241282,0.141457,0.9814,127,4.1478,0.6192,1.5129,1
1682,67.28,116.6187,29.1547,harmony_expansion,0.531905,glassy_arps,0.202487,0.396363,0.148472,0.252678,0.995,127,4.1539,0.5918,1.2025,0
1683,67.32,116.688,29.172,harmony_expansion,0.532355,glassy_arps,0.187041,0.392641,0.094868,0.32545,1.0039,127,4.1527,0.5712,1.0234,0
1684,67.36,116.7573,29.1893,harmony_expansion,0.532804,glassy_arps,0.185457,0.394711,0.071848,0.347984,1.0068,127,4.1565,0.57,0.9468,0
1685,67.4,116.8267,29.2067,harmony_expansion,0.533253,glassy_arps,0.196335,0.400454,0.066702,0.336509,1.0057,128,4.1634,0.5856,0.93,0
1686,67.44,116.896,29.224,harmony_expansion,0.533703,glassy_arps,0.224534,0.416912,0.071423,0.287131,1.0,128,4.1794,0.6266,0.9463,0
1687,67.48,116.9653,29.2413,harmony_expansion,0.534152,glassy_arps,0.27136,0.440338,0.080848,0.207454,0.9906,130,4.2013,0.6933,0.9784,0
1688,67.52,117.0347,29.2587,harmony_expansion,0.534602,glassy_arps,0.326353,0.449453,0.096249,0.127945,0.9813,130,4.211,0.7652,1.0305,0
1689,67.56,117.104,29.276,harmony_expansion,0.535051,glassy_arps,0.369158,0.418096,0.125313,0.087433,0.9766,129,4.1864,0.8078,1.1284,0
1690,67.6,117.1733,29.2933,harmony_expansion,0.535501,tension_chords,0.393696,0.347612,0.176805,0.081887,0.9762,126,4.1676,0.8138,1.3013,0
1691,67.64,117.2427,29.3107,harmony_expansion,0.535951,tension_chords,0.399126,0.258583,0.242975,0.099316,0.9785,122,4.1742,0.7894,1.5235,0
1692,67.68,117.312,29.328,harmony_expansion,0.5364,tension_chords,0.371515,0.174588,0.287171,0.166726,0.9868,119,4.1528,0.7255,1.6721,0
1693,67.72,117.3813,29.3453,harmony_expansion,0.53685,tension_chords,0.327058,0.118945,0.289891,0.264107,0.9986,116,4.117,0.6505,1.6817,0
1694,67.76,117.4507,29.3627,harmony_expansion,0.5373,granular_texture,0.309191,0.095548,0.280959,0.314302,1.0049,116,4.1081,0.6199,1.6522,0
1695,67.8,117.52,29.38,harmony_expansion,0.53775,tension_chords,0.329423,0.092655,0.274093,0.30383,1.0038,115,4.123,0.6442,1.6297,1
1696,67.84,117.5893,29.3973,harmony_expansion,0.5382,tension_chords,0.375288,0.099053,0.256709,0.26895,0.9998,116,4.164,0.7038,1.572,1
1697,67.88,117.6587,29.4147,harmony_expansion,0.53865,tension_chords,0.447228,0.111564,0.22973,0.211478,0.9932,116,4.2271,0.7981,1.4821,0
1698,67.92,117.728,29.432,harmony_expansion,0.5391,tension_chords,0.537965,0.129866,0.19285,0.139318,0.9847,117,4.3063,0.9179,1.3591,0
1699,67.96,117.7973,29.4493,harmony_expansion,0.53955,tension_chords,0.619126,0.152258,0.142679,0.085937,0.9785,118,4.3773,1.0272,1.1915,0
1700,68.0,117.8667,29.4667,harmony_expansion,0.54,tension_chords,0.656051,0.175899,0.097718,0.070333,0.9768,119,4.4106,1.0816,1.0414,0
1701,68.04,117.936,29.484,harmony_expansion,0.54045,tension_chords,0.647727,0.20219,0.077585,0.072498,0.9773,120,4.4056,1.0804,0.9744,0
1702,68.08,118.0053,29.5013,harmony_expansion,0.5409,tension_chords,0.595677,0.227598,0.069583,0.107142,0.9817,122,4.3633,1.0243,0.9481,0
1703,68.12,118.0747,29.5187,harmony_expansion,0.54135,tension_chords,0.510343,0.245711,0.06209,0.181855,0.9908,122,4.2928,0.9239,0.9235,0
1704,68.16,118.144,29.536,harmony_expansion,0.5418,tension_chords,0.41405,0.252928,0.055376,0.277646,1.0025,123,4.213,0.8061,0.9015,0
1705,68.2,118.2133,29.5533,harmony_expansion,0.54225,tension_chords,0.345022,0.264112,0.057951,0.332916,1.0094,123,4.1563,0.7237,0.9106,0
1706,68.24,118.2827,29.5707,harmony_expansion,0.5427,tension_chords,0.31961,0.299805,0.080377,0.300208,1.0057,125,4.1367,0.7044,0.9862,0
1707,68.28,118.352,29.588,harmony_expansion,0.54315,glassy_arps,0.306607,0.345156,0.125346,0.222891,0.9966,127,4.1604,0.7041,1.1374,0
1708,68.32,118.4213,29.6053,harmony_expansion,0.5436,glassy_arps,0.289808,0.383015,0.185761,0.141416,0.987,129,4.1946,0.6963,1.3403,0
1709,68.36,118.4907,29.6227,harmony_expansion,0.544049,glassy_arps,0.271461,0.401188,0.248115,0.079235,0.9798,129,4.212,0.6797,1.5496,0
1710,68.4,118.56,29.64,harmony_expansion,0.544499,glassy_arps,0.257346,0.388217,0.30064,0.053797,0.9769,129,4.203,0.6576,1.7261,1
1711,68.44,118.6293,29.6573,harmony_expansion,0.544949,glassy_arps,0.252742,0.350531,0.34153,0.055197,0.9773,127,4.173,0.6386,1.8636,0
1712,68.48,118.6987,29.6747,harmony_expansion,0.545398,broken_beat,0.253512,0.301938,0.366412,0.078137,0.9803,125,4.1885,0.6226,1.9474,0
1713,68.52,118.768,29.692,harmony_expansion,0.545848,broken_beat,0.249453,0.251147,0.349367,0.150033,0.9891,123,4.176,0.5997,1.8908,0
1714,68.56,118.8373,29.7093,harmony_expansion,0.546297,granular_texture,0.243651,0.210027,0.27283,0.273493,1.0041,122,4.1135,0.5781,1.6349,0
1715,68.6,118.9067,29.7267,harmony_expansion,0.546747,granular_texture,0.232349,0.17553,0.170862,0.421259,1.0221,120,4.2411,0.5519,1.2938,0
1716,68.64,118.976,29.744,harmony_expansion,0.547196,granular_texture,0.219425,0.150564,0.106456,0.523555,1.0345,119,4.33,0.527,1.0785,0
1717,68.68,119.0453,29.7613,harmony_expansion,0.547645,granular_texture,0.240167,0.156628,0.093269,0.509937,1.0331,120,4.3205,0.555,1.0349,0
1718,68.72,119.1147,29.7787,harmony_expansion,0.548095,granular_texture,0.29867,0.192301,0.110253,0.398775,1.02,121,4.228,0.6406,1.0923,0
1719,68.76,119.184,29.796,harmony_expansion,0.548544,tension_chords,0.364894,0.23553,0.135022,0.264554,1.0041,123,4.2012,0.7386,1.1757,0
1720,68.8,119.2533,29.8133,harmony_expansion,0.548992,tension_chords,0.412465,0.266797,0.153306,0.167432,0.9926,124,4.2436,0.809,1.2375,0
1721,68.84,119.3227,29.8307,harmony_expansion,0.549441,tension_chords,0.420093,0.276273,0.165816,0.137818,0.9893,125,4.2521,0.8218,1.2799,0
1722,68.88,119.392,29.848,harmony_expansion,0.54989,tension_chords,0.395998,0.274447,0.192364,0.137191,0.9894,125,4.2336,0.7911,1.3693,0
1723,68.92,119.4613,29.8653,harmony_expansion,0.550339,tension_chords,0.336104,0.256571,0.227948,0.179377,0.9947,124,4.1847,0.7099,1.489,0
1724,68.96,119.5307,29.8827,harmony_expansion,0.550787,tension_chords,0.26801,0.232695,0.255165,0.24413,1.0027,123,4.1288,0.6165,1.5807,1
1725,69.0,119.6,29.9,harmony_expansion,0.551235,granular_texture,0.220011,0.219716,0.272388,0.287885,1.0081,123,4.1477,0.5519,1.6389,1
1726,69.04,119.6693,29.9173,harmony_expansion,0.551684,granular_texture,0.193381,0.221514,0.284695,0.300411,1.0098,123,4.1603,0.5193,1.6806,0
1727,69.08,119.7387,29.9347,harmony_expansion,0.552132,broken_beat,0.182608,0.237267,0.293755,0.28637,1.0083,124,4.1567,0.5113,1.7114,0
1728,69.12,119.808,29.952,harmony_expansion,0.552579,broken_beat,0.195895,0.278848,0.296058,0.2292,1.0017,125,4.1606,0.5425,1.7196,0
1729,69.16,119.8773,29.9693,harmony_expansion,0.553027,glassy_arps,0.241407,0.348471,0.269322,0.140799,0.9913,128,4.2072,0.6237,1.6306,0
1730,69.2,119.9467,29.9867,harmony_expansion,0.553475,glassy_arps,0.306857,0.406773,0.208407,0.077963,0.984,131,4.2587,0.7259,1.427,0
1731,69.24,120.016,30.004,harmony_expansion,0.553922,glassy_arps,0.373545,0.423707,0.147315,0.055434,0.9815,132,4.2751,0.8152,1.2228,0
1732,69.28,120.0853,30.0213,harmony_expansion,0.554369,tension_chords,0.429402,0.409663,0.10354,0.057395,0.9819,131,4.2819,0.8801,1.0767,0
1733,69.32,120.1547,30.0387,harmony_expansion,0.554816,tension_chords,0.465258,0.377561,0.078743,0.078438,0.9846,130,4.3144,0.9137,0.9941,0
1734,69.36,120.224,30.056,harmony_expansion,0.555263,tension_chords,0.468215,0.324221,0.067761,0.139804,0.9922,128,4.3189,0.8987,0.9578,0
1735,69.4,120.2933,30.0733,harmony_expansion,0.55571,tension_chords,0.450104,0.262064,0.063186,0.224646,1.0026,125,4.3055,0.8544,0.943,0
1736,69.44,120.3627,30.0907,harmony_expansion,0.556156,tension_chords,0.434617,0.208351,0.060716,0.296317,1.0114,123,4.2943,0.8162,0.9352,0
1737,69.48,120.432,30.108,harmony_expansion,0.556603,tension_chords,0.435155,0.169966,0.062045,0.332835,1.016,122,4.2968,0.8034,0.9401,0
1738,69.52,120.5013,30.1253,harmony_expansion,0.557049,tension_chords,0.449454,0.145027,0.073901,0.331618,1.016,121,4.3109,0.8126,0.9803,0
1739,69.56,120.5707,30.1427,harmony_expansion,0.557494,tension_chords,0.478633,0.133346,0.108956,0.279064,1.0099,120,4.3377,0.845,1.0982,0
1740,69.6,120.64,30.16,harmony_expansion,0.55794,tension_chords,0.518224,0.133091,0.182617,0.166068,0.9966,120,4.3733,0.8944,1.3455,0
1741,69.64,120.7093,30.1773,harmony_expansion,0.558385,tension_chords,0.506825,0.127889,0.283595,0.081691,0.9867,120,4.3656,0.8783,1.6843,0
1742,69.68,120.7787,30.1947,harmony_expansion,0.558831,tension_chords,0.447723,0.115618,0.377376,0.059283,0.9842,120,4.3174,0.8001,1.9989,0
1743,69.72,120.848,30.212,harmony_expansion,0.559275,broken_beat,0.403338,0.108471,0.427935,0.060256,0.9845,119,4.3025,0.7421,2.1688,0
1744,69.76,120.9173,30.2293,harmony_expansion,0.55972,broken_beat,0.384359,0.110979,0.407402,0.09726,0.9891,119,4.287,0.7193,2.1005,0
1745,69.8,120.9867,30.2467,harmony_expansion,0.560165,tension_chords,0.36599,0.120758,0.336485,0.176767,0.9989,120,4.2538,0.6998,1.8634,0
1746,69.84,121.056,30.264,harmony_expansion,0.560609,tension_chords,0.339375,0.139812,0.254383,0.266429,1.0099,121,4.2332,0.6732,1.5889,1
1747,69.88,121.1253,30.2813,harmony_expansion,0.561053,granular_texture,0.315446,0.177211,0.181194,0.326148,1.0172,122,4.2239,0.6563,1.3442,1
1748,69.92,121.1947,30.2987,harmony_expansion,0.561496,granular_texture,0.300867,0.238844,0.125747,0.334543,1.0184,125,4.233,0.6597,1.1589,0
1749,69.96,121.264,30.316,harmony_expansion,0.56194,glassy_arps,0.295107,0.317189,0.092284,0.29542,1.0139,128,4.2202,0.6799,1.0473,0
1750,70.0,121.3333,30.3333,harmony_expansion,0.562383,glassy_arps,0.296423,0.398367,0.080248,0.224962,1.0057,132,4.2912,0.71,1.0075,0
1751,70.04,121.4027,30.3507,harmony_expansion,0.562826,glassy_arps,0.30319,0.479155,0.083411,0.134244,0.995,135,4.3619,0.7467,1.0185,0
1752,70.08,121.472,30.368,harmony_expansion,0.563268,glassy_arps,0.296469,0.532827,0.087856,0.082847,0.989,138,4.4094,0.7571,1.0339,0
1753,70.12,121.5413,30.3853,harmony_expansion,0.56371,glassy_arps,0.278505,0.552754,0.089021,0.079721,0.9889,139,4.4284,0.7416,1.0383,0
1754,70.16,121.6107,30.4027,harmony_expansion,0.564152,glassy_arps,0.258156,0.543188,0.094392,0.104264,0.992,138,4.4222,0.7128,1.0568,0
1755,70.2,121.68,30.42,harmony_expansion,0.564594,glassy_arps,0.228006,0.483207,0.114018,0.174769,1.0007,136,4.3732,0.6541,1.123,0
1756,70.24,121.7493,30.4373,harmony_expansion,0.565035,glassy_arps,0.193254,0.39006,0.160429,0.256257,1.0107,132,4.296,0.5781,1.279,0
1757,70.28,121.8187,30.4547,harmony_expansion,0.565476,granular_texture,0.165846,0.301451,0.229895,0.302807,1.0165,128,4.2238,0.5128,1.5122,0
1758,70.32,121.888,30.472,harmony_expansion,0.565917,granular_texture,0.155452,0.242002,0.293905,0.308641,1.0174,126,4.2307,0.479,1.7271,0
1759,70.36,121.9573,30.4893,harmony_expansion,0.566357,broken_beat,0.164055,0.210454,0.343613,0.281877,1.0143,125,4.2624,0.4787,1.8941,0
1760,70.4,122.0267,30.5067,harmony_expansion,0.566798,broken_beat,0.189898,0.194557,0.390711,0.224834,1.0077,124,4.3044,0.5055,2.0524,1
1761,70.44,122.096,30.524,harmony_expansion,0.567237,broken_beat,0.231701,0.187842,0.424656,0.155801,0.9996,124,4.3352,0.5554,2.1666,1
1762,70.48,122.1653,30.5413,harmony_expansion,0.567677,broken_beat,0.288663,0.189705,0.419055,0.102577,0.9934,124,4.3324,0.6272,2.1483,0
1763,70.52,122.2347,30.5587,harmony_expansion,0.568116,broken_beat,0.350736,0.196387,0.356742,0.096135,0.9929,124,4.2813,0.7072,1.94,0
1764,70.56,122.304,30.576,harmony_expansion,0.568554,tension_chords,0.408942,0.205022,0.263673,0.122362,0.9962,125,4.3277,0.7829,1.6287,0
1765,70.6,122.3733,30.5933,harmony_expansion,0.568993,tension_chords,0.427416,0.197056,0.17033,0.205198,1.0064,124,4.3453,0.8032,1.3165,0
1766,70.64,122.4427,30.6107,harmony_expansion,0.56943,tension_chords,0.402907,0.171603,0.110638,0.314853,1.0197,123,4.3264,0.7637,1.117,0
1767,70.68,122.512,30.628,harmony_expansion,0.569868,granular_texture,0.373647,0.151417,0.084657,0.390278,1.029,123,4.3176,0.7201,1.0305,0
1768,70.72,122.5813,30.6453,harmony_expansion,0.570305,granular_texture,0.366444,0.151372,0.075517,0.406667,1.0311,123,4.3335,0.711,1.0003,0
1769,70.76,122.6507,30.6627,harmony_expansion,0.570742,tension_chords,0.38781,0.173543,0.074019,0.364628,1.0263,124,4.3194,0.7455,0.9958,0
1770,70.8,122.72,30.68,harmony_expansion,0.571178,tension_chords,0.430551,0.214694,0.081527,0.273229,1.0155,126,4.3577,0.8133,1.0214,0
1771,70.84,122.7893,30.6973,harmony_expansion,0.571614,tension_chords,0.465722,0.262401,0.110203,0.161675,1.0023,128,4.3895,0.874,1.118,0
1772,70.88,122.8587,30.7147,harmony_expansion,0.57205,tension_chords,0.460516,0.294561,0.16168,0.083243,0.9931,129,4.3871,0.8787,1.2909,0
1773,70.92,122.928,30.732,harmony_expansion,0.572485,tension_chords,0.427225,0.30713,0.208346,0.057299,0.9902,130,4.3607,0.8415,1.4477,0
1774,70.96,122.9973,30.7493,harmony_expansion,0.57292,tension_chords,0.392166,0.309636,0.241213,0.056985,0.9904,130,4.3328,0.7986,1.5583,0
1775,71.0,123.0667,30.7667,harmony_expansion,0.573354,tension_chords,0.355385,0.298899,0.256058,0.089658,0.9945,129,4.3035,0.7488,1.6085,1
1776,71.04,123.136,30.784,harmony_expansion,0.573788,tension_chords,0.325893,0.282216,0.250219,0.141672,1.0009,129,4.2804,0.7061,1.5894,0
1777,71.08,123.2053,30.8013,harmony_expansion,0.574222,tension_chords,0.310087,0.266871,0.226551,0.196491,1.0077,128,4.2689,0.681,1.5106,0
1778,71.12,123.2747,30.8187,harmony_expansion,0.574655,tension_chords,0.313095,0.258376,0.1932,0.235328,1.0126,128,4.2733,0.6818,1.3993,0
1779,71.16,123.344,30.836,harmony_expansion,0.575088,tension_chords,0.340001,0.259665,0.157889,0.242445,1.0136,128,4.2981,0.7159,1.2815,0
1780,71.2,123.4133,30.8533,harmony_expansion,0.57552,tension_chords,0.393839,0.269149,0.12596,0.211052,1.0101,128,4.3458,0.7865,1.175,0
1781,71.24,123.4827,30.8707,harmony_expansion,0.575952,tension_chords,0.468563,0.278445,0.102666,0.150326,1.003,129,4.4113,0.8832,1.0975,0
1782,71.28,123.552,30.888,harmony_expansion,0.576383,tension_chords,0.538073,0.273169,0.092491,0.096266,0.9967,129,4.4723,0.9682,1.0639,0
1783,71.32,123.6213,30.9053,harmony_expansion,0.576814,tension_chords,0.574361,0.249107,0.093477,0.083054,0.9953,128,4.505,1.0051,1.0676,0
1784,71.36,123.6907,30.9227,harmony_expansion,0.577244,tension_chords,0.583678,0.220598,0.098152,0.097572,0.9972,127,4.5149,1.0068,1.0838,0
1785,71.4,123.76,30.94,harmony_expansion,0.577674,tension_chords,0.535928,0.18434,0.095348,0.184383,1.0079,125,4.4762,0.9344,1.0749,0
1786,71.44,123.8293,30.9573,harmony_expansion,0.578104,tension_chords,0.445233,0.150604,0.094557,0.309606,1.0231,124,4.401,0.8093,1.0727,0
1787,71.48,123.8987,30.9747,harmony_expansion,0.578533,granular_texture,0.369066,0.133908,0.116037,0.380988,1.0318,123,4.3483,0.7082,1.1451,0
1788,71.52,123.968,30.992,harmony_expansion,0.578961,granular_texture,0.310713,0.126652,0.162684,0.399951,1.0343,123,4.3663,0.6327,1.3018,0
1789,71.56,124.0373,31.0093,harmony_expansion,0.579389,granular_texture,0.273384,0.127981,0.238266,0.360369,1.0298,123,4.3346,0.5865,1.5555,1
1790,71.6,124.1067,31.0267,harmony_expansion,0.579817,broken_beat,0.254834,0.141635,0.336298,0.267233,1.0188,124,4.316,0.5681,1.8844,1
1791,71.64,124.176,31.044,harmony_expansion,0.580244,broken_beat,0.24648,0.16944,0.425364,0.158716,1.006,125,4.3936,0.5674,2.1832,0
1792,71.68,124.2453,31.0613,harmony_expansion,0.58067,broken_beat,0.23981,0.210511,0.460273,0.089406,0.9978,127,4.4252,0.5734,2.3007,0
1793,71.72,124.3147,31.0787,harmony_expansion,0.581096,broken_beat,0.23448,0.264431,0.425509,0.075579,0.9964,129,4.3976,0.5857,2.1847,0
1794,71.76,124.384,31.096,harmony_expansion,0.581521,broken_beat,0.234298,0.332192,0.343644,0.089866,0.9983,132,4.3299,0.6091,1.9109,0
1795,71.8,124.4533,31.1133,harmony_expansion,0.581946,glassy_arps,0.221942,0.380359,0.229298,0.168401,1.0079,134,4.363,0.6106,1.5283,0
1796,71.84,124.5227,31.1307,harmony_expansion,0.582371,glassy_arps,0.1902,0.376469,0.128238,0.305092,1.0245,134,4.3615,0.5695,1.1902,0
1797,71.88,124.592,31.148,harmony_expansion,0.582794,granular_texture,0.170298,0.368095,0.078244,0.383363,1.0341,134,4.3693,0.5417,1.0232,0
1798,71.92,124.6613,31.1653,harmony_expansion,0.583218,glassy_arps,0.175522,0.388782,0.064467,0.371229,1.0328,135,4.3758,0.5555,0.9775,0
1799,71.96,124.7307,31.1827,harmony_expansion,0.58364,glassy_arps,0.197109,0.419564,0.066284,0.317043,1.0265,136,4.4038,0.5932,0.9841,0
1800,72.0,124.8,31.2,harmony_expansion,0.584063,glassy_arps,0.236694,0.456877,0.074513,0.231916,1.0165,138,4.4374,0.6558,1.0121,0
1801,72.04,124.8693,31.2173,harmony_expansion,0.584484,glassy_arps,0.289389,0.484457,0.087696,0.138458,1.0055,139,4.4627,0.7313,1.0567,0
1802,72.08,124.9387,31.2347,harmony_expansion,0.584905,glassy_arps,0.333254,0.468295,0.112946,0.085506,0.9993,138,4.4509,0.7805,1.1418,0
1803,72.12,125.008,31.252,harmony_expansion,0.585326,glassy_arps,0.357292,0.403231,0.161802,0.077674,0.9986,136,4.3974,0.7877,1.3059,0
1804,72.16,125.0773,31.2693,harmony_expansion,0.585745,tension_chords,0.364256,0.306226,0.231391,0.098128,1.0012,132,4.3662,0.7625,1.5395,1
1805,72.2,125.1467,31.2867,harmony_expansion,0.586165,tension_chords,0.344887,0.202199,0.285247,0.167667,1.0098,127,4.3516,0.7019,1.7204,0
1806,72.24,125.216,31.304,harmony_expansion,0.586583,tension_chords,0.312436,0.129882,0.29702,0.260663,1.0211,124,4.3259,0.636,1.7603,0
1807,72.28,125.2853,31.3213,harmony_expansion,0.587002,granular_texture,0.290474,0.094219,0.276521,0.338786,1.0307,123,4.3501,0.5961,1.692,0
1808,72.32,125.3547,31.3387,harmony_expansion,0.587419,granular_texture,0.314711,0.087866,0.260377,0.337046,1.0307,123,4.3505,0.6241,1.6384,0
1809,72.36,125.424,31.356,harmony_expansion,0.587836,tension_chords,0.394181,0.100122,0.245921,0.259776,1.0216,123,4.4009,0.7278,1.5905,0
1810,72.4,125.4933,31.3733,harmony_expansion,0.588252,tension_chords,0.50523,0.118244,0.209262,0.167263,1.0107,124,4.4972,0.8729,1.4681,0
1811,72.44,125.5627,31.3907,harmony_expansion,0.588668,tension_chords,0.614325,0.134711,0.15663,0.094333,1.0021,125,4.5917,1.0151,1.2922,0
1812,72.48,125.632,31.408,harmony_expansion,0.589083,tension_chords,0.675007,0.147768,0.107469,0.069756,0.9993,125,4.6452,1.0955,1.128,0
1813,72.52,125.7013,31.4253,harmony_expansion,0.589497,tension_chords,0.682216,0.164919,0.080094,0.072771,0.9999,126,4.6531,1.1105,1.0368,0
1814,72.56,125.7707,31.4427,harmony_expansion,0.589911,tension_chords,0.628066,0.185553,0.069777,0.116605,1.0054,127,4.609,1.05,1.0027,0
1815,72.6,125.84,31.46,harmony_expansion,0.590324,tension_chords,0.532984,0.205921,0.062108,0.198986,1.0154,128,4.53,0.9383,0.9774,0
1816,72.64,125.9093,31.4773,harmony_expansion,0.590737,tension_chords,0.440614,0.227505,0.057375,0.274506,1.0247,129,4.4533,0.8304,0.962,0
1817,72.68,125.9787,31.4947,harmony_expansion,0.591148,tension_chords,0.369458,0.250787,0.063829,0.315926,1.0298,130,4.3947,0.7496,0.9841,0
1818,72.72,126.048,31.512,harmony_expansion,0.59156,tension_chords,0.32549,0.280729,0.091234,0.302547,1.0284,131,4.3591,0.7051,1.0763,0
1819,72.76,126.1173,31.5293,harmony_expansion,0.59197,glassy_arps,0.314067,0.334309,0.149854,0.201771,1.0165,134,4.3684,0.7096,1.2732,0
1820,72.8,126.1867,31.5467,harmony_expansion,0.59238,glassy_arps,0.298876,0.385475,0.222868,0.092782,1.0036,136,4.4137,0.7085,1.5182,0
1821,72.84,126.256,31.564,harmony_expansion,0.592789,glassy_arps,0.269612,0.405364,0.274756,0.050267,0.9987,137,4.4325,0.6789,1.6925,0
1822,72.88,126.3253,31.5813,harmony_expansion,0.593198,glassy_arps,0.250462,0.399349,0.301927,0.048262,0.9987,137,4.4292,0.6529,1.784,0
1823,72.92,126.3947,31.5987,harmony_expansion,0.593605,glassy_arps,0.247775,0.369879,0.306533,0.075813,1.0022,135,4.4059,0.6392,1.7999,0
1824,72.96,126.464,31.616,harmony_expansion,0.594013,glassy_arps,0.245674,0.315061,0.274723,0.164542,1.013,133,4.3612,0.6174,1.6937,0
1825,73.0,126.5333,31.6333,harmony_expansion,0.594419,granular_texture,0.237276,0.255503,0.21549,0.29173,1.0284,131,4.3431,0.586,1.4958,1
1826,73.04,126.6027,31.6507,harmony_expansion,0.594825,granular_texture,0.235154,0.214084,0.15224,0.398522,1.0414,129,4.4357,0.5689,1.2843,0
1827,73.08,126.672,31.668,harmony_expansion,0.59523,granular_texture,0.250516,0.196088,0.108465,0.444931,1.0472,128,4.477,0.5818,1.1381,0
1828,73.12,126.7413,31.6853,harmony_expansion,0.595634,granular_texture,0.283956,0.19812,0.102612,0.415312,1.0438,128,4.4536,0.6243,1.1189,0
1829,73.16,126.8107,31.7027,harmony_expansion,0.596037,tension_chords,0.34492,0.226333,0.125359,0.303388,1.0306,130,4.3955,0.7104,1.1956,0
1830,73.2,126.88,31.72,harmony_expansion,0.59644,tension_chords,0.412651,0.266488,0.152644,0.168216,1.0145,131,4.4549,0.8091,1.2874,0
1831,73.24,126.9493,31.7373,harmony_expansion,0.596842,tension_chords,0.421616,0.272237,0.166664,0.139483,1.0113,132,4.4643,0.8223,1.3349,0
1832,73.28,127.0187,31.7547,harmony_expansion,0.597244,tension_chords,0.387941,0.250939,0.199282,0.161838,1.0142,131,4.4375,0.7728,1.4446,1
1833,73.32,127.088,31.772,harmony_expansion,0.597644,tension_chords,0.307666,0.204538,0.240775,0.247021,1.0246,129,4.371,0.6562,1.584,1
1834,73.36,127.1573,31.7893,harmony_expansion,0.598044,granular_texture,0.235586,0.169165,0.273199,0.322049,1.0337,128,4.385,0.5537,1.6931,0
1835,73.4,127.2267,31.8067,harmony_expansion,0.598443,granular_texture,0.199741,0.16191,0.297491,0.340858,1.0362,127,4.4028,0.5063,1.7749,0
1836,73.44,127.296,31.824,harmony_expansion,0.598842,broken_beat,0.196773,0.183306,0.315335,0.304586,1.032,128,4.3829,0.5101,1.8351,0
1837,73.48,127.3653,31.8413,harmony_expansion,0.599239,broken_beat,0.219414,0.235374,0.320074,0.225138,1.0227,131,4.3887,0.5566,1.8514,0
1838,73.52,127.4347,31.8587,harmony_expansion,0.599636,glassy_arps,0.255349,0.314312,0.299417,0.130922,1.0115,134,4.3855,0.6292,1.7826,0
1839,73.56,127.504,31.876,harmony_expansion,0.600032,glassy_arps,0.291348,0.396239,0.245225,0.067189,1.0041,137,4.4569,0.7029,1.6015,1
1840,73.6,127.5733,31.8933,harmony_expansion,0.600428,glassy_arps,0.329804,0.453237,0.164306,0.052654,1.0025,140,4.5072,0.7709,1.3309,0
1841,73.64,127.6427,31.9107,harmony_expansion,0.600822,glassy_arps,0.368526,0.465483,0.096934,0.069056,1.0047,140,4.5193,0.8236,1.1056,0
1842,73.68,127.712,31.928,harmony_expansion,0.601216,glassy_arps,0.380217,0.419588,0.066455,0.13374,1.0126,139,4.4821,0.8221,1.004,0
1843,73.72,127.7813,31.9453,harmony_expansion,0.601609,tension_chords,0.370247,0.350334,0.057231,0.222188,1.0234,136,4.4419,0.7854,0.9735,0
1844,73.76,127.8507,31.9627,harmony_expansion,0.602001,tension_chords,0.366432,0.290663,0.054332,0.288573,1.0315,133,4.4404,0.7598,0.9642,0
1845,73.8,127.92,31.98,harmony_expansion,0.602392,tension_chords,0.389879,0.251091,0.057076,0.301954,1.0333,132,4.462,0.7752,0.9738,0
1846,73.84,127.9893,31.9973,harmony_expansion,0.602782,tension_chords,0.444895,0.226082,0.075922,0.253101,1.0277,131,4.5105,0.8352,1.0374,0
1847,73.88,128.0587,32.0147,harmony_expansion,0.603172,tension_chords,0.509692,0.20222,0.1285,0.159587,1.0166,130,4.5674,0.9079,1.214,0
1848,73.92,128.128,32.032,harmony_expansion,0.603561,tension_chords,0.534248,0.169136,0.214064,0.082552,1.0075,128,4.59,0.927,1.501,1
1849,73.96,128.1973,32.0493,harmony_expansion,0.603949,tension_chords,0.505426,0.135898,0.297154,0.061522,1.0052,127,4.5672,0.8793,1.7798,0
1850,74.0,128.2667,32.0667,harmony_expansion,0.604336,tension_chords,0.461664,0.115204,0.351123,0.072009,1.0066,126,4.5317,0.8174,1.961,0
1851,74.04,128.336,32.084,harmony_expansion,0.604722,tension_chords,0.398788,0.099857,0.351544,0.149811,1.0161,126,4.48,0.7334,1.9629,0
1852,74.08,128.4053,32.1013,harmony_expansion,0.605108,tension_chords,0.347628,0.09089,0.320845,0.240637,1.0272,125,4.4382,0.6663,1.8604,0
1853,74.12,128.4747,32.1187,harmony_expansion,0.605492,tension_chords,0.337826,0.094718,0.265659,0.301797,1.0347,126,4.4316,0.6554,1.676,0
1854,74.16,128.544,32.136,harmony_expansion,0.605876,tension_chords,0.363512,0.117168,0.184153,0.335167,1.0389,127,4.4551,0.6954,1.4034,1
1855,74.2,128.6133,32.1533,harmony_expansion,0.606259,tension_chords,0.408655,0.170337,0.123472,0.297536,1.0346,129,4.4952,0.7704,1.2005,0
1856,74.24,128.6827,32.1707,harmony_expansion,0.606641,tension_chords,0.443395,0.266157,0.099835,0.190613,1.0219,133,4.5264,0.8474,1.1218,0
1857,74.28,128.752,32.188,harmony_expansion,0.607022,tension_chords,0.429824,0.373229,0.095351,0.101596,1.0114,138,4.5166,0.8679,1.1071,0
1858,74.32,128.8213,32.2053,harmony_expansion,0.607402,glassy_arps,0.382072,0.442652,0.092553,0.082723,1.0093,140,4.5292,0.8325,1.0982,0
1859,74.36,128.8907,32.2227,harmony_expansion,0.607782,glassy_arps,0.331314,0.476367,0.089333,0.102986,1.0119,142,4.5595,0.7809,1.0878,0
1860,74.4,128.96,32.24,harmony_expansion,0.60816,glassy_arps,0.262502,0.451221,0.091051,0.195226,1.0232,141,4.5398,0.6861,1.094,0
1861,74.44,129.0293,32.2573,harmony_expansion,0.608538,glassy_arps,0.191257,0.379988,0.108166,0.320589,1.0384,138,4.481,0.5721,1.1517,0
1862,74.48,129.0987,32.2747,harmony_expansion,0.608914,granular_texture,0.151771,0.331445,0.150135,0.366649,1.0441,136,4.4713,0.5057,1.2928,0
1863,74.52,129.168,32.292,harmony_expansion,0.60929,glassy_arps,0.145155,0.325013,0.226878,0.302954,1.0366,136,4.4376,0.4952,1.5503,0
1864,74.56,129.2373,32.3093,harmony_expansion,0.609665,broken_beat,0.15165,0.320798,0.324207,0.203346,1.0248,136,4.4386,0.5018,1.8767,0
1865,74.6,129.3067,32.3267,harmony_expansion,0.610039,broken_beat,0.164571,0.304482,0.420388,0.110559,1.0139,135,4.522,0.5123,2.1993,0
1866,74.64,129.376,32.344,harmony_expansion,0.610412,broken_beat,0.188064,0.286568,0.458159,0.067208,1.0089,134,4.5558,0.5354,2.3263,0
1867,74.68,129.4453,32.3613,harmony_expansion,0.610784,broken_beat,0.239678,0.28543,0.396948,0.077945,1.0103,134,4.5054,0.5995,2.1216,0
1868,74.72,129.5147,32.3787,harmony_expansion,0.611155,tension_chords,0.304394,0.274911,0.274412,0.146283,1.0187,134,4.4284,0.6767,1.7115,1
1869,74.76,129.584,32.396,harmony_expansion,0.611525,tension_chords,0.319662,0.221038,0.156995,0.302305,1.0376,132,4.443,0.6769,1.3186,0
1870,74.8,129.6533,32.4133,harmony_expansion,0.611894,granular_texture,0.298164,0.165992,0.096772,0.439071,1.0542,130,4.5461,0.6308,1.1173,0
1871,74.84,129.7227,32.4307,harmony_expansion,0.612262,granular_texture,0.283856,0.135551,0.077131,0.503462,1.0621,128,4.6025,0.6023,1.0519,0
1872,74.88,129.792,32.448,harmony_expansion,0.61263,granular_texture,0.311735,0.133113,0.076316,0.478836,1.0593,128,4.5832,0.6363,1.0495,0
1873,74.92,129.8613,32.4653,harmony_expansion,0.612996,tension_chords,0.41929,0.162304,0.09552,0.322886,1.0407,130,4.5342,0.7809,1.1143,0
1874,74.96,129.9307,32.4827,harmony_expansion,0.613361,tension_chords,0.522499,0.192883,0.134484,0.150134,1.0202,131,4.6236,0.9206,1.2452,0
1875,75.0,130.0,32.5,harmony_expansion,0.613726,tension_chords,0.521441,0.199698,0.193068,0.085793,1.0126,131,4.6243,0.9217,1.4419,1
1876,75.04,130.0693,32.5173,harmony_expansion,0.614089,tension_chords,0.465231,0.197937,0.260461,0.076371,1.0116,131,4.5781,0.8508,1.668,1
1877,75.08,130.1387,32.5347,harmony_expansion,0.614451,tension_chords,0.387982,0.191848,0.306822,0.113348,1.0162,131,4.5141,0.7521,1.8237,0
1878,75.12,130.208,32.552,harmony_expansion,0.614813,broken_beat,0.31842,0.185918,0.322518,0.173144,1.0236,131,4.4601,0.6631,1.8767,0
1879,75.16,130.2773,32.5693,harmony_expansion,0.615173,broken_beat,0.288254,0.195903,0.299917,0.215927,1.0289,131,4.4424,0.6289,1.8014,0
1880,75.2,130.3467,32.5867,harmony_expansion,0.615533,tension_chords,0.303872,0.232154,0.234867,0.229108,1.0306,133,4.4474,0.6611,1.5839,0
1881,75.24,130.416,32.604,harmony_expansion,0.615891,tension_chords,0.349939,0.28666,0.162897,0.200504,1.0274,135,4.4882,0.7378,1.3432,0
1882,75.28,130.4853,32.6213,harmony_expansion,0.616248,tension_chords,0.413914,0.343638,0.109226,0.133222,1.0195,138,4.5441,0.8377,1.1638,0
1883,75.32,130.5547,32.6387,harmony_expansion,0.616605,tension_chords,0.478888,0.378952,0.076597,0.065563,1.0115,139,4.6009,0.9312,1.0549,0
1884,75.36,130.624,32.656,harmony_expansion,0.61696,tension_chords,0.513646,0.366663,0.064029,0.055663,1.0105,139,4.6321,0.9704,1.0132,0
1885,75.4,130.6933,32.6733,harmony_expansion,0.617314,tension_chords,0.526415,0.328453,0.063497,0.081635,1.0138,137,4.6445,0.973,1.0118,0
1886,75.44,130.7627,32.6907,harmony_expansion,0.617667,tension_chords,0.49577,0.27093,0.062639,0.170661,1.0246,135,4.62,0.9145,1.0093,0
1887,75.48,130.832,32.708,harmony_expansion,0.618019,tension_chords,0.436103,0.214659,0.066986,0.282252,1.0382,132,4.5709,0.8203,1.0242,0
1888,75.52,130.9013,32.7253,harmony_expansion,0.618371,tension_chords,0.384005,0.174735,0.096758,0.344503,1.0458,131,4.5282,0.7412,1.1243,0
1889,75.56,130.9707,32.7427,harmony_expansion,0.618721,tension_chords,0.355993,0.150313,0.17557,0.318125,1.0428,130,4.5059,0.6976,1.3888,0
1890,75.6,131.04,32.76,harmony_expansion,0.61907,tension_chords,0.33636,0.135815,0.317644,0.210181,1.03,129,4.4908,0.668,1.8651,1
1891,75.64,131.1093,32.7773,harmony_expansion,0.619418,broken_beat,0.298389,0.12578,0.476112,0.099719,1.0169,129,4.6111,0.617,2.3963,1
1892,75.68,131.1787,32.7947,harmony_expansion,0.619764,broken_beat,0.268136,0.125161,0.542129,0.064574,1.0128,129,4.6688,0.579,2.6179,0
1893,75.72,131.248,32.812,harmony_expansion,0.62011,broken_beat,0.274585,0.14254,0.497222,0.085654,1.0155,130,4.6321,0.5931,2.4678,0
1894,75.76,131.3173,32.8293,harmony_expansion,0.620455,broken_beat,0.273143,0.161579,0.360839,0.204439,1.0299,131,4.5177,0.598,2.0113,0
1895,75.8,131.3867,32.8467,harmony_expansion,0.620799,granular_texture,0.249009,0.178092,0.214345,0.358554,1.0486,131,4.5173,0.5736,1.5209,0
1896,75.84,131.456,32.864,harmony_expansion,0.621141,granular_texture,0.224557,0.205325,0.120794,0.449324,1.0596,133,4.596,0.5526,1.2079,0
1897,75.88,131.5253,32.8813,harmony_expansion,0.621482,granular_texture,0.219319,0.260765,0.087034,0.432882,1.0578,135,4.5835,0.5654,1.0952,0
1898,75.92,131.5947,32.8987,harmony_expansion,0.621823,glassy_arps,0.236237,0.357206,0.087558,0.318999,1.0443,139,4.5207,0.6203,1.0973,0
1899,75.96,131.664,32.916,harmony_expansion,0.622162,glassy_arps,0.259079,0.475629,0.095275,0.170017,1.0266,144,4.6229,0.6903,1.1235,0
1900,76.0,131.7333,32.9333,harmony_expansion,0.6225,glassy_arps,0.263561,0.547494,0.09948,0.089466,1.0171,147,4.6855,0.7211,1.138,0
1901,76.04,131.8027,32.9507,harmony_expansion,0.622837,glassy_arps,0.252261,0.547339,0.12146,0.07894,1.016,147,4.6869,0.7069,1.212,0
1902,76.08,131.872,32.968,harmony_expansion,0.623173,glassy_arps,0.227127,0.477104,0.173247,0.122522,1.0214,144,4.6287,0.6509,1.3859,0
1903,76.12,131.9413,32.9853,harmony_expansion,0.623507,glassy_arps,0.185769,0.356069,0.229771,0.228391,1.0342,139,4.5273,0.5568,1.5756,0
1904,76.16,132.0107,33.0027,harmony_expansion,0.623841,broken_beat,0.164903,0.27534,0.280678,0.279079,1.0405,136,4.4647,0.5025,1.7465,1
1905,76.2,132.08,33.02,harmony_expansion,0.624173,broken_beat,0.18681,0.25089,0.307329,0.254971,1.0377,135,4.4888,0.5213,1.8361,1
1906,76.24,132.1493,33.0373,harmony_expansion,0.624505,broken_beat,0.255982,0.23983,0.296142,0.208046,1.0322,134,4.4808,0.6039,1.799,0
1907,76.28,132.2187,33.0547,harmony_expansion,0.624835,tension_chords,0.379749,0.220637,0.264508,0.135106,1.0236,134,4.5533,0.7519,1.6934,0
1908,76.32,132.288,33.072,harmony_expansion,0.625164,tension_chords,0.526781,0.194047,0.200898,0.078274,1.017,133,4.6797,0.9264,1.4807,0
1909,76.36,132.3573,33.0893,harmony_expansion,0.625491,tension_chords,0.62698,0.168736,0.129924,0.07436,1.0166,132,4.7664,1.0428,1.2433,0
1910,76.4,132.4267,33.1067,harmony_expansion,0.625818,tension_chords,0.645848,0.149608,0.090517,0.114027,1.0216,131,4.7839,1.0597,1.1116,0
1911,76.44,132.496,33.124,harmony_expansion,0.626143,tension_chords,0.573221,0.128439,0.073636,0.224704,1.035,130,4.7236,0.9615,1.0554,0
1912,76.48,132.5653,33.1413,harmony_expansion,0.626467,tension_chords,0.487203,0.110075,0.06311,0.339613,1.0489,129,4.6519,0.8475,1.0205,0
1913,76.52,132.6347,33.1587,harmony_expansion,0.62679,tension_chords,0.434857,0.100662,0.059624,0.404856,1.0569,129,4.6088,0.7788,1.0092,0
1914,76.56,132.704,33.176,harmony_expansion,0.627112,tension_chords,0.455215,0.115143,0.084899,0.344743,1.0498,130,4.6276,0.8093,1.0942,0
1915,76.6,132.7733,33.1933,harmony_expansion,0.627433,tension_chords,0.501443,0.152735,0.168758,0.177063,1.0299,131,4.6683,0.8803,1.3755,0
1916,76.64,132.8427,33.2107,harmony_expansion,0.627752,tension_chords,0.45649,0.18102,0.292573,0.069917,1.0172,133,4.6315,0.834,1.7906,0
1917,76.68,132.912,33.228,harmony_expansion,0.62807,tension_chords,0.379614,0.202462,0.369073,0.048852,1.0148,133,4.5676,0.7454,2.0473,0
1918,76.72,132.9813,33.2453,harmony_expansion,0.628387,broken_beat,0.337942,0.242312,0.353868,0.065878,1.017,135,4.5471,0.7072,1.9967,0
1919,76.76,133.0507,33.2627,harmony_expansion,0.628703,tension_chords,0.298978,0.286542,0.27516,0.139319,1.0259,137,4.5019,0.674,1.7334,1
1920,76.8,133.12,33.28,harmony_expansion,0.629018,glassy_arps,0.258827,0.330418,0.185657,0.225097,1.0364,139,4.53,0.6392,1.4339,1
1921,76.84,133.1893,33.2973,harmony_expansion,0.629331,glassy_arps,0.236082,0.381819,0.115709,0.26639,1.0415,141,4.5751,0.6287,1.1999,0
1922,76.88,133.2587,33.3147,harmony_expansion,0.629643,glassy_arps,0.240243,0.430212,0.07721,0.252335,1.0399,143,4.6176,0.6509,1.0713,0
1923,76.92,133.328,33.332,harmony_expansion,0.629954,glassy_arps,0.272057,0.465271,0.070445,0.192227,1.0328,145,4.6488,0.7029,1.0489,0
1924,76.96,133.3973,33.3493,harmony_expansion,0.630263,glassy_arps,0.321062,0.486521,0.08699,0.105427,1.0226,146,4.6682,0.7716,1.1047,0
1925,77.0,133.4667,33.3667,harmony_expansion,0.630571,glassy_arps,0.347486,0.45544,0.104116,0.092958,1.0212,144,4.6432,0.7938,1.1624,0
1926,77.04,133.536,33.384,harmony_expansion,0.630878,glassy_arps,0.347404,0.383631,0.123012,0.145952,1.0277,141,4.5835,0.7685,1.2261,0
1927,77.08,133.6053,33.4013,harmony_expansion,0.631184,tension_chords,0.288373,0.262754,0.160628,0.288244,1.0449,136,4.5039,0.6524,1.3524,0
1928,77.12,133.6747,33.4187,harmony_expansion,0.631488,granular_texture,0.21447,0.163869,0.239008,0.382653,1.0564,132,4.5854,0.5254,1.6153,0
1929,77.16,133.744,33.436,harmony_expansion,0.631792,granular_texture,0.172721,0.117394,0.345651,0.364234,1.0543,130,4.5711,0.457,1.9729,0
1930,77.2,133.8133,33.4533,harmony_expansion,0.632093,broken_beat,0.172558,0.111795,0.428691,0.286955,1.0452,130,4.6272,0.4548,2.2514,0
1931,77.24,133.8827,33.4707,harmony_expansion,0.632394,broken_beat,0.208726,0.13213,0.477045,0.182099,1.0328,131,4.6696,0.5072,2.4137,0
1932,77.28,133.952,33.488,harmony_expansion,0.632693,broken_beat,0.266351,0.16298,0.469567,0.101102,1.0232,132,4.6646,0.59,2.389,0
1933,77.32,134.0213,33.5053,harmony_expansion,0.632991,broken_beat,0.328894,0.202082,0.373342,0.095681,1.0227,134,4.5842,0.6818,2.067,1
1934,77.36,134.0907,33.5227,harmony_expansion,0.633288,tension_chords,0.363337,0.243702,0.225327,0.167634,1.0314,136,4.577,0.7395,1.5715,1
1935,77.4,134.16,33.54,harmony_expansion,0.633583,tension_chords,0.322632,0.258434,0.110465,0.308469,1.0485,137,4.5437,0.6937,1.187,0
1936,77.44,134.2293,33.5573,harmony_expansion,0.633877,granular_texture,0.281813,0.285747,0.069757,0.362684,1.0551,138,4.579,0.6523,1.0509,0
1937,77.48,134.2987,33.5747,harmony_expansion,0.63417,granular_texture,0.270885,0.334476,0.058858,0.335781,1.052,140,4.5575,0.6557,1.0148,0
1938,77.52,134.368,33.592,harmony_expansion,0.634461,glassy_arps,0.29968,0.39308,0.059285,0.247955,1.0416,142,4.6075,0.7122,1.0165,0
1939,77.56,134.4373,33.6093,harmony_expansion,0.634751,glassy_arps,0.353249,0.436495,0.077244,0.133012,1.0279,144,4.6457,0.7943,1.077,0
1940,77.6,134.5067,33.6267,harmony_expansion,0.63504,glassy_arps,0.379814,0.423892,0.134626,0.061667,1.0195,144,4.6362,0.8231,1.2695,0
1941,77.64,134.576,33.644,harmony_expansion,0.635327,tension_chords,0.360853,0.358232,0.231514,0.0494,1.0182,141,4.5839,0.7764,1.5944,1
1942,77.68,134.6453,33.6613,harmony_expansion,0.635613,tension_chords,0.337986,0.289463,0.294643,0.077908,1.0217,138,4.5658,0.7238,1.8062,0
1943,77.72,134.7147,33.6787,harmony_expansion,0.635898,tension_chords,0.318145,0.225298,0.27851,0.178046,1.0339,136,4.5502,0.6765,1.7525,0
1944,77.76,134.784,33.696,harmony_expansion,0.636181,tension_chords,0.306317,0.172063,0.230818,0.290801,1.0475,133,4.5414,0.6431,1.593,0
1945,77.8,134.8533,33.7133,harmony_expansion,0.636463,tension_chords,0.351033,0.152048,0.196048,0.300871,1.0489,133,4.5806,0.692,1.4769,0
1946,77.84,134.9227,33.7307,harmony_expansion,0.636743,tension_chords,0.455324,0.152341,0.158981,0.233355,1.0409,133,4.6705,0.8225,1.353,0
1947,77.88,134.992,33.748,harmony_expansion,0.637023,tension_chords,0.586827,0.159138,0.118657,0.135378,1.0293,133,4.7836,0.9892,1.2182,0
1948,77.92,135.0613,33.7653,harmony_expansion,0.6373,tension_chords,0.664905,0.159604,0.094338,0.081153,1.0229,133,4.8512,1.087,1.1371,0
1949,77.96,135.1307,33.7827,harmony_expansion,0.637577,tension_chords,0.669687,0.155523,0.089021,0.085769,1.0236,133,4.8564,1.0915,1.1196,0
1950,78.0,135.2,33.8,harmony_expansion,0.637852,tension_chords,0.606087,0.144946,0.083215,0.165753,1.0333,132,4.8036,1.0083,1.1004,0
1951,78.04,135.2693,33.8173,harmony_expansion,0.638125,tension_chords,0.487583,0.130063,0.080591,0.301763,1.0497,132,4.7041,0.855,1.0919,0
1952,78.08,135.3387,33.8347,harmony_expansion,0.638397,granular_texture,0.373592,0.13033,0.11381,0.382268,1.0595,132,4.6158,0.7126,1.2035,0
1953,78.12,135.408,33.852,harmony_expansion,0.638668,granular_texture,0.284929,0.149519,0.206729,0.358822,1.0568,133,4.5971,0.6085,1.5151,0
1954,78.16,135.4773,33.8693,harmony_expansion,0.638937,broken_beat,0.24598,0.194595,0.328549,0.230876,1.0416,135,4.5725,0.5756,1.9235,0
1955,78.2,135.5467,33.8867,harmony_expansion,0.639205,broken_beat,0.235656,0.266149,0.406499,0.091695,1.025,138,4.64,0.5877,2.1849,1
1956,78.24,135.616,33.904,harmony_expansion,0.639471,broken_beat,0.216385,0.332144,0.391977,0.059494,1.0213,141,4.6288,0.5867,2.1365,1
1957,78.28,135.6853,33.9213,harmony_expansion,0.639736,glassy_arps,0.203775,0.398445,0.318602,0.079178,1.0238,143,4.6355,0.5942,1.891,0
1958,78.32,135.7547,33.9387,harmony_expansion,0.64,glassy_arps,0.187974,0.429703,0.202598,0.179725,1.036,145,4.6632,0.5854,1.5027,0
1959,78.36,135.824,33.956,harmony_expansion,0.640262,glassy_arps,0.170861,0.415155,0.108553,0.305431,1.0512,144,4.652,0.5589,1.1879,0
1960,78.4,135.8933,33.9733,harmony_expansion,0.640523,glassy_arps,0.169422,0.398818,0.070554,0.361206,1.058,144,4.6393,0.5514,1.0609,0
1961,78.44,135.9627,33.9907,harmony_expansion,0.640782,glassy_arps,0.19521,0.410102,0.072109,0.322578,1.0535,144,4.6501,0.5875,1.0664,0
1962,78.48,136.032,34.008,harmony_expansion,0.641039,glassy_arps,0.255266,0.438898,0.09166,0.214176,1.0406,145,4.6757,0.6727,1.1322,0
1963,78.52,136.1013,34.0253,harmony_expansion,0.641296,glassy_arps,0.331567,0.429853,0.120744,0.117836,1.0291,145,4.6691,0.7649,1.2299,0
1964,78.56,136.1707,34.0427,harmony_expansion,0.64155,tension_chords,0.366929,0.339658,0.188276,0.105136,1.0277,141,4.6168,0.7775,1.4564,0
1965,78.6,136.24,34.06,harmony_expansion,0.641803,tension_chords,0.322904,0.212416,0.302851,0.161829,1.0346,136,4.5805,0.678,1.8405,0
1966,78.64,136.3093,34.0773,harmony_expansion,0.642055,broken_beat,0.265071,0.129587,0.353726,0.251616,1.0455,132,4.6078,0.5767,2.0112,0
1967,78.68,136.3787,34.0947,harmony_expansion,0.642305,broken_beat,0.251333,0.098479,0.341192,0.308996,1.0525,131,4.5983,0.5486,1.9695,0
1968,78.72,136.448,34.112,harmony_expansion,0.642554,broken_beat,0.285411,0.095351,0.323932,0.295305,1.051,131,4.5847,0.5901,1.912,0
1969,78.76,136.5173,34.1293,harmony_expansion,0.642801,tension_chords,0.381632,0.10951,0.297073,0.211785,1.0411,132,4.6349,0.7154,1.8223,1
1970,78.8,136.5867,34.1467,harmony_expansion,0.643047,tension_chords,0.526652,0.137102,0.228439,0.107807,1.0287,133,4.7592,0.9063,1.5926,1
1971,78.84,136.656,34.164,harmony_expansion,0.643291,tension_chords,0.625352,0.168676,0.13651,0.069462,1.0242,134,4.8442,1.0407,1.2849,0
1972,78.88,136.7253,34.1813,harmony_expansion,0.643534,tension_chords,0.628962,0.204398,0.08363,0.083011,1.026,136,4.8483,1.0577,1.108,0
1973,78.92,136.7947,34.1987,harmony_expansion,0.643775,tension_chords,0.52219,0.223439,0.062161,0.19221,1.0392,137,4.7587,0.9309,1.0364,0
1974,78.96,136.864,34.216,harmony_expansion,0.644015,tension_chords,0.407963,0.230338,0.050125,0.311575,1.0536,137,4.6626,0.7906,0.9963,0
1975,79.0,136.9333,34.2333,harmony_expansion,0.644253,tension_chords,0.376165,0.265629,0.05156,0.306646,1.0532,139,4.6367,0.7632,1.0014,0
1976,79.04,137.0027,34.2507,harmony_expansion,0.644489,tension_chords,0.378754,0.3122,0.084741,0.224305,1.0434,140,4.6399,0.7827,1.1128,0
1977,79.08,137.072,34.268,harmony_expansion,0.644724,tension_chords,0.374419,0.337619,0.176441,0.111521,1.03,142,4.6373,0.7862,1.4203,0
1978,79.12,137.1413,34.2853,harmony_expansion,0.644958,tension_chords,0.352744,0.328781,0.268743,0.049732,1.0226,141,4.6199,0.756,1.7297,0
1979,79.16,137.2107,34.3027,harmony_expansion,0.64519,tension_chords,0.334564,0.308392,0.310308,0.046736,1.0224,140,4.6055,0.7261,1.8692,0
1980,79.2,137.28,34.32,harmony_expansion,0.64542,tension_chords,0.318054,0.282781,0.305387,0.093778,1.0281,139,4.5925,0.6965,1.853,0
1981,79.24,137.3493,34.3373,harmony_expansion,0.645649,tension_chords,0.29513,0.246083,0.24388,0.214907,1.0428,138,4.574,0.655,1.6472,0
1982,79.28,137.4187,34.3547,harmony_expansion,0.645876,granular_texture,0.279738,0.201617,0.162363,0.356282,1.0599,136,4.627,0.6202,1.3744,0
1983,79.32,137.488,34.372,harmony_expansion,0.646101,granular_texture,0.288434,0.167375,0.105257,0.438934,1.0699,135,4.6982,0.6191,1.1833,0
1984,79.36,137.5573,34.3893,harmony_expansion,0.646325,tension_chords,0.369471,0.186286,0.102003,0.34224,1.0584,135,4.6402,0.727,1.1727,0
1985,79.4,137.6267,34.4067,harmony_expansion,0.646548,tension_chords,0.463283,0.23521,0.132536,0.168971,1.0377,138,4.7209,0.8614,1.2752,0
1986,79.44,137.696,34.424,harmony_expansion,0.646768,tension_chords,0.464813,0.256441,0.147374,0.131372,1.0333,138,4.7232,0.8708,1.3251,0
1987,79.48,137.7653,34.4413,harmony_expansion,0.646988,tension_chords,0.409442,0.245284,0.160728,0.184546,1.0398,138,4.6771,0.7977,1.3701,0
1988,79.52,137.8347,34.4587,harmony_expansion,0.647205,granular_texture,0.28248,0.187555,0.207566,0.322399,1.0564,136,4.6041,0.6187,1.5273,0
1989,79.56,137.904,34.476,harmony_expansion,0.647421,granular_texture,0.190961,0.151098,0.282869,0.375072,1.0628,134,4.6498,0.4916,1.7798,0
1990,79.6,137.9733,34.4933,harmony_expansion,0.647635,granular_texture,0.161863,0.163557,0.336914,0.337666,1.0584,135,4.619,0.4596,1.9611,0
1991,79.64,138.0427,34.5107,harmony_expansion,0.647848,broken_beat,0.168866,0.22022,0.375453,0.235461,1.0463,137,4.6521,0.4882,2.0904,1
1992,79.68,138.112,34.528,harmony_expansion,0.648059,broken_beat,0.195672,0.311447,0.37451,0.11837,1.0323,141,4.6522,0.5536,2.0875,1
1993,79.72,138.1813,34.5453,harmony_expansion,0.648268,glassy_arps,0.228128,0.411747,0.294329,0.065796,1.0261,145,4.6848,0.6293,1.8191,0
1994,79.76,138.2507,34.5627,harmony_expansion,0.648476,glassy_arps,0.253678,0.488005,0.176064,0.082253,1.0282,148,4.7505,0.6879,1.4231,0
1995,79.8,138.32,34.58,harmony_expansion,0.648682,glassy_arps,0.249297,0.490232,0.088095,0.172376,1.0391,149,4.7533,0.6832,1.1287,0
1996,79.84,138.3893,34.5973,harmony_expansion,0.648887,glassy_arps,0.234673,0.44109,0.056045,0.268192,1.0507,147,4.7125,0.6477,1.0215,0
1997,79.88,138.4587,34.6147,harmony_expansion,0.649089,glassy_arps,0.253696,0.38969,0.052523,0.304091,1.0551,144,4.6697,0.6535,1.01,0
1998,79.92,138.528,34.632,harmony_expansion,0.64929,glassy_arps,0.328783,0.348285,0.062163,0.260769,1.05,143,4.6354,0.7329,1.0425,0
1999,79.96,138.5973,34.6493,harmony_expansion,0.64949,tension_chords,0.443885,0.305776,0.102339,0.148001,1.0365,141,4.7175,0.8619,1.1773,0
2000,80.0,138.6667,34.6667,harmony_expansion,0.649687,tension_chords,0.490945,0.226424,0.211581,0.07105,1.0274,138,4.7584,0.8929,1.5435,0
2001,80.04,138.736,34.684,harmony_expansion,0.649884,tension_chords,0.461184,0.15146,0.322756,0.064599,1.0267,135,4.734,0.8295,1.9161,0
2002,80.08,138.8053,34.7013,harmony_expansion,0.650078,tension_chords,0.412194,0.107081,0.337749,0.142975,1.0362,133,4.6932,0.7527,1.9665,0
2003,80.12,138.8747,34.7187,harmony_expansion,0.650271,tension_chords,0.357556,0.083444,0.284831,0.27417,1.052,132,4.6476,0.6762,1.7895,0
2004,80.16,138.944,34.736,harmony_expansion,0.650461,tension_chords,0.368383,0.083949,0.236529,0.31114,1.0565,132,4.6577,0.6899,1.6279,0
2005,80.2,139.0133,34.7533,harmony_expansion,0.650651,tension_chords,0.441237,0.101565,0.183628,0.27357,1.0521,133,4.7204,0.7871,1.4509,1
2006,80.24,139.0827,34.7707,harmony_expansion,0.650838,tension_chords,0.559696,0.14015,0.129874,0.17028,1.0398,134,4.822,0.9487,1.271,0
2007,80.28,139.152,34.788,harmony_expansion,0.651024,tension_chords,0.63066,0.1919,0.093724,0.083716,1.0295,136,4.8831,1.0555,1.1501,0
2008,80.32,139.2213,34.8053,harmony_expansion,0.651208,tension_chords,0.60077,0.243262,0.081037,0.07493,1.0285,139,4.8585,1.0361,1.1078,0
2009,80.36,139.2907,34.8227,harmony_expansion,0.65139,tension_chords,0.503481,0.29217,0.070107,0.134242,1.0357,141,4.7766,0.9316,1.0714,0
2010,80.4,139.36,34.84,harmony_expansion,0.651571,tension_chords,0.367191,0.327595,0.063558,0.241656,1.0487,142,4.6616,0.7736,1.0496,0
2011,80.44,139.4293,34.8573,harmony_expansion,0.65175,glassy_arps,0.258357,0.344335,0.093984,0.303324,1.0562,143,4.643,0.6435,1.1518,0
2012,80.48,139.4987,34.8747,harmony_expansion,0.651927,glassy_arps,0.202489,0.343706,0.177799,0.276006,1.053,143,4.6432,0.5734,1.4327,0
2013,80.52,139.568,34.892,harmony_expansion,0.652102,glassy_arps,0.198017,0.368149,0.288164,0.14567,1.0374,144,4.6648,0.5764,1.8027,1
2014,80.56,139.6373,34.9093,harmony_expansion,0.652276,glassy_arps,0.200627,0.37906,0.359324,0.06099,1.0274,144,4.6748,0.5835,2.0412,0
2015,80.6,139.7067,34.9267,harmony_expansion,0.652448,glassy_arps,0.206134,0.370691,0.362336,0.060839,1.0274,144,4.6685,0.5874,2.0515,0
2016,80.64,139.776,34.944,harmony_expansion,0.652618,glassy_arps,0.221019,0.347173,0.292353,0.139455,1.0369,143,4.6492,0.5978,1.8173,0
2017,80.68,139.8453,34.9613,harmony_expansion,0.652786,granular_texture,0.220206,0.277687,0.172097,0.33001,1.0599,140,4.6354,0.5724,1.4146,0
2018,80.72,139.9147,34.9787,harmony_expansion,0.652952,granular_texture,0.219068,0.211572,0.100052,0.469307,1.0767,138,4.7545,0.5479,1.1734,0
2019,80.76,139.984,34.996,harmony_expansion,0.653117,granular_texture,0.25159,0.191442,0.093682,0.463286,1.076,137,4.7502,0.5815,1.1523,0
2020,80.8,140.0533,35.0133,harmony_expansion,0.65328,tension_chords,0.33601,0.218725,0.121049,0.324216,1.0594,138,4.6427,0.6966,1.2441,0
2021,80.84,140.1227,35.0307,harmony_expansion,0.653441,tension_chords,0.429441,0.25544,0.155437,0.159682,1.0397,139,4.7228,0.8262,1.3595,0
2022,80.88,140.192,35.048,harmony_expansion,0.6536,tension_chords,0.423973,0.231229,0.223296,0.121501,1.0352,138,4.7189,0.8109,1.587,0
2023,80.92,140.2613,35.0653,harmony_expansion,0.653758,broken_beat,0.327882,0.166559,0.328247,0.177313,1.042,136,4.6382,0.6681,1.9388,0
2024,80.96,140.3307,35.0827,harmony_expansion,0.653914,broken_beat,0.253811,0.13493,0.348436,0.262823,1.0523,134,4.6561,0.5645,2.0066,0
2025,81.0,140.4,35.1,harmony_expansion,0.654067,broken_beat,0.237791,0.151276,0.316216,0.294717,1.0562,135,4.6294,0.5502,1.8988,0
2026,81.04,140.4693,35.1173,harmony_expansion,0.654219,broken_beat,0.273309,0.201436,0.282569,0.242686,1.0501,137,4.6015,0.6121,1.7862,0
2027,81.08,140.5387,35.1347,harmony_expansion,0.65437,tension_chords,0.361778,0.274654,0.227693,0.135876,1.0373,140,4.6695,0.7484,1.6026,1
2028,81.12,140.608,35.152,harmony_expansion,0.654518,tension_chords,0.455374,0.342815,0.141338,0.060473,1.0283,143,4.7497,0.8892,1.3135,0
2029,81.16,140.6773,35.1693,harmony_expansion,0.654664,tension_chords,0.49213,0.376378,0.077348,0.054145,1.0276,145,4.7816,0.9469,1.0992,0
2030,81.2,140.7467,35.1867,harmony_expansion,0.654809,tension_chords,0.462974,0.365206,0.055417,0.116402,1.0352,144,4.7574,0.9065,1.0259,0
2031,81.24,140.816,35.204,harmony_expansion,0.654952,tension_chords,0.38531,0.303144,0.046741,0.264805,1.0531,142,4.692,0.7877,0.997,0
2032,81.28,140.8853,35.2213,harmony_expansion,0.655093,tension_chords,0.366069,0.266303,0.0479,0.319729,1.0597,140,4.6763,0.7508,1.0011,0
2033,81.32,140.9547,35.2387,harmony_expansion,0.655232,tension_chords,0.408019,0.253058,0.082495,0.256428,1.0522,140,4.7126,0.7986,1.1171,0
2034,81.36,141.024,35.256,harmony_expansion,0.655369,tension_chords,0.444361,0.221556,0.200887,0.133197,1.0375,138,4.7441,0.833,1.5139,1
2035,81.4,141.0933,35.2733,harmony_expansion,0.655504,tension_chords,0.431489,0.169986,0.340105,0.05842,1.0285,136,4.7338,0.7989,1.9804,1
2036,81.44,141.1627,35.2907,harmony_expansion,0.655638,tension_chords,0.412761,0.134721,0.393143,0.059374,1.0287,135,4.7184,0.7631,2.1582,0
2037,81.48,141.232,35.308,harmony_expansion,0.655769,tension_chords,0.383883,0.116084,0.361462,0.13857,1.0383,134,4.6945,0.7205,2.0522,0
2038,81.52,141.3013,35.3253,harmony_expansion,0.655899,tension_chords,0.341644,0.108085,0.258046,0.292225,1.0568,134,4.6591,0.6649,1.7059,0
2039,81.56,141.3707,35.3427,harmony_expansion,0.656027,granular_texture,0.31886,0.112881,0.15522,0.413039,1.0713,134,4.7204,0.6381,1.3616,0
2040,81.6,141.44,35.36,harmony_expansion,0.656153,granular_texture,0.335746,0.139294,0.10179,0.423169,1.0726,135,4.7296,0.6684,1.1828,0
2041,81.64,141.5093,35.3773,harmony_expansion,0.656276,tension_chords,0.420332,0.225722,0.111513,0.242433,1.051,139,4.7277,0.8044,1.2155,0
2042,81.68,141.5787,35.3947,harmony_expansion,0.656398,tension_chords,0.430347,0.327059,0.126605,0.115989,1.0359,143,4.7368,0.8524,1.2662,0
2043,81.72,141.648,35.412,harmony_expansion,0.656518,glassy_arps,0.357626,0.39758,0.122007,0.122787,1.0367,146,4.7095,0.7862,1.2509,0
2044,81.76,141.7173,35.4293,harmony_expansion,0.656637,glassy_arps,0.246598,0.38573,0.1387,0.228973,1.0495,145,4.6999,0.6433,1.3069,0
2045,81.8,141.7867,35.4467,harmony_expansion,0.656753,glassy_arps,0.162083,0.32729,0.208285,0.302342,1.0584,143,4.6507,0.5172,1.5402,0
2046,81.84,141.856,35.464,harmony_expansion,0.656867,glassy_arps,0.130735,0.306774,0.285016,0.277476,1.0555,142,4.6338,0.4708,1.7974,0
2047,81.88,141.9253,35.4813,harmony_expansion,0.656979,glassy_arps,0.138251,0.340105,0.329875,0.191769,1.0452,144,4.6626,0.4918,1.9478,0
2048,81.92,141.9947,35.4987,harmony_expansion,0.65709,glassy_arps,0.171171,0.393212,0.342263,0.093354,1.0335,146,4.7083,0.5516,1.9894,0
2049,81.96,142.064,35.516,harmony_expansion,0.657198,glassy_arps,0.221577,0.426143,0.287297,0.064982,1.0301,147,4.7368,0.6261,1.8054,1
2050,82.0,142.1333,35.5333,harmony_expansion,0.657305,glassy_arps,0.281279,0.415546,0.184533,0.118642,1.0366,147,4.7282,0.697,1.4612,0
2051,82.04,142.2027,35.5507,harmony_expansion,0.657409,glassy_arps,0.297173,0.317968,0.097585,0.287275,1.0569,143,4.6457,0.6828,1.1701,0
2052,82.08,142.272,35.568,harmony_expansion,0.657512,granular_texture,0.303662,0.221388,0.071857,0.403093,1.0708,139,4.7186,0.6571,1.084,0
2053,82.12,142.3413,35.5853,harmony_expansion,0.657612,granular_texture,0.35726,0.16885,0.073992,0.399898,1.0705,136,4.7163,0.7057,1.0912,0
2054,82.16,142.4107,35.6027,harmony_expansion,0.657711,tension_chords,0.477211,0.162056,0.095621,0.265112,1.0544,136,4.7824,0.8532,1.1638,0
2055,82.2,142.48,35.62,harmony_expansion,0.657807,tension_chords,0.56041,0.161984,0.170077,0.107529,1.0355,136,4.8536,0.9572,1.4133,0
2056,82.24,142.5493,35.6373,harmony_expansion,0.657902,tension_chords,0.496895,0.131316,0.304131,0.067659,1.0308,135,4.8,0.8671,1.8625,1
2057,82.28,142.6187,35.6547,harmony_expansion,0.657994,tension_chords,0.415169,0.105969,0.376181,0.102681,1.035,134,4.731,0.7561,2.104,1
2058,82.32,142.688,35.672,harmony_expansion,0.658085,tension_chords,0.355383,0.099242,0.315226,0.230149,1.0503,134,4.6806,0.679,1.8999,0
2059,82.36,142.7573,35.6893,harmony_expansion,0.658173,granular_texture,0.32705,0.113884,0.228073,0.330993,1.0625,134,4.6602,0.6487,1.608,0
2060,82.4,142.8267,35.7067,harmony_expansion,0.65826,tension_chords,0.383084,0.176676,0.16998,0.27026,1.0552,137,4.7049,0.7407,1.4135,0
2061,82.44,142.896,35.724,harmony_expansion,0.658344,tension_chords,0.470943,0.282714,0.11052,0.135823,1.0391,141,4.7799,0.8876,1.2144,0
2062,82.48,142.9653,35.7413,harmony_expansion,0.658427,tension_chords,0.50152,0.367095,0.07097,0.060415,1.0301,145,4.8063,0.9554,1.082,0
2063,82.52,143.0347,35.7587,harmony_expansion,0.658507,tension_chords,0.479312,0.399536,0.060709,0.060443,1.0302,146,4.7878,0.939,1.0477,0
2064,82.56,143.104,35.776,harmony_expansion,0.658586,tension_chords,0.417359,0.391868,0.054977,0.135796,1.0392,146,4.7355,0.8589,1.0286,0
2065,82.6,143.1733,35.7933,harmony_expansion,0.658662,glassy_arps,0.330585,0.365155,0.059326,0.244934,1.0524,145,4.6914,0.741,1.0433,0
2066,82.64,143.2427,35.8107,harmony_expansion,0.658736,glassy_arps,0.270541,0.335397,0.112641,0.281421,1.0568,144,4.6665,0.6556,1.222,0
2067,82.68,143.312,35.828,harmony_expansion,0.658809,glassy_arps,0.242765,0.278222,0.25981,0.219204,1.0494,141,4.6182,0.6008,1.7151,0
2068,82.72,143.3813,35.8453,harmony_expansion,0.658879,broken_beat,0.243169,0.223426,0.430266,0.103139,1.0355,139,4.7477,0.5822,2.2862,0
2069,82.76,143.4507,35.8627,harmony_expansion,0.658947,broken_beat,0.259299,0.192519,0.481153,0.06703,1.0312,138,4.7913,0.5915,2.4567,0
2070,82.8,143.52,35.88,harmony_expansion,0.659013,broken_beat,0.277709,0.179872,0.417017,0.125402,1.0382,137,4.7371,0.6101,2.2419,1
2071,82.84,143.5893,35.8973,harmony_expansion,0.659077,granular_texture,0.261484,0.163163,0.245899,0.329454,1.0627,136,4.6629,0.584,1.6687,1
2072,82.88,143.6587,35.9147,harmony_expansion,0.659139,granular_texture,0.235649,0.150371,0.121686,0.492295,1.0823,136,4.8016,0.5472,1.2527,0
2073,82.92,143.728,35.932,harmony_expansion,0.659198,granular_texture,0.254918,0.165515,0.096652,0.482916,1.0812,137,4.7939,0.5766,1.1689,0
2074,82.96,143.7973,35.9493,harmony_expansion,0.659256,tension_chords,0.332695,0.230133,0.122412,0.31476,1.061,139,4.6665,0.6964,1.2553,0
2075,83.0,143.8667,35.9667,harmony_expansion,0.659312,tension_chords,0.393496,0.318878,0.14628,0.141347,1.0402,143,4.7184,0.8035,1.3353,0
2076,83.04,143.936,35.984,harmony_expansion,0.659365,glassy_arps,0.351543,0.35418,0.183447,0.11083,1.0366,144,4.6852,0.7634,1.4598,0
2077,83.08,144.0053,36.0013,harmony_expansion,0.659416,glassy_arps,0.245474,0.307003,0.247138,0.200385,1.0474,142,4.6454,0.6143,1.6733,1
2078,83.12,144.0747,36.0187,harmony_expansion,0.659465,broken_beat,0.175067,0.265977,0.290883,0.268072,1.0555,141,4.6319,0.5119,1.8199,1
2079,83.16,144.144,36.036,harmony_expansion,0.659513,glassy_arps,0.175265,0.300212,0.286208,0.238315,1.052,142,4.64,0.5242,1.8043,0
2080,83.2,144.2133,36.0533,harmony_expansion,0.659558,glassy_arps,0.230267,0.359798,0.242824,0.167111,1.0434,145,4.6909,0.6138,1.659,0
2081,83.24,144.2827,36.0707,harmony_expansion,0.6596,glassy_arps,0.34068,0.39465,0.18527,0.079401,1.0329,146,4.7207,0.764,1.4662,0
2082,83.28,144.352,36.088,harmony_expansion,0.659641,tension_chords,0.454061,0.379843,0.112139,0.053956,1.0299,146,4.7714,0.9005,1.2213,0
2083,83.32,144.4213,36.1053,harmony_expansion,0.659679,tension_chords,0.512367,0.32747,0.071863,0.088299,1.034,143,4.8211,0.9551,1.0864,0
2084,83.36,144.4907,36.1227,harmony_expansion,0.659716,tension_chords,0.480406,0.236072,0.060906,0.222615,1.0502,140,4.7941,0.8831,1.0497,0
2085,83.4,144.56,36.14,harmony_expansion,0.65975,tension_chords,0.433028,0.159013,0.055799,0.352159,1.0657,136,4.754,0.7969,1.0327,0
2086,83.44,144.6293,36.1573,harmony_expansion,0.659782,tension_chords,0.437793,0.122754,0.070791,0.368662,1.0677,135,4.7582,0.7902,1.0829,0
2087,83.48,144.6987,36.1747,harmony_expansion,0.659812,tension_chords,0.519002,0.124308,0.163734,0.192956,1.0467,135,4.8273,0.8923,1.3943,0
2088,83.52,144.768,36.192,harmony_expansion,0.65984,tension_chords,0.490246,0.114945,0.330628,0.064181,1.0312,134,4.803,0.853,1.9534,0
2089,83.56,144.8373,36.2093,harmony_expansion,0.659865,broken_beat,0.407841,0.100385,0.435371,0.056403,1.0303,134,4.7565,0.7449,2.3043,0
2090,83.6,144.9067,36.2267,harmony_expansion,0.659888,broken_beat,0.374035,0.102809,0.382382,0.140774,1.0404,134,4.7115,0.7035,2.1269,0
2091,83.64,144.976,36.244,harmony_expansion,0.65991,tension_chords,0.341581,0.122646,0.246761,0.289012,1.0582,135,4.6769,0.6699,1.6725,0
2092,83.68,145.0453,36.2613,harmony_expansion,0.659928,granular_texture,0.326746,0.186477,0.140417,0.34636,1.0651,138,4.6811,0.6737,1.3163,0
2093,83.72,145.1147,36.2787,harmony_expansion,0.659945,tension_chords,0.33987,0.318736,0.088885,0.252509,1.0539,143,4.6756,0.7364,1.1437,0
2094,83.76,145.184,36.296,harmony_expansion,0.65996,glassy_arps,0.345172,0.460282,0.083366,0.11118,1.0369,149,4.7781,0.7926,1.1252,0
2095,83.8,145.2533,36.3133,harmony_expansion,0.659972,glassy_arps,0.31062,0.52842,0.08493,0.076029,1.0327,152,4.836,0.7732,1.1305,0
2096,83.84,145.3227,36.3307,harmony_expansion,0.659982,glassy_arps,0.252007,0.514948,0.087126,0.145919,1.0411,151,4.8246,0.6952,1.1379,0
2097,83.88,145.392,36.348,harmony_expansion,0.65999,glassy_arps,0.185383,0.417841,0.122706,0.27407,1.0565,147,4.7421,0.578,1.2571,0
2098,83.92,145.4613,36.3653,harmony_expansion,0.659996,glassy_arps,0.147085,0.327423,0.213708,0.311784,1.061,143,4.6653,0.4985,1.5619,0
2099,83.96,145.5307,36.3827,harmony_expansion,0.659999,broken_beat,0.139492,0.270378,0.360784,0.229347,1.0511,141,4.6937,0.469,2.0546,1
2100,84.0,145.6,36.4,first_peak,0.62,broken_beat,0.10398,0.272647,0.515954,0.10742,1.0181,135,4.6476,0.4254,2.5304,1
2101,84.04,145.6693,36.4173,first_peak,0.620001,broken_beat,0.148877,0.285378,0.497095,0.06865,1.0134,136,4.6315,0.486,2.4673,0
2102,84.08,145.7387,36.4347,first_peak,0.620003,broken_beat,0.210463,0.285232,0.383377,0.120928,1.0197,136,4.5349,0.5629,2.0863,0
2103,84.12,145.808,36.452,first_peak,0.620007,granular_texture,0.219137,0.219249,0.220245,0.341369,1.0462,133,4.4992,0.5507,1.5398,0
2104,84.16,145.8773,36.4693,first_peak,0.620013,granular_texture,0.191676,0.152773,0.137566,0.517985,1.0674,130,4.6493,0.4931,1.2629,0
2105,84.2,145.9467,36.4867,first_peak,0.620021,granular_texture,0.240147,0.159207,0.142767,0.457879,1.0602,130,4.5983,0.5559,1.2803,0
2106,84.24,146.016,36.504,first_peak,0.62003,tension_chords,0.362992,0.209059,0.189191,0.238758,1.0339,133,4.5177,0.7269,1.4358,1
2107,84.28,146.0853,36.5213,first_peak,0.62004,tension_chords,0.422932,0.238181,0.253897,0.08499,1.0154,134,4.5687,0.812,1.6526,1
2108,84.32,146.1547,36.5387,first_peak,0.620053,tension_chords,0.375174,0.229866,0.328528,0.066432,1.0132,133,4.5281,0.7494,1.9026,0
2109,84.36,146.224,36.556,first_peak,0.620067,broken_beat,0.293788,0.209518,0.369112,0.127582,1.0205,133,4.523,0.6406,2.0386,0
2110,84.4,146.2933,36.5733,first_peak,0.620082,broken_beat,0.245109,0.205867,0.346346,0.202677,1.0296,132,4.5038,0.5784,1.9624,0
2111,84.44,146.3627,36.5907,first_peak,0.6201,broken_beat,0.262358,0.249898,0.263138,0.224607,1.0322,134,4.4331,0.6154,1.6836,0
2112,84.48,146.432,36.608,first_peak,0.620118,glassy_arps,0.326319,0.328706,0.180189,0.164786,1.025,138,4.4889,0.7229,1.4058,0
2113,84.52,146.5013,36.6253,first_peak,0.620139,tension_chords,0.407617,0.395426,0.131047,0.06591,1.0132,140,4.5561,0.8479,1.2412,0
2114,84.56,146.5707,36.6427,first_peak,0.620161,tension_chords,0.451118,0.385844,0.113986,0.049053,1.0112,140,4.5932,0.8989,1.184,0
2115,84.6,146.64,36.66,first_peak,0.620185,tension_chords,0.445363,0.32794,0.111736,0.114962,1.0191,138,4.5884,0.8715,1.1765,0
2116,84.64,146.7093,36.6773,first_peak,0.62021,tension_chords,0.379058,0.253547,0.110815,0.25658,1.0361,134,4.5321,0.7626,1.1735,0
2117,84.68,146.7787,36.6947,first_peak,0.620237,granular_texture,0.317311,0.205167,0.151871,0.325651,1.0444,132,4.4869,0.6684,1.311,0
2118,84.72,146.848,36.712,first_peak,0.620265,tension_chords,0.291278,0.182071,0.285797,0.240854,1.0342,131,4.4578,0.6278,1.7597,0
2119,84.76,146.9173,36.7293,first_peak,0.620295,broken_beat,0.260887,0.163047,0.481936,0.09413,1.0166,131,4.62,0.5832,2.4168,0
2120,84.8,146.9867,36.7467,first_peak,0.620327,broken_beat,0.208551,0.148438,0.586484,0.056528,1.0121,130,4.709,0.5126,2.7671,0
2121,84.84,147.056,36.764,first_peak,0.62036,broken_beat,0.189144,0.162027,0.519669,0.129161,1.0209,131,4.6523,0.4931,2.5433,1
2122,84.88,147.1253,36.7813,first_peak,0.620395,granular_texture,0.155637,0.162906,0.282793,0.398664,1.0532,131,4.5496,0.4516,1.7498,1
2123,84.92,147.1947,36.7987,first_peak,0.620431,granular_texture,0.13919,0.189013,0.172575,0.499221,1.0653,132,4.6353,0.4401,1.3806,0
2124,84.96,147.264,36.816,first_peak,0.620469,granular_texture,0.155573,0.2879,0.173956,0.382571,1.0513,136,4.5363,0.4952,1.3853,0
2125,85.0,147.3333,36.8333,first_peak,0.620509,glassy_arps,0.18048,0.448451,0.203922,0.167147,1.0255,143,4.5924,0.5826,1.4857,0
2126,85.04,147.4027,36.8507,first_peak,0.62055,glassy_arps,0.173029,0.542357,0.202513,0.082101,1.0153,147,4.6725,0.6061,1.481,0
2127,85.08,147.472,36.868,first_peak,0.620593,glassy_arps,0.148342,0.520035,0.224323,0.1073,1.0183,146,4.6537,0.5674,1.5541,0
2128,85.12,147.5413,36.8853,first_peak,0.620637,glassy_arps,0.119032,0.405428,0.260802,0.214738,1.0313,141,4.5564,0.4907,1.6764,1
2129,85.16,147.6107,36.9027,first_peak,0.620683,glassy_arps,0.111831,0.327705,0.296058,0.264407,1.0372,138,4.4906,0.4545,1.7945,1
2130,85.2,147.68,36.92,first_peak,0.62073,broken_beat,0.134767,0.307464,0.332787,0.224981,1.0325,137,4.4951,0.4761,1.9176,0
2131,85.24,147.7493,36.9373,first_peak,0.620779,broken_beat,0.215838,0.333531,0.340504,0.110126,1.0188,138,4.5019,0.5865,1.9435,0
2132,85.28,147.8187,36.9547,first_peak,0.620829,tension_chords,0.357869,0.329421,0.255142,0.057567,1.0125,138,4.5169,0.7626,1.6576,0
2133,85.32,147.888,36.972,first_peak,0.620881,tension_chords,0.458356,0.264134,0.179253,0.098256,1.0174,135,4.6025,0.8654,1.4035,0
2134,85.36,147.9573,36.9893,first_peak,0.620934,tension_chords,0.426601,0.180089,0.139607,0.253703,1.0361,131,4.5758,0.7963,1.2707,0
2135,85.4,148.0267,37.0067,first_peak,0.620989,tension_chords,0.38622,0.13749,0.120405,0.355886,1.0484,130,4.5417,0.7309,1.2064,0
2136,85.44,148.096,37.024,first_peak,0.621046,tension_chords,0.41973,0.139463,0.136084,0.304723,1.0422,130,4.5704,0.7735,1.259,0
2137,85.48,148.1653,37.0413,first_peak,0.621104,tension_chords,0.480032,0.155784,0.222767,0.141418,1.0227,130,4.6219,0.8546,1.5495,0
2138,85.52,148.2347,37.0587,first_peak,0.621163,tension_chords,0.44931,0.154705,0.339878,0.056107,1.0125,130,4.5961,0.8158,1.9419,0
2139,85.56,148.304,37.076,first_peak,0.621224,broken_beat,0.374393,0.15811,0.396119,0.071378,1.0143,131,4.5511,0.7233,2.1303,0
2140,85.6,148.3733,37.0933,first_peak,0.621287,broken_beat,0.287473,0.167917,0.349159,0.195451,1.0292,131,4.5115,0.6181,1.9731,0
2141,85.64,148.4427,37.1107,first_peak,0.621351,granular_texture,0.251525,0.214359,0.264764,0.269353,1.0381,133,4.444,0.5894,1.6904,0
2142,85.68,148.512,37.128,first_peak,0.621417,glassy_arps,0.2586,0.330329,0.164805,0.246266,1.0354,138,4.4961,0.6389,1.3557,0
2143,85.72,148.5813,37.1453,first_peak,0.621484,glassy_arps,0.262261,0.495414,0.122837,0.119489,1.0202,145,4.6367,0.7012,1.2151,0
2144,85.76,148.6507,37.1627,first_peak,0.621552,glassy_arps,0.24439,0.577346,0.12442,0.053844,1.0124,148,4.7067,0.7076,1.2205,0
2145,85.8,148.72,37.18,first_peak,0.621622,glassy_arps,0.231198,0.550371,0.138316,0.080115,1.0156,147,4.684,0.6816,1.2671,0
2146,85.84,148.7893,37.1973,first_peak,0.621694,glassy_arps,0.189423,0.420865,0.156382,0.23333,1.034,142,4.5743,0.5841,1.3277,0
2147,85.88,148.8587,37.2147,first_peak,0.621767,granular_texture,0.13523,0.279495,0.212555,0.37272,1.0507,136,4.5337,0.4669,1.516,0
2148,85.92,148.928,37.232,first_peak,0.621841,granular_texture,0.110774,0.205957,0.325939,0.35733,1.0489,133,4.5209,0.4106,1.8959,0
2149,85.96,148.9973,37.2493,first_peak,0.621917,broken_beat,0.126946,0.19983,0.510374,0.16285,1.0256,132,4.6513,0.4286,2.5139,0
2150,86.0,149.0667,37.2667,first_peak,0.621995,broken_beat,0.147775,0.198814,0.581393,0.072017,1.0148,132,4.7121,0.4543,2.7519,1
2151,86.04,149.136,37.284,first_peak,0.622074,broken_beat,0.17464,0.217701,0.490847,0.116812,1.0202,133,4.6354,0.4945,2.4486,0
2152,86.08,149.2053,37.3013,first_peak,0.622154,granular_texture,0.18299,0.212243,0.262669,0.342098,1.0472,133,4.5094,0.503,1.6843,0
2153,86.12,149.2747,37.3187,first_peak,0.622236,granular_texture,0.175722,0.184203,0.163742,0.476333,1.0634,132,4.6238,0.4841,1.353,0
2154,86.16,149.344,37.336,first_peak,0.622319,granular_texture,0.215269,0.218996,0.165795,0.39994,1.0543,133,4.5593,0.5457,1.36,0
2155,86.2,149.4133,37.3533,first_peak,0.622404,glassy_arps,0.291121,0.33514,0.191968,0.181771,1.0281,138,4.5046,0.6812,1.4477,0
2156,86.24,149.4827,37.3707,first_peak,0.62249,glassy_arps,0.298099,0.41385,0.220641,0.06741,1.0144,142,4.5719,0.7175,1.5439,0
2157,86.28,149.552,37.388,first_peak,0.622578,glassy_arps,0.261346,0.382279,0.271402,0.084973,1.0166,140,4.5454,0.6605,1.714,1
2158,86.32,149.6213,37.4053,first_peak,0.622667,glassy_arps,0.223538,0.307997,0.286417,0.182048,1.0283,137,4.4827,0.5872,1.7644,1
2159,86.36,149.6907,37.4227,first_peak,0.622757,glassy_arps,0.222099,0.280428,0.268898,0.228575,1.0339,136,4.4596,0.5758,1.7058,0
2160,86.4,149.76,37.44,first_peak,0.622849,glassy_arps,0.272623,0.299076,0.240689,0.187612,1.029,137,4.4759,0.6455,1.6114,0
2161,86.44,149.8293,37.4573,first_peak,0.622942,tension_chords,0.385092,0.333356,0.194118,0.087433,1.017,138,4.5494,0.798,1.4555,0
2162,86.48,149.8987,37.4747,first_peak,0.623037,tension_chords,0.501294,0.314186,0.13417,0.05035,1.0126,137,4.6486,0.9366,1.2548,0
2163,86.52,149.968,37.492,first_peak,0.623133,tension_chords,0.540557,0.247464,0.121934,0.090046,1.0174,135,4.6824,0.9623,1.2139,0
2164,86.56,150.0373,37.5093,first_peak,0.623231,tension_chords,0.459713,0.172389,0.112954,0.254944,1.0373,131,4.6141,0.835,1.184,0
2165,86.6,150.1067,37.5267,first_peak,0.62333,granular_texture,0.355321,0.126669,0.118297,0.399714,1.0547,130,4.5636,0.6885,1.202,0
2166,86.64,150.176,37.544,first_peak,0.62343,tension_chords,0.347397,0.133423,0.216306,0.302874,1.0431,130,4.5196,0.6809,1.5304,0
2167,86.68,150.2453,37.5613,first_peak,0.623532,broken_beat,0.345016,0.153094,0.40031,0.10158,1.019,131,4.565,0.6849,2.1469,0
2168,86.72,150.3147,37.5787,first_peak,0.623635,broken_beat,0.293007,0.156341,0.492144,0.058508,1.0139,131,4.6435,0.621,2.4547,0
2169,86.76,150.384,37.596,first_peak,0.62374,broken_beat,0.248033,0.180741,0.447959,0.123267,1.0217,132,4.6064,0.5733,2.3068,0
2170,86.8,150.4533,37.6133,first_peak,0.623846,granular_texture,0.191644,0.212634,0.290117,0.305605,1.0436,133,4.4859,0.514,1.7781,0
2171,86.84,150.5227,37.6307,first_peak,0.623953,granular_texture,0.157926,0.276661,0.176283,0.389129,1.0537,136,4.5574,0.4942,1.3969,1
2172,86.88,150.592,37.648,first_peak,0.624062,glassy_arps,0.155239,0.412271,0.152951,0.279538,1.0406,142,4.5775,0.5383,1.3189,0
2173,86.92,150.6613,37.6653,first_peak,0.624172,glassy_arps,0.158071,0.564911,0.170519,0.106499,1.0199,148,4.7077,0.5953,1.3778,0
2174,86.96,150.7307,37.6827,first_peak,0.624284,glassy_arps,0.147103,0.605867,0.174419,0.072611,1.0159,150,4.743,0.5959,1.391,0
2175,87.0,150.8,37.7,first_peak,0.624396,glassy_arps,0.122293,0.503336,0.205856,0.168515,1.0274,146,4.6564,0.529,1.4965,0
2176,87.04,150.8693,37.7173,first_peak,0.624511,glassy_arps,0.099329,0.352339,0.266402,0.28193,1.0411,139,4.5286,0.4475,1.6994,0
2177,87.08,150.9387,37.7347,first_peak,0.624626,broken_beat,0.106021,0.270946,0.339913,0.283121,1.0413,136,4.5185,0.4274,1.9458,0
2178,87.12,151.008,37.752,first_peak,0.624743,broken_beat,0.159992,0.255033,0.408757,0.176218,1.0285,135,4.5776,0.4893,2.1766,1
2179,87.16,151.0773,37.7693,first_peak,0.624862,broken_beat,0.265833,0.261099,0.396183,0.076885,1.0167,135,4.5674,0.6237,2.1346,1
2180,87.2,151.1467,37.7867,first_peak,0.624981,tension_chords,0.374596,0.245129,0.289762,0.090512,1.0184,135,4.5496,0.754,1.7782,0
2181,87.24,151.216,37.804,first_peak,0.625102,tension_chords,0.376469,0.189416,0.177585,0.25653,1.0383,132,4.5517,0.7369,1.4025,0
2182,87.28,151.2853,37.8213,first_peak,0.625225,granular_texture,0.30638,0.133675,0.119898,0.440047,1.0604,130,4.6063,0.6298,1.2094,0
2183,87.32,151.3547,37.8387,first_peak,0.625349,granular_texture,0.346386,0.136462,0.122819,0.394333,1.055,130,4.568,0.6807,1.2193,0
2184,87.36,151.424,37.856,first_peak,0.625474,tension_chords,0.458045,0.182281,0.189825,0.16985,1.0281,132,4.6227,0.8364,1.4439,0
2185,87.4,151.4933,37.8733,first_peak,0.6256,tension_chords,0.444303,0.208677,0.289485,0.057534,1.0147,133,4.6116,0.8284,1.7779,0
2186,87.44,151.5627,37.8907,first_peak,0.625728,tension_chords,0.36725,0.223594,0.345271,0.063885,1.0155,134,4.5467,0.7373,1.965,1
2187,87.48,151.632,37.908,first_peak,0.625857,broken_beat,0.297411,0.236541,0.305456,0.160592,1.0272,135,4.4947,0.6546,1.8317,0
2188,87.52,151.7013,37.9253,first_peak,0.625987,tension_chords,0.268713,0.26752,0.222711,0.241055,1.0369,136,4.464,0.6295,1.5547,0
2189,87.56,151.7707,37.9427,first_peak,0.626119,glassy_arps,0.290726,0.341167,0.156255,0.211852,1.0334,139,4.5262,0.6828,1.3322,0
2190,87.6,151.84,37.96,first_peak,0.626252,glassy_arps,0.334169,0.438606,0.127466,0.099758,1.02,143,4.6096,0.7712,1.2359,0
2191,87.64,151.9093,37.9773,first_peak,0.626386,glassy_arps,0.339626,0.478466,0.127639,0.05427,1.0146,145,4.6441,0.792,1.2366,0
2192,87.68,151.9787,37.9947,first_peak,0.626522,glassy_arps,0.318991,0.427693,0.132061,0.121255,1.0228,143,4.6016,0.7484,1.2516,0
2193,87.72,152.048,38.012,first_peak,0.626659,granular_texture,0.263673,0.286524,0.151804,0.298,1.044,137,4.4919,0.6299,1.3179,0
2194,87.76,152.1173,38.0293,first_peak,0.626797,granular_texture,0.203282,0.190321,0.242409,0.363988,1.052,133,4.5486,0.5207,1.6215,1
2195,87.8,152.1867,38.0467,first_peak,0.626936,broken_beat,0.173501,0.167409,0.422967,0.236124,1.0367,132,4.5994,0.4755,2.2266,0
2196,87.84,152.256,38.064,first_peak,0.627077,broken_beat,0.164233,0.178485,0.570708,0.086574,1.0188,132,4.7256,0.4678,2.7217,0
2197,87.88,152.3253,38.0813,first_peak,0.627219,broken_beat,0.169232,0.204708,0.543342,0.082719,1.0184,133,4.703,0.4832,2.6301,0
2198,87.92,152.3947,38.0987,first_peak,0.627363,broken_beat,0.168181,0.216347,0.348372,0.2671,1.0406,134,4.5379,0.4859,1.9771,0
2199,87.96,152.464,38.116,first_peak,0.627507,granular_texture,0.127412,0.18532,0.164101,0.523167,1.0714,133,4.6871,0.4241,1.36,0
2200,88.0,152.5333,38.1333,first_peak,0.627653,granular_texture,0.137237,0.243098,0.146064,0.4736,1.0656,135,4.6456,0.4566,1.2997,0
2201,88.04,152.6027,38.1507,first_peak,0.6278,glassy_arps,0.192285,0.408373,0.181006,0.218335,1.035,142,4.5908,0.5833,1.417,1
2202,88.08,152.672,38.168,first_peak,0.627949,glassy_arps,0.213464,0.513217,0.199972,0.073346,1.0177,146,4.6806,0.6465,1.4807,0
2203,88.12,152.7413,38.1853,first_peak,0.628099,glassy_arps,0.19089,0.499049,0.235898,0.074162,1.0178,146,4.6692,0.6133,1.6012,0
2204,88.16,152.8107,38.2027,first_peak,0.628249,glassy_arps,0.164566,0.408697,0.261518,0.165219,1.0288,142,4.5931,0.5488,1.6872,0
2205,88.2,152.88,38.22,first_peak,0.628402,glassy_arps,0.175284,0.320491,0.273714,0.230511,1.0367,138,4.5188,0.5313,1.7282,0
2206,88.24,152.9493,38.2373,first_peak,0.628555,glassy_arps,0.247488,0.288333,0.266422,0.197758,1.0329,137,4.4922,0.6103,1.7039,0
2207,88.28,153.0187,38.2547,first_peak,0.62871,tension_chords,0.402282,0.287132,0.218289,0.092297,1.0203,137,4.5897,0.8033,1.5429,1
2208,88.32,153.088,38.272,first_peak,0.628866,tension_chords,0.545087,0.244814,0.153772,0.056326,1.016,135,4.7118,0.967,1.3269,0
2209,88.36,153.1573,38.2893,first_peak,0.629023,tension_chords,0.551926,0.18197,0.130403,0.135701,1.0256,133,4.7183,0.9536,1.2488,0
2210,88.4,153.2267,38.3067,first_peak,0.629182,tension_chords,0.453603,0.135383,0.115631,0.295383,1.0449,131,4.6354,0.8144,1.1995,0
2211,88.44,153.296,38.324,first_peak,0.629341,tension_chords,0.40856,0.12691,0.135595,0.328935,1.049,130,4.5978,0.7551,1.2665,0
2212,88.48,153.3653,38.3413,first_peak,0.629502,tension_chords,0.420222,0.141219,0.253723,0.184837,1.0318,131,4.6085,0.7747,1.6624,0
2213,88.52,153.4347,38.3587,first_peak,0.629664,broken_beat,0.391782,0.15188,0.395586,0.060752,1.0169,132,4.5883,0.7429,2.1378,0
2214,88.56,153.504,38.376,first_peak,0.629828,broken_beat,0.326363,0.174494,0.43684,0.062303,1.0172,133,4.624,0.669,2.2762,1
2215,88.6,153.5733,38.3933,first_peak,0.629992,broken_beat,0.248289,0.224967,0.323706,0.203038,1.0342,135,4.5286,0.5891,1.8974,1
2216,88.64,153.6427,38.4107,first_peak,0.630158,granular_texture,0.180784,0.279396,0.174566,0.365254,1.0537,137,4.5647,0.5238,1.398,0
2217,88.68,153.712,38.428,first_peak,0.630325,glassy_arps,0.179731,0.395843,0.129205,0.295221,1.0454,142,4.5914,0.5632,1.2462,0
2218,88.72,153.7813,38.4453,first_peak,0.630493,glassy_arps,0.19057,0.541886,0.145459,0.122085,1.0247,148,4.7163,0.6279,1.3008,0
2219,88.76,153.8507,38.4627,first_peak,0.630662,glassy_arps,0.17491,0.596814,0.160258,0.068018,1.0183,150,4.7637,0.6275,1.3506,0
2220,88.8,153.92,38.48,first_peak,0.630833,glassy_arps,0.147821,0.528675,0.186671,0.136834,1.0266,148,4.7066,0.5698,1.4393,0
2221,88.84,153.9893,38.4973,first_peak,0.631005,glassy_arps,0.106476,0.338613,0.265043,0.289869,1.045,140,4.5458,0.4516,1.702,0
2222,88.88,154.0587,38.5147,first_peak,0.631178,broken_beat,0.094533,0.231987,0.354896,0.318585,1.0486,135,4.5604,0.3994,2.0032,1
2223,88.92,154.128,38.532,first_peak,0.631352,broken_beat,0.117593,0.203438,0.463133,0.215836,1.0363,134,4.6532,0.4182,2.366,1
2224,88.96,154.1973,38.5493,first_peak,0.631527,broken_beat,0.1823,0.218639,0.511156,0.087905,1.0211,135,4.6948,0.5044,2.5271,0
2225,89.0,154.2667,38.5667,first_peak,0.631704,broken_beat,0.264761,0.24224,0.382455,0.110544,1.0238,136,4.5862,0.6157,2.0961,0
2226,89.04,154.336,38.584,first_peak,0.631881,granular_texture,0.276194,0.20712,0.207415,0.309272,1.0478,134,4.5248,0.6177,1.5099,0
2227,89.08,154.4053,38.6013,first_peak,0.63206,granular_texture,0.260812,0.164527,0.144364,0.430296,1.0624,132,4.6284,0.5836,1.2989,0
2228,89.12,154.4747,38.6187,first_peak,0.63224,granular_texture,0.317262,0.192903,0.1466,0.343235,1.052,134,4.5552,0.6641,1.3066,0
2229,89.16,154.544,38.636,first_peak,0.632421,tension_chords,0.403992,0.268237,0.19851,0.129261,1.0264,137,4.6077,0.7989,1.4807,1
2230,89.2,154.6133,38.6533,first_peak,0.632604,tension_chords,0.360991,0.279211,0.307019,0.052779,1.0173,137,4.5719,0.749,1.8444,1
2231,89.24,154.6827,38.6707,first_peak,0.632787,broken_beat,0.293908,0.266883,0.349419,0.08979,1.0219,137,4.5629,0.6608,1.9866,0
2232,89.28,154.752,38.688,first_peak,0.632972,broken_beat,0.246207,0.250321,0.270326,0.233146,1.0391,136,4.4965,0.5954,1.7219,0
2233,89.32,154.8213,38.7053,first_peak,0.633157,glassy_arps,0.258813,0.273758,0.203197,0.264232,1.043,137,4.5002,0.6193,1.4972,0
2234,89.36,154.8907,38.7227,first_peak,0.633344,glassy_arps,0.347669,0.349693,0.157381,0.145257,1.0288,140,4.5656,0.757,1.3439,0
2235,89.4,154.96,38.74,first_peak,0.633532,tension_chords,0.438562,0.376055,0.129525,0.055858,1.0181,142,4.642,0.8798,1.2508,0
2236,89.44,155.0293,38.7573,first_peak,0.633722,tension_chords,0.478267,0.319849,0.130574,0.07131,1.0201,139,4.6766,0.9098,1.2545,0
2237,89.48,155.0987,38.7747,first_peak,0.633912,tension_chords,0.422559,0.229283,0.125135,0.223023,1.0384,135,4.6301,0.8084,1.2365,0
2238,89.52,155.168,38.792,first_peak,0.634103,granular_texture,0.323763,0.164895,0.158726,0.352615,1.054,133,4.5715,0.6624,1.3492,0
2239,89.56,155.2373,38.8093,first_peak,0.634296,broken_beat,0.256594,0.141453,0.328897,0.273056,1.0445,132,4.5522,0.5703,1.9195,0
2240,89.6,155.3067,38.8267,first_peak,0.63449,broken_beat,0.209102,0.14244,0.551711,0.096746,1.0235,132,4.7424,0.5112,2.6662,0
2241,89.64,155.376,38.844,first_peak,0.634684,broken_beat,0.195123,0.167231,0.573168,0.064478,1.0197,133,4.7615,0.5024,2.7383,0
2242,89.68,155.4453,38.8613,first_peak,0.63488,broken_beat,0.180692,0.203118,0.413771,0.202419,1.0363,134,4.6269,0.497,2.2045,0
2243,89.72,155.5147,38.8787,first_peak,0.635077,granular_texture,0.142847,0.229124,0.211061,0.416969,1.0622,136,4.6305,0.4588,1.5256,1
2244,89.76,155.584,38.896,first_peak,0.635275,granular_texture,0.132988,0.307374,0.152789,0.406849,1.061,139,4.6228,0.4738,1.3306,0
2245,89.8,155.6533,38.9133,first_peak,0.635475,glassy_arps,0.154063,0.476105,0.173737,0.196096,1.0358,146,4.6826,0.5592,1.401,0
2246,89.84,155.7227,38.9307,first_peak,0.635675,glassy_arps,0.160368,0.582592,0.182788,0.074253,1.0213,151,4.774,0.6044,1.4316,0
2247,89.88,155.792,38.948,first_peak,0.635876,glassy_arps,0.14685,0.527072,0.224571,0.101507,1.0247,148,4.7277,0.568,1.5718,0
2248,89.92,155.8613,38.9653,first_peak,0.636079,glassy_arps,0.116577,0.356301,0.278107,0.249016,1.0425,141,4.5834,0.4704,1.7513,0
2249,89.96,155.9307,38.9827,first_peak,0.636282,broken_beat,0.115819,0.270013,0.329652,0.284515,1.0468,138,4.5617,0.4393,1.9242,0
2250,90.0,156.0,39.0,first_peak,0.636487,broken_beat,0.197094,0.285388,0.349284,0.168234,1.033,138,4.5793,0.5463,1.9902,1
2251,90.04,156.0693,39.0173,first_peak,0.636693,tension_chords,0.374277,0.277319,0.280455,0.067949,1.021,138,4.6014,0.7649,1.7599,1
2252,90.08,156.1387,39.0347,first_peak,0.636899,tension_chords,0.509099,0.225081,0.188766,0.077055,1.0222,136,4.7169,0.9152,1.453,0
2253,90.12,156.208,39.052,first_peak,0.637107,tension_chords,0.467559,0.163992,0.140482,0.227968,1.0404,133,4.6826,0.8418,1.2914,0
2254,90.16,156.2773,39.0693,first_peak,0.637316,tension_chords,0.399038,0.130757,0.117387,0.352819,1.0555,132,4.6252,0.7446,1.2143,0
2255,90.2,156.3467,39.0867,first_peak,0.637526,tension_chords,0.429814,0.137634,0.143651,0.288901,1.0479,132,4.6523,0.7854,1.3025,0
2256,90.24,156.416,39.104,first_peak,0.637737,tension_chords,0.46887,0.159309,0.264033,0.107788,1.0263,133,4.6865,0.8418,1.706,0
2257,90.28,156.4853,39.1213,first_peak,0.637949,tension_chords,0.395483,0.169741,0.385372,0.049405,1.0194,134,4.625,0.7538,2.1127,0
2258,90.32,156.5547,39.1387,first_peak,0.638162,broken_beat,0.298587,0.185327,0.405398,0.110688,1.0268,134,4.6344,0.6381,2.1801,1
2259,90.36,156.624,39.156,first_peak,0.638376,broken_beat,0.247604,0.233051,0.286216,0.233128,1.0416,136,4.5341,0.5911,1.781,1
2260,90.4,156.6933,39.1733,first_peak,0.638592,glassy_arps,0.239911,0.350833,0.155842,0.253414,1.0442,141,4.5899,0.6227,1.3445,0
2261,90.44,156.7627,39.1907,first_peak,0.638808,glassy_arps,0.242766,0.518568,0.117225,0.121441,1.0284,148,4.7335,0.685,1.2154,0
2262,90.48,156.832,39.208,first_peak,0.639025,glassy_arps,0.238059,0.576001,0.130289,0.055651,1.0206,151,4.7833,0.6992,1.2594,0
2263,90.52,156.9013,39.2253,first_peak,0.639243,glassy_arps,0.224306,0.509866,0.151447,0.114381,1.0278,148,4.728,0.6588,1.3305,0
2264,90.56,156.9707,39.2427,first_peak,0.639463,granular_texture,0.156974,0.322983,0.177633,0.34241,1.0552,140,4.5867,0.5093,1.4185,0
2265,90.6,157.04,39.26,first_peak,0.639683,granular_texture,0.110852,0.201575,0.269195,0.418379,1.0645,135,4.6522,0.4091,1.7255,1
2266,90.64,157.1093,39.2773,first_peak,0.639904,broken_beat,0.119813,0.184464,0.477688,0.218035,1.0405,134,4.7036,0.4143,2.4242,1
2267,90.68,157.1787,39.2947,first_peak,0.640127,broken_beat,0.138946,0.183597,0.604411,0.073046,1.0232,134,4.8123,0.4379,2.8489,0
2268,90.72,157.248,39.312,first_peak,0.64035,broken_beat,0.173429,0.214371,0.50558,0.106621,1.0274,136,4.7293,0.4918,2.5181,0
2269,90.76,157.3173,39.3293,first_peak,0.640575,granular_texture,0.186179,0.211011,0.243443,0.359368,1.0578,136,4.606,0.5066,1.6402,0
2270,90.8,157.3867,39.3467,first_peak,0.6408,granular_texture,0.180176,0.187328,0.156228,0.476267,1.0719,135,4.7064,0.4908,1.3482,0
2271,90.84,157.456,39.364,first_peak,0.641026,granular_texture,0.237293,0.260646,0.16691,0.335151,1.0551,138,4.5874,0.5878,1.3843,0
2272,90.88,157.5253,39.3813,first_peak,0.641254,glassy_arps,0.29868,0.404189,0.194744,0.102387,1.0273,144,4.6471,0.7148,1.4778,1
2273,90.92,157.5947,39.3987,first_peak,0.641482,glassy_arps,0.275249,0.416187,0.248364,0.060201,1.0223,144,4.6584,0.6897,1.6576,1
2274,90.96,157.664,39.416,first_peak,0.641711,glassy_arps,0.232458,0.330759,0.288272,0.148511,1.033,141,4.5868,0.6063,1.7916,0
2275,91.0,157.7333,39.4333,first_peak,0.641942,glassy_arps,0.219736,0.282064,0.273544,0.224656,1.0423,139,4.5464,0.5734,1.7425,0
2276,91.04,157.8027,39.4507,first_peak,0.642173,glassy_arps,0.270868,0.295988,0.243596,0.189548,1.0381,139,4.5593,0.6422,1.6424,0
2277,91.08,157.872,39.468,first_peak,0.642405,tension_chords,0.402235,0.332795,0.186584,0.078385,1.0249,141,4.6506,0.8193,1.4517,0
2278,91.12,157.9413,39.4853,first_peak,0.642639,tension_chords,0.524335,0.297488,0.126876,0.051301,1.0218,140,4.7554,0.9595,1.2519,0
2279,91.16,158.0107,39.5027,first_peak,0.642873,tension_chords,0.526089,0.214552,0.118045,0.141315,1.0327,136,4.758,0.9327,1.2226,0
2280,91.2,158.08,39.52,first_peak,0.643108,tension_chords,0.403257,0.141158,0.107977,0.347608,1.0575,133,4.6546,0.7535,1.1891,0
2281,91.24,158.1493,39.5373,first_peak,0.643344,granular_texture,0.342848,0.123417,0.162898,0.370837,1.0604,132,4.6281,0.6718,1.3734,0
2282,91.28,158.2187,39.5547,first_peak,0.643581,broken_beat,0.357094,0.148124,0.357971,0.136812,1.0325,133,4.6182,0.6982,2.0271,0
2283,91.32,158.288,39.572,first_peak,0.643819,broken_beat,0.303496,0.152053,0.487068,0.057383,1.023,134,4.729,0.6326,2.4599,0
2284,91.36,158.3573,39.5893,first_peak,0.644058,broken_beat,0.252971,0.175612,0.444379,0.127038,1.0315,135,4.6938,0.5777,2.3171,0
2285,91.4,158.4267,39.6067,first_peak,0.644298,granular_texture,0.190428,0.210948,0.265554,0.33307,1.0563,136,4.6002,0.5119,1.7183,0
2286,91.44,158.496,39.624,first_peak,0.644539,granular_texture,0.160675,0.296687,0.161238,0.381399,1.0623,140,4.6424,0.5047,1.3691,0
2287,91.48,158.5653,39.6413,first_peak,0.644781,glassy_arps,0.163858,0.473861,0.162569,0.199712,1.0406,147,4.7221,0.5707,1.3739,0
2288,91.52,158.6347,39.6587,first_peak,0.645024,glassy_arps,0.15536,0.599299,0.171919,0.073422,1.0255,153,4.8298,0.604,1.4055,0
2289,91.56,158.704,39.676,first_peak,0.645267,glassy_arps,0.130408,0.554083,0.187209,0.1283,1.0322,151,4.7924,0.5569,1.4569,0
2290,91.6,158.7733,39.6933,first_peak,0.645512,glassy_arps,0.097122,0.383723,0.242974,0.276182,1.0501,144,4.6487,0.4557,1.644,0
2291,91.64,158.8427,39.7107,first_peak,0.645757,broken_beat,0.09694,0.288693,0.327587,0.28678,1.0515,140,4.6021,0.4222,1.9277,0
2292,91.68,158.912,39.728,first_peak,0.646004,broken_beat,0.149646,0.274155,0.409157,0.167042,1.0372,139,4.6725,0.483,2.2013,0
2293,91.72,158.9813,39.7453,first_peak,0.646251,broken_beat,0.261671,0.283035,0.383767,0.071528,1.0259,140,4.652,0.6262,2.1165,0
2294,91.76,159.0507,39.7627,first_peak,0.646499,tension_chords,0.369225,0.252884,0.256095,0.121795,1.032,138,4.6408,0.75,1.6891,1
2295,91.8,159.12,39.78,first_peak,0.646748,tension_chords,0.339361,0.170175,0.152184,0.33828,1.0581,135,4.6165,0.6838,1.3412,0
2296,91.84,159.1893,39.7973,first_peak,0.646998,granular_texture,0.309225,0.131197,0.117746,0.441832,1.0706,133,4.7047,0.6325,1.2261,0
2297,91.88,159.2587,39.8147,first_peak,0.647249,tension_chords,0.409131,0.156592,0.156907,0.27737,1.051,134,4.678,0.7662,1.3576,0
2298,91.92,159.328,39.832,first_peak,0.647501,tension_chords,0.467579,0.189829,0.27533,0.067262,1.0259,136,4.7288,0.8509,1.7546,0
2299,91.96,159.3973,39.8493,first_peak,0.647754,tension_chords,0.385701,0.198209,0.353219,0.062872,1.0255,136,4.6604,0.7515,2.0158,0
2300,92.0,159.4667,39.8667,first_peak,0.648007,broken_beat,0.304354,0.211854,0.311514,0.172278,1.0388,137,4.5984,0.6546,1.8764,0
2301,92.04,159.536,39.884,first_peak,0.648262,tension_chords,0.27913,0.255819,0.217549,0.247502,1.0479,139,4.572,0.6384,1.5619,1
2302,92.08,159.6053,39.9013,first_peak,0.648517,glassy_arps,0.319802,0.359594,0.147049,0.173555,1.0391,143,4.6416,0.7256,1.326,0
2303,92.12,159.6747,39.9187,first_peak,0.648773,glassy_arps,0.359548,0.459545,0.121698,0.059209,1.0255,147,4.7277,0.8103,1.2413,0
2304,92.16,159.744,39.936,first_peak,0.64903,glassy_arps,0.343629,0.469187,0.120454,0.06673,1.0266,148,4.737,0.7938,1.2375,0
2305,92.2,159.8133,39.9533,first_peak,0.649288,glassy_arps,0.276493,0.357325,0.117143,0.249039,1.0486,143,4.6431,0.6707,1.2266,0
2306,92.24,159.8827,39.9707,first_peak,0.649547,granular_texture,0.220589,0.238401,0.191675,0.349335,1.0607,138,4.6374,0.5592,1.4766,0
2307,92.28,159.952,39.988,first_peak,0.649807,broken_beat,0.190024,0.187714,0.380704,0.241558,1.0479,136,4.6652,0.5032,2.1101,0
2308,92.32,160.0213,40.0053,first_peak,0.650067,broken_beat,0.175637,0.181124,0.562703,0.080536,1.0287,136,4.8211,0.4829,2.7201,1
2309,92.36,160.0907,40.0227,first_peak,0.650329,broken_beat,0.174626,0.20184,0.533096,0.090439,1.03,137,4.7971,0.4889,2.6212,1
2310,92.4,160.16,40.04,first_peak,0.650591,granular_texture,0.162398,0.203265,0.305767,0.32857,1.0587,137,4.6244,0.4741,1.86,0
2311,92.44,160.2293,40.0573,first_peak,0.650854,granular_texture,0.136727,0.186433,0.16421,0.512629,1.0809,136,4.782,0.4362,1.386,0
2312,92.48,160.2987,40.0747,first_peak,0.651118,granular_texture,0.155777,0.25683,0.167951,0.419442,1.0698,139,4.704,0.4846,1.3989,0
2313,92.52,160.368,40.092,first_peak,0.651382,glassy_arps,0.219522,0.444335,0.217582,0.118561,1.0339,147,4.7263,0.6299,1.5654,0
2314,92.56,160.4373,40.1093,first_peak,0.651648,glassy_arps,0.196459,0.461609,0.266581,0.075351,1.0288,148,4.7422,0.6071,1.7299,0
2315,92.6,160.5067,40.1267,first_peak,0.651914,glassy_arps,0.152347,0.395503,0.285122,0.167027,1.0399,145,4.6872,0.5289,1.7923,1
2316,92.64,160.576,40.144,first_peak,0.652182,glassy_arps,0.150059,0.351005,0.272177,0.226759,1.0472,143,4.6506,0.5104,1.7492,1
2317,92.68,160.6453,40.1613,first_peak,0.65245,glassy_arps,0.224775,0.343934,0.263658,0.167633,1.0402,143,4.6457,0.6013,1.7209,0
2318,92.72,160.7147,40.1787,first_peak,0.652718,tension_chords,0.387488,0.348278,0.203122,0.061112,1.0276,143,4.684,0.8063,1.5184,0
2319,92.76,160.784,40.196,first_peak,0.652988,tension_chords,0.508623,0.290345,0.138106,0.062926,1.0279,141,4.7881,0.9374,1.3009,0
2320,92.8,160.8533,40.2133,first_peak,0.653258,tension_chords,0.44655,0.184567,0.112144,0.256739,1.0513,136,4.7366,0.8228,1.2143,0
2321,92.84,160.9227,40.2307,first_peak,0.65353,tension_chords,0.390026,0.130908,0.106684,0.372383,1.0653,134,4.6897,0.7333,1.1963,0
2322,92.88,160.992,40.248,first_peak,0.653802,tension_chords,0.432242,0.136082,0.191727,0.239949,1.0495,134,4.7268,0.7879,1.4815,0
2323,92.92,161.0613,40.2653,first_peak,0.654074,tension_chords,0.406352,0.134266,0.395107,0.064276,1.0286,134,4.706,0.7549,2.1631,1
2324,92.96,161.1307,40.2827,first_peak,0.654348,broken_beat,0.35333,0.132524,0.456847,0.057298,1.0279,134,4.7502,0.688,2.3702,1
2325,93.0,161.2,40.3,first_peak,0.654622,broken_beat,0.294692,0.154676,0.351365,0.199267,1.045,135,4.6617,0.6225,2.0172,0
2326,93.04,161.2693,40.3173,first_peak,0.654898,granular_texture,0.24065,0.227573,0.198524,0.333253,1.0612,138,4.6476,0.5805,1.5054,0
2327,93.08,161.3387,40.3347,first_peak,0.655174,glassy_arps,0.227097,0.37374,0.134869,0.264294,1.0531,145,4.6832,0.6147,1.2925,0
2328,93.12,161.408,40.352,first_peak,0.65545,glassy_arps,0.227155,0.538853,0.15157,0.082422,1.0314,152,4.8248,0.6725,1.3488,0
2329,93.16,161.4773,40.3693,first_peak,0.655728,glassy_arps,0.184494,0.578716,0.155381,0.081409,1.0314,153,4.8599,0.6332,1.3618,0
2330,93.2,161.5467,40.3867,first_peak,0.656006,glassy_arps,0.12483,0.456565,0.179908,0.238696,1.0504,148,4.7573,0.5158,1.4443,1
2331,93.24,161.616,40.404,first_peak,0.656285,glassy_arps,0.087869,0.312867,0.299827,0.299437,1.0578,142,4.6364,0.4193,1.8463,1
2332,93.28,161.6853,40.4213,first_peak,0.656565,broken_beat,0.090822,0.257988,0.470049,0.181141,1.0438,140,4.7713,0.4038,2.4169,0
2333,93.32,161.7547,40.4387,first_peak,0.656845,broken_beat,0.137694,0.271531,0.518318,0.072457,1.0308,141,4.8135,0.4672,2.5789,0
2334,93.36,161.824,40.456,first_peak,0.657127,broken_beat,0.21294,0.276298,0.392562,0.1182,1.0365,141,4.7079,0.5629,2.1579,0
2335,93.4,161.8933,40.4733,first_peak,0.657409,granular_texture,0.205049,0.189056,0.183207,0.422687,1.0731,137,4.7348,0.5225,1.4569,0
2336,93.44,161.9627,40.4907,first_peak,0.657691,granular_texture,0.203933,0.146762,0.131646,0.51766,1.0847,136,4.8167,0.5063,1.2845,0
2337,93.48,162.032,40.508,first_peak,0.657975,tension_chords,0.335131,0.197553,0.176853,0.290463,1.0575,138,4.6629,0.6881,1.4362,1
2338,93.52,162.1013,40.5253,first_peak,0.658259,tension_chords,0.419703,0.238677,0.260912,0.080707,1.0325,139,4.736,0.8082,1.7181,1
2339,93.56,162.1707,40.5427,first_peak,0.658544,broken_beat,0.346661,0.221962,0.352173,0.079204,1.0324,139,4.6799,0.711,2.0242,0
2340,93.6,162.24,40.56,first_peak,0.65883,broken_beat,0.255261,0.198666,0.362952,0.183122,1.045,138,4.6903,0.5886,2.0606,0
2341,93.64,162.3093,40.5773,first_peak,0.659116,broken_beat,0.254827,0.235529,0.284349,0.225295,1.0502,139,4.6248,0.601,1.7976,0
2342,93.68,162.3787,40.5947,first_peak,0.659403,tension_chords,0.343562,0.34237,0.17514,0.138928,1.04,144,4.6764,0.7493,1.4321,0
2343,93.72,162.448,40.612,first_peak,0.659691,tension_chords,0.433591,0.403179,0.116418,0.046812,1.0291,147,4.7542,0.8831,1.2357,0
2344,93.76,162.5173,40.6293,first_peak,0.65998,tension_chords,0.452535,0.355182,0.105461,0.086822,1.034,145,4.7716,0.89,1.1993,0
2345,93.8,162.5867,40.6467,first_peak,0.660269,tension_chords,0.381523,0.265536,0.101791,0.25115,1.0539,141,4.7125,0.7698,1.1873,0
2346,93.84,162.656,40.664,first_peak,0.660559,tension_chords,0.317681,0.212879,0.162273,0.307167,1.0607,139,4.6595,0.6716,1.3902,0
2347,93.88,162.7253,40.6813,first_peak,0.66085,broken_beat,0.299395,0.188404,0.362599,0.149603,1.0419,138,4.699,0.6402,2.0616,0
2348,93.92,162.7947,40.6987,first_peak,0.661141,broken_beat,0.251354,0.156764,0.534636,0.057246,1.031,136,4.8465,0.5691,2.6383,0
2349,93.96,162.864,40.716,first_peak,0.661433,broken_beat,0.203955,0.153693,0.513268,0.129084,1.0397,136,4.8297,0.5087,2.567,0
2350,94.0,162.9333,40.7333,first_peak,0.661726,granular_texture,0.160702,0.153453,0.256748,0.429096,1.0759,136,4.7594,0.4546,1.708,0
2351,94.04,163.0027,40.7507,first_peak,0.662019,granular_texture,0.142204,0.183694,0.152453,0.521649,1.0871,138,4.8394,0.442,1.3589,0
2352,94.08,163.072,40.768,first_peak,0.662314,glassy_arps,0.195258,0.369373,0.217097,0.218272,1.0509,146,4.7113,0.5734,1.5758,1
2353,94.12,163.1413,40.7853,first_peak,0.662608,glassy_arps,0.186017,0.502375,0.222151,0.089458,1.0355,151,4.8256,0.6084,1.5931,0
2354,94.16,163.2107,40.8027,first_peak,0.662904,glassy_arps,0.132672,0.453923,0.244359,0.169046,1.0452,149,4.7858,0.5247,1.6678,0
2355,94.2,163.28,40.82,first_peak,0.6632,glassy_arps,0.098686,0.346603,0.282152,0.272559,1.0578,145,4.6959,0.4447,1.7947,0
2356,94.24,163.3493,40.8373,first_peak,0.663497,glassy_arps,0.118854,0.346309,0.322032,0.212806,1.0507,145,4.6969,0.4698,1.9287,0
2357,94.28,163.4187,40.8547,first_peak,0.663794,glassy_arps,0.19429,0.415708,0.314164,0.075838,1.0344,148,4.7572,0.5884,1.9026,0
2358,94.32,163.488,40.872,first_peak,0.664092,glassy_arps,0.303682,0.418842,0.220287,0.057188,1.0323,148,4.7612,0.7262,1.5885,0
2359,94.36,163.5573,40.8893,first_peak,0.664391,tension_chords,0.349851,0.27194,0.136274,0.241935,1.0547,142,4.7039,0.7325,1.3073,0
2360,94.4,163.6267,40.9067,first_peak,0.664691,granular_texture,0.343963,0.16337,0.116573,0.376094,1.0709,137,4.7276,0.6871,1.2417,0
2361,94.44,163.696,40.924,first_peak,0.664991,tension_chords,0.426568,0.151042,0.145629,0.276761,1.0591,137,4.7718,0.7861,1.3393,0
2362,94.48,163.7653,40.9413,first_peak,0.665291,tension_chords,0.491605,0.156919,0.273155,0.078321,1.0354,137,4.8284,0.8694,1.7669,0
2363,94.52,163.8347,40.9587,first_peak,0.665593,tension_chords,0.421741,0.132624,0.38672,0.058915,1.0332,136,4.7704,0.7736,2.1477,0
2364,94.56,163.904,40.976,first_peak,0.665895,broken_beat,0.339899,0.123586,0.349923,0.186592,1.0487,136,4.7107,0.6681,2.0247,0
2365,94.6,163.9733,40.9933,first_peak,0.666197,granular_texture,0.299998,0.155832,0.229729,0.314441,1.0642,137,4.6819,0.6295,1.6224,0
2366,94.64,164.0427,41.0107,first_peak,0.666501,tension_chords,0.331776,0.275931,0.153827,0.238466,1.0552,142,4.6979,0.7113,1.3685,0
2367,94.68,164.112,41.028,first_peak,0.666804,glassy_arps,0.34009,0.471617,0.129165,0.059128,1.0338,150,4.8182,0.7902,1.2862,0
2368,94.72,164.1813,41.0453,first_peak,0.667109,glassy_arps,0.267511,0.542114,0.114743,0.075632,1.0359,154,4.8794,0.7241,1.2382,0
2369,94.76,164.2507,41.0627,first_peak,0.667414,glassy_arps,0.199767,0.438597,0.1238,0.237836,1.0556,149,4.7928,0.6032,1.2689,0
2370,94.8,164.32,41.08,first_peak,0.66772,glassy_arps,0.147862,0.337529,0.22306,0.291548,1.0621,145,4.7083,0.503,1.6017,0
2371,94.84,164.3893,41.0973,first_peak,0.668026,broken_beat,0.132183,0.30745,0.415345,0.145022,1.0447,144,4.7758,0.4728,2.2462,0
2372,94.88,164.4587,41.1147,first_peak,0.668333,broken_beat,0.141297,0.279742,0.515002,0.063958,1.0351,143,4.8618,0.4745,2.5804,0
2373,94.92,164.528,41.132,first_peak,0.66864,broken_beat,0.162943,0.248509,0.388051,0.200497,1.0516,141,4.7553,0.4907,2.1555,1
2374,94.96,164.5973,41.1493,first_peak,0.668948,granular_texture,0.131717,0.168559,0.172573,0.52715,1.091,138,4.8749,0.4236,1.434,1
2375,95.0,164.6667,41.1667,first_peak,0.669257,granular_texture,0.164306,0.188794,0.169419,0.477481,1.0852,139,4.8341,0.4715,1.4237,0
2376,95.04,164.736,41.184,first_peak,0.669566,tension_chords,0.27765,0.27401,0.246073,0.202267,1.0523,143,4.6656,0.643,1.6809,0
2377,95.08,164.8053,41.2013,first_peak,0.669876,broken_beat,0.305408,0.288941,0.314908,0.090743,1.039,143,4.6986,0.6829,1.9118,0
2378,95.12,164.8747,41.2187,first_peak,0.670187,broken_beat,0.227317,0.258608,0.340719,0.173355,1.0491,142,4.7219,0.5747,1.9986,0
2379,95.16,164.944,41.236,first_peak,0.670498,broken_beat,0.191415,0.24426,0.306896,0.257428,1.0593,141,4.6946,0.5248,1.8856,0
2380,95.2,165.0133,41.2533,first_peak,0.670809,glassy_arps,0.246525,0.294075,0.258797,0.200604,1.0526,144,4.6851,0.6111,1.7249,1
2381,95.24,165.0827,41.2707,first_peak,0.671121,glassy_arps,0.380114,0.386485,0.171193,0.062209,1.0362,148,4.765,0.8104,1.4317,0
2382,95.28,165.152,41.288,first_peak,0.671434,tension_chords,0.45283,0.385603,0.107989,0.053578,1.0353,148,4.8228,0.901,1.2203,0
2383,95.32,165.2213,41.3053,first_peak,0.671747,tension_chords,0.406159,0.30692,0.095184,0.191738,1.052,144,4.7845,0.8151,1.1778,0
2384,95.36,165.2907,41.3227,first_peak,0.672061,tension_chords,0.363535,0.23274,0.105644,0.298081,1.0649,141,4.7497,0.7359,1.2132,0
2385,95.4,165.36,41.34,first_peak,0.672375,tension_chords,0.39528,0.196231,0.230599,0.17789,1.0506,140,4.7781,0.7628,1.6321,0
2386,95.44,165.4293,41.3573,first_peak,0.67269,broken_beat,0.383763,0.156944,0.405579,0.053714,1.0359,138,4.7882,0.7346,2.2186,0
2387,95.48,165.4987,41.3747,first_peak,0.673006,broken_beat,0.329144,0.135802,0.442327,0.092727,1.0407,137,4.8209,0.659,2.3421,0
2388,95.52,165.568,41.392,first_peak,0.673322,granular_texture,0.250908,0.122468,0.278378,0.348246,1.0715,137,4.7423,0.5565,1.7932,1
2389,95.56,165.6373,41.4093,first_peak,0.673638,granular_texture,0.229519,0.147076,0.165934,0.457471,1.0848,138,4.8365,0.5384,1.4169,0
2390,95.6,165.7067,41.4267,first_peak,0.673955,glassy_arps,0.292846,0.294978,0.203321,0.208855,1.0551,144,4.6998,0.6693,1.5425,0
2391,95.64,165.776,41.444,first_peak,0.674273,glassy_arps,0.250312,0.439869,0.217479,0.09234,1.0412,150,4.8244,0.6668,1.5903,0
2392,95.68,165.8453,41.4613,first_peak,0.674591,glassy_arps,0.152829,0.441133,0.209905,0.196133,1.0538,150,4.8269,0.5454,1.5652,0
2393,95.72,165.9147,41.4787,first_peak,0.67491,glassy_arps,0.086121,0.338844,0.282049,0.292986,1.0656,146,4.7414,0.4262,1.8073,0
2394,95.76,165.984,41.496,first_peak,0.675229,broken_beat,0.080866,0.349664,0.358338,0.211132,1.0559,147,4.7594,0.4235,2.0632,0
2395,95.8,166.0533,41.5133,first_peak,0.675549,glassy_arps,0.112256,0.424427,0.390986,0.072331,1.0394,150,4.817,0.4889,2.1729,1
2396,95.84,166.1227,41.5307,first_peak,0.675869,glassy_arps,0.171499,0.459762,0.29101,0.077728,1.0402,151,4.8484,0.5753,1.8383,1
2397,95.88,166.192,41.548,first_peak,0.676189,glassy_arps,0.199778,0.33437,0.155893,0.309959,1.0682,146,4.7433,0.5668,1.3861,0
2398,95.92,166.2613,41.5653,first_peak,0.676511,granular_texture,0.232284,0.221015,0.130474,0.416227,1.0811,141,4.8143,0.5677,1.3012,0
2399,95.96,166.3307,41.5827,first_peak,0.676832,tension_chords,0.366786,0.201805,0.172366,0.259043,1.0624,141,4.7737,0.7291,1.4419,0
2400,96.0,166.4,41.6,first_peak,0.677154,tension_chords,0.447264,0.186191,0.293564,0.072981,1.0402,140,4.8435,0.8242,1.8483,0
2401,96.04,166.4693,41.6173,first_peak,0.677477,broken_beat,0.349787,0.126333,0.4345,0.08938,1.0424,138,4.8341,0.6814,2.3208,0
2402,96.08,166.5387,41.6347,first_peak,0.6778,broken_beat,0.289099,0.103967,0.372065,0.23487,1.06,137,4.7825,0.5978,2.112,1
2403,96.12,166.608,41.652,first_peak,0.678124,tension_chords,0.314258,0.140406,0.239408,0.305928,1.0686,138,4.7348,0.642,1.668,1
2404,96.16,166.6773,41.6693,first_peak,0.678448,tension_chords,0.443238,0.271127,0.163755,0.121881,1.0467,144,4.8458,0.8489,1.4149,0
2405,96.2,166.7467,41.6867,first_peak,0.678773,tension_chords,0.468212,0.364609,0.117337,0.049842,1.0382,148,4.8685,0.9129,1.2597,0
2406,96.24,166.816,41.704,first_peak,0.679098,tension_chords,0.392927,0.370804,0.097684,0.138584,1.049,148,4.806,0.8209,1.1942,0
2407,96.28,166.8853,41.7213,first_peak,0.679423,glassy_arps,0.277979,0.356912,0.103629,0.26148,1.0639,148,4.7768,0.6724,1.2145,0
2408,96.32,166.9547,41.7387,first_peak,0.679749,glassy_arps,0.219201,0.379433,0.21617,0.185196,1.0549,149,4.7974,0.6068,1.5919,0
2409,96.36,167.024,41.756,first_peak,0.680075,broken_beat,0.191321,0.315853,0.439794,0.053032,1.0392,146,4.8502,0.5497,2.3414,1
2410,96.4,167.0933,41.7733,first_peak,0.680402,broken_beat,0.176609,0.235546,0.51493,0.072916,1.0417,143,4.9155,0.5032,2.5935,1
2411,96.44,167.1627,41.7907,first_peak,0.68073,granular_texture,0.152661,0.179947,0.27265,0.394742,1.0805,140,4.8148,0.4538,1.7822,0
2412,96.48,167.232,41.808,first_peak,0.681057,granular_texture,0.146848,0.1741,0.167422,0.51163,1.0947,140,4.9156,0.4445,1.43,0
2413,96.52,167.3013,41.8253,first_peak,0.681386,granular_texture,0.209373,0.262251,0.23522,0.293157,1.0686,144,4.7313,0.5535,1.6575,0
2414,96.56,167.3707,41.8427,first_peak,0.681714,glassy_arps,0.253057,0.32656,0.299366,0.121017,1.0481,147,4.7612,0.6306,1.8728,0
2415,96.6,167.44,41.86,first_peak,0.682043,broken_beat,0.185602,0.268091,0.337387,0.208921,1.0588,144,4.7719,0.5258,2.0005,0
2416,96.64,167.5093,41.8773,first_peak,0.682373,broken_beat,0.12388,0.211642,0.344158,0.32032,1.0723,142,4.7791,0.4289,2.0235,1
2417,96.68,167.5787,41.8947,first_peak,0.682703,broken_beat,0.138858,0.269288,0.360505,0.231349,1.0618,144,4.7945,0.4678,2.0787,1
2418,96.72,167.648,41.912,first_peak,0.683033,glassy_arps,0.211031,0.420163,0.301004,0.067802,1.0423,151,4.8466,0.6108,1.8797,0
2419,96.76,167.7173,41.9293,first_peak,0.683364,glassy_arps,0.296236,0.498052,0.151848,0.053863,1.0408,154,4.9143,0.7446,1.3804,0
2420,96.8,167.7867,41.9467,first_peak,0.683695,glassy_arps,0.303138,0.391441,0.102402,0.203019,1.0589,150,4.8252,0.7159,1.2151,0
2421,96.84,167.856,41.964,first_peak,0.684027,tension_chords,0.310044,0.290895,0.096177,0.302884,1.071,145,4.7575,0.6894,1.1946,0
2422,96.88,167.9253,41.9813,first_peak,0.684359,tension_chords,0.410019,0.257944,0.156685,0.175352,1.0558,144,4.8439,0.8028,1.3977,0
2423,96.92,167.9947,41.9987,first_peak,0.684691,tension_chords,0.443249,0.186856,0.317401,0.052494,1.0413,141,4.8736,0.8195,1.9365,0
2424,96.96,168.064,42.016,first_peak,0.685024,broken_beat,0.38119,0.125948,0.395475,0.097387,1.0468,139,4.8345,0.7206,2.1984,1
2425,97.0,168.1333,42.0333,first_peak,0.685357,granular_texture,0.301289,0.0984,0.289083,0.311228,1.0726,138,4.7644,0.6111,1.8423,1
2426,97.04,168.2027,42.0507,first_peak,0.685691,granular_texture,0.327781,0.11917,0.202076,0.350973,1.0775,138,4.7997,0.6514,1.5512,0
2427,97.08,168.272,42.068,first_peak,0.686025,tension_chords,0.464551,0.223088,0.183219,0.129142,1.0511,143,4.8977,0.8588,1.4884,0
2428,97.12,168.3413,42.0853,first_peak,0.686359,tension_chords,0.40393,0.338788,0.176923,0.080358,1.0454,148,4.8476,0.8235,1.4677,0
2429,97.16,168.4107,42.1027,first_peak,0.686694,glassy_arps,0.25566,0.358384,0.148462,0.237494,1.0644,149,4.8104,0.645,1.3727,0
2430,97.2,168.48,42.12,first_peak,0.687029,glassy_arps,0.149332,0.331013,0.20419,0.315465,1.0739,148,4.7886,0.5025,1.5598,0
2431,97.24,168.5493,42.1373,first_peak,0.687365,glassy_arps,0.110745,0.379196,0.346346,0.163713,1.0558,150,4.8311,0.4712,2.0364,1
2432,97.28,168.6187,42.1547,first_peak,0.6877,glassy_arps,0.106142,0.437033,0.406609,0.050216,1.0424,152,4.8817,0.4856,2.2386,1
2433,97.32,168.688,42.172,first_peak,0.688037,glassy_arps,0.120166,0.447509,0.297173,0.135152,1.0527,153,4.8921,0.5068,1.8724,0
2434,97.36,168.7573,42.1893,first_peak,0.688373,granular_texture,0.119122,0.327032,0.154962,0.398885,1.0845,148,4.8523,0.4634,1.3963,0
2435,97.4,168.8267,42.2067,first_peak,0.68871,granular_texture,0.157621,0.268348,0.155048,0.418983,1.0871,145,4.8709,0.4909,1.397,0
2436,97.44,168.896,42.224,first_peak,0.689047,glassy_arps,0.289385,0.295617,0.240231,0.174768,1.0579,146,4.7675,0.6652,1.6827,0
2437,97.48,168.9653,42.2413,first_peak,0.689385,broken_beat,0.331404,0.232104,0.343603,0.092888,1.0483,144,4.8098,0.6955,2.0294,0
2438,97.52,169.0347,42.2587,first_peak,0.689723,broken_beat,0.254243,0.138006,0.385307,0.222444,1.064,140,4.8468,0.5661,2.1695,1
2439,97.56,169.104,42.276,first_peak,0.690061,broken_beat,0.233861,0.108819,0.339598,0.317722,1.0756,139,4.8094,0.5304,2.0167,1
2440,97.6,169.1733,42.2933,first_peak,0.6904,tension_chords,0.343645,0.162532,0.276175,0.217648,1.0637,141,4.8144,0.6864,1.8046,0
2441,97.64,169.2427,42.3107,first_peak,0.690739,tension_chords,0.510748,0.271759,0.163912,0.053581,1.0442,146,4.9579,0.9336,1.4289,0
2442,97.68,169.312,42.328,first_peak,0.691078,tension_chords,0.482381,0.319888,0.105352,0.092378,1.049,148,4.9353,0.9149,1.2331,0
2443,97.72,169.3813,42.3453,first_peak,0.691418,tension_chords,0.355993,0.315771,0.085818,0.242418,1.0671,148,4.8294,0.7555,1.168,0
2444,97.76,169.4507,42.3627,first_peak,0.691758,glassy_arps,0.315779,0.333578,0.125679,0.224964,1.0652,148,4.8119,0.7115,1.302,0
2445,97.8,169.52,42.38,first_peak,0.692098,glassy_arps,0.319345,0.342255,0.26995,0.06845,1.0466,149,4.8208,0.719,1.7856,1
2446,97.84,169.5893,42.3973,first_peak,0.692439,broken_beat,0.2863,0.288819,0.37802,0.046861,1.0441,147,4.8527,0.659,2.1481,1
2447,97.88,169.6587,42.4147,first_peak,0.69278,broken_beat,0.23902,0.215401,0.302183,0.243395,1.0679,144,4.7897,0.5742,1.8944,0
2448,97.92,169.728,42.432,first_peak,0.693121,granular_texture,0.217873,0.161019,0.179013,0.442095,1.0919,141,4.9102,0.5287,1.4821,0
2449,97.96,169.7973,42.4493,first_peak,0.693462,granular_texture,0.289268,0.221625,0.199151,0.289957,1.0738,144,4.7824,0.6392,1.55,0
2450,98.0,169.8667,42.4667,first_peak,0.693804,tension_chords,0.314043,0.300758,0.269906,0.115293,1.053,147,4.8044,0.6978,1.7874,0
2451,98.04,169.936,42.484,first_peak,0.694146,broken_beat,0.219571,0.262465,0.288299,0.229665,1.0669,146,4.784,0.5663,1.8494,0
2452,98.08,170.0053,42.5013,first_peak,0.694489,granular_texture,0.109933,0.177575,0.342738,0.369754,1.0838,142,4.8548,0.3996,2.0321,1
2453,98.12,170.0747,42.5187,first_peak,0.694831,broken_beat,0.095758,0.222023,0.4144,0.267818,1.0718,144,4.8942,0.3974,2.2726,1
2454,98.16,170.144,42.536,first_peak,0.695174,broken_beat,0.125546,0.370373,0.422837,0.081245,1.0495,150,4.9029,0.4866,2.3012,0
2455,98.2,170.2133,42.5533,first_peak,0.695518,glassy_arps,0.16327,0.511966,0.249248,0.075516,1.049,156,4.9802,0.5833,1.72,0
2456,98.24,170.2827,42.5707,first_peak,0.695861,glassy_arps,0.160818,0.47974,0.113165,0.246277,1.0696,155,4.9544,0.5689,1.2645,0
2457,98.28,170.352,42.588,first_peak,0.696205,glassy_arps,0.181945,0.428911,0.094611,0.294533,1.0756,153,4.9127,0.5775,1.2028,0
2458,98.32,170.4213,42.6053,first_peak,0.696549,glassy_arps,0.304873,0.40399,0.141739,0.149397,1.0583,152,4.893,0.7225,1.361,0
2459,98.36,170.4907,42.6227,first_peak,0.696893,tension_chords,0.375809,0.26331,0.305459,0.055423,1.0472,146,4.8706,0.7619,1.9099,0
2460,98.4,170.56,42.64,first_peak,0.697238,broken_beat,0.31524,0.133015,0.425266,0.126479,1.0559,141,4.9142,0.6406,2.3116,1
2461,98.44,170.6293,42.6573,first_peak,0.697583,broken_beat,0.292471,0.093435,0.309517,0.304577,1.0774,139,4.8173,0.5983,1.9242,1
2462,98.48,170.6987,42.6747,first_peak,0.697928,tension_chords,0.391138,0.116178,0.216674,0.27601,1.0742,140,4.8882,0.7296,1.6136,0
2463,98.52,170.768,42.692,first_peak,0.698273,tension_chords,0.587933,0.172248,0.16664,0.073179,1.05,143,5.0571,0.9952,1.4463,0
2464,98.56,170.8373,42.7093,first_peak,0.698618,tension_chords,0.571736,0.195234,0.138985,0.094044,1.0526,144,5.0448,0.983,1.3541,0
2465,98.6,170.9067,42.7267,first_peak,0.698964,tension_chords,0.39275,0.220024,0.11189,0.275335,1.0746,145,4.8942,0.7679,1.2637,0
2466,98.64,170.976,42.744,first_peak,0.69931,glassy_arps,0.25493,0.311448,0.172461,0.26116,1.073,149,4.8267,0.6277,1.467,0
2467,98.68,171.0453,42.7613,first_peak,0.699656,glassy_arps,0.182392,0.398612,0.343562,0.075434,1.0509,152,4.9023,0.5675,2.0406,1
2468,98.72,171.1147,42.7787,first_peak,0.700003,broken_beat,0.142023,0.388423,0.428759,0.040795,1.0469,152,4.9295,0.5135,2.3263,1
2469,98.76,171.184,42.796,first_peak,0.70035,glassy_arps,0.124717,0.381084,0.255123,0.239076,1.0708,152,4.8905,0.4893,1.745,0
2470,98.8,171.2533,42.8133,first_peak,0.700697,granular_texture,0.114724,0.334967,0.136691,0.413618,1.092,150,4.9197,0.4606,1.3487,0
2471,98.84,171.3227,42.8307,first_peak,0.701044,glassy_arps,0.163865,0.369269,0.18339,0.283476,1.0765,151,4.8835,0.5341,1.5055,0
2472,98.88,171.392,42.848,first_peak,0.701391,glassy_arps,0.236475,0.373223,0.276285,0.114017,1.0563,151,4.8884,0.6262,1.8171,0
2473,98.92,171.4613,42.8653,first_peak,0.701739,broken_beat,0.197448,0.236647,0.354991,0.210915,1.0681,146,4.8745,0.5296,2.0811,0
2474,98.96,171.5307,42.8827,first_peak,0.702086,broken_beat,0.135066,0.129105,0.381229,0.354599,1.0855,141,4.8983,0.414,2.1694,1
2475,99.0,171.6,42.9,first_peak,0.702434,broken_beat,0.169083,0.121193,0.437766,0.271958,1.0758,141,4.9479,0.4538,2.3592,1
2476,99.04,171.6693,42.9173,first_peak,0.702783,broken_beat,0.3114,0.204934,0.402218,0.081448,1.0531,145,4.9193,0.661,2.2405,0
2477,99.08,171.7387,42.9347,first_peak,0.703131,tension_chords,0.407948,0.322677,0.182781,0.086594,1.0538,150,4.9257,0.8229,1.5058,0
2478,99.12,171.808,42.952,first_peak,0.703479,tension_chords,0.323459,0.312535,0.105618,0.258388,1.0746,149,4.8554,0.7137,1.2476,0
2479,99.16,171.8773,42.9693,first_peak,0.703828,glassy_arps,0.303838,0.331133,0.092974,0.272055,1.0764,150,4.8635,0.6957,1.2057,0
2480,99.2,171.9467,42.9867,first_peak,0.704177,glassy_arps,0.355541,0.388078,0.161412,0.094969,1.0553,153,4.9135,0.7803,1.4353,0
2481,99.24,172.016,43.004,first_peak,0.704526,tension_chords,0.339584,0.330715,0.290067,0.039635,1.0488,150,4.8738,0.7402,1.8667,1
2482,99.28,172.0853,43.0213,first_peak,0.704875,broken_beat,0.300503,0.235371,0.316924,0.147201,1.0619,146,4.8561,0.658,1.9571,1
2483,99.32,172.1547,43.0387,first_peak,0.705225,granular_texture,0.271232,0.160692,0.219774,0.348302,1.0862,143,4.8843,0.5953,1.632,0
2484,99.36,172.224,43.056,first_peak,0.705574,tension_chords,0.392034,0.185927,0.178488,0.243551,1.0738,144,4.923,0.7551,1.4941,0
2485,99.4,172.2933,43.0733,first_peak,0.705924,tension_chords,0.49421,0.225221,0.196201,0.084369,1.0548,146,5.0114,0.8966,1.5538,0
2486,99.44,172.3627,43.0907,first_peak,0.706274,tension_chords,0.405841,0.211329,0.193612,0.189217,1.0676,145,4.9379,0.7813,1.5455,0
2487,99.48,172.432,43.108,first_peak,0.706624,granular_texture,0.23005,0.154207,0.212219,0.403523,1.0935,143,4.9375,0.5415,1.6082,0
2488,99.52,172.5013,43.1253,first_peak,0.706974,broken_beat,0.153315,0.177181,0.380969,0.288535,1.0798,144,4.9199,0.4537,2.1739,1
2489,99.56,172.5707,43.1427,first_peak,0.707325,broken_beat,0.131177,0.284073,0.510384,0.074365,1.0543,149,5.0314,0.4634,2.6078,1
2490,99.6,172.64,43.16,first_peak,0.707675,glassy_arps,0.125306,0.420686,0.361478,0.09253,1.0566,154,4.9567,0.5039,2.1094,0
2491,99.64,172.7093,43.1773,first_peak,0.708026,glassy_arps,0.101065,0.420848,0.14603,0.332057,1.0855,154,4.9584,0.4736,1.388,0
2492,99.68,172.7787,43.1947,first_peak,0.708376,glassy_arps,0.10977,0.442566,0.112066,0.335598,1.0861,155,4.9785,0.4921,1.2746,0
2493,99.72,172.848,43.212,first_peak,0.708727,glassy_arps,0.17752,0.541168,0.151615,0.129696,1.0616,160,5.0638,0.6113,1.4075,0
2494,99.76,172.9173,43.2293,first_peak,0.709078,glassy_arps,0.231399,0.461065,0.241761,0.065774,1.0541,156,4.9973,0.6506,1.7099,0
2495,99.8,172.9867,43.2467,first_peak,0.709429,broken_beat,0.220702,0.234373,0.34397,0.200954,1.0705,147,4.8993,0.5579,2.0527,0
2496,99.84,173.056,43.264,first_peak,0.709781,broken_beat,0.231449,0.12109,0.339868,0.307593,1.0834,142,4.8974,0.5317,2.0393,1
2497,99.88,173.1253,43.2813,first_peak,0.710132,tension_chords,0.380814,0.129237,0.288164,0.201785,1.0709,143,4.9338,0.7213,1.8665,1
2498,99.92,173.1947,43.2987,first_peak,0.710483,tension_chords,0.60623,0.157651,0.175955,0.060164,1.054,144,5.1269,1.013,1.491,0
2499,99.96,173.264,43.316,first_peak,0.710835,tension_chords,0.574057,0.147724,0.124579,0.15364,1.0654,143,5.1012,0.9693,1.3193,0
2500,100.0,173.3333,43.3333,first_peak,0.711187,tension_chords,0.416381,0.156477,0.104664,0.322477,1.0858,144,4.9687,0.7752,1.2529,0
2501,100.04,173.4027,43.3507,first_peak,0.711538,tension_chords,0.373249,0.232761,0.184736,0.209253,1.0724,147,4.9336,0.748,1.5216,0
2502,100.08,173.472,43.368,first_peak,0.71189,broken_beat,0.318401,0.314635,0.321494,0.045471,1.0529,151,4.8912,0.7081,1.9801,0
2503,100.12,173.5413,43.3853,first_peak,0.712242,glassy_arps,0.240976,0.36735,0.324037,0.067638,1.0557,153,4.9317,0.6298,1.989,1
2504,100.16,173.6107,43.4027,first_peak,0.712594,glassy_arps,0.171868,0.372299,0.181329,0.274505,1.0807,153,4.9375,0.5451,1.5113,1
2505,100.2,173.68,43.42,first_peak,0.712946,glassy_arps,0.178446,0.38901,0.119295,0.313249,1.0855,154,4.9533,0.5592,1.3039,0
2506,100.24,173.7493,43.4373,first_peak,0.713299,glassy_arps,0.246237,0.459587,0.178607,0.115569,1.062,157,5.0148,0.6687,1.503,0
2507,100.28,173.8187,43.4547,first_peak,0.713651,glassy_arps,0.249452,0.391266,0.239533,0.119748,1.0626,154,4.9583,0.6488,1.7075,0
2508,100.32,173.888,43.472,first_peak,0.714003,granular_texture,0.14205,0.189807,0.312446,0.355697,1.0911,146,4.9297,0.444,1.9521,0
2509,100.36,173.9573,43.4893,first_peak,0.714356,broken_beat,0.098741,0.124756,0.433205,0.343298,1.0898,143,4.9971,0.3671,2.357,0
2510,100.4,174.0267,43.5067,first_peak,0.714708,broken_beat,0.134668,0.163045,0.554833,0.147454,1.0665,145,5.1021,0.4254,2.7649,1
2511,100.44,174.096,43.524,first_peak,0.715061,broken_beat,0.214379,0.247974,0.450957,0.08669,1.0593,148,5.0153,0.5548,2.4173,1
2512,100.48,174.1653,43.5413,first_peak,0.715413,granular_texture,0.212793,0.281152,0.180345,0.32571,1.0882,150,4.9104,0.5644,1.5111,0
2513,100.52,174.2347,43.5587,first_peak,0.715766,granular_texture,0.192541,0.332532,0.109541,0.365387,1.0931,152,4.9457,0.5571,1.2743,0
2514,100.56,174.304,43.576,first_peak,0.716119,glassy_arps,0.253974,0.463452,0.119917,0.162657,1.0689,157,5.0307,0.6797,1.3095,0
2515,100.6,174.3733,43.5933,first_peak,0.716471,glassy_arps,0.295299,0.442645,0.216707,0.045349,1.055,157,5.0145,0.724,1.6341,0
2516,100.64,174.4427,43.6107,first_peak,0.716824,broken_beat,0.253163,0.300588,0.347815,0.098433,1.0616,151,4.9355,0.6217,2.0737,0
2517,100.68,174.512,43.628,first_peak,0.717177,broken_beat,0.251026,0.219022,0.292006,0.237947,1.0785,147,4.8896,0.5904,1.8871,1
2518,100.72,174.5813,43.6453,first_peak,0.71753,tension_chords,0.359325,0.209149,0.19749,0.234036,1.0781,147,4.9484,0.7224,1.5709,1
2519,100.76,174.6507,43.6627,first_peak,0.717882,tension_chords,0.571814,0.211203,0.153176,0.063807,1.0579,147,5.1306,0.9887,1.4228,0
2520,100.8,174.72,43.68,first_peak,0.718235,tension_chords,0.586156,0.15894,0.135696,0.119209,1.0647,145,5.1444,0.9883,1.3646,0
2521,100.84,174.7893,43.6973,first_peak,0.718588,tension_chords,0.420054,0.123793,0.123549,0.332604,1.0905,144,5.0048,0.7684,1.3243,0
2522,100.88,174.8587,43.7147,first_peak,0.718941,tension_chords,0.32454,0.133935,0.254706,0.286819,1.0851,144,4.9251,0.6526,1.7641,0
2523,100.92,174.928,43.732,first_peak,0.719294,broken_beat,0.253358,0.180472,0.498421,0.067749,1.059,146,5.0745,0.5799,2.5809,0
2524,100.96,174.9973,43.7493,first_peak,0.719647,broken_beat,0.179727,0.242153,0.505179,0.072941,1.0598,149,5.0818,0.5094,2.604,0
2525,101.0,175.0667,43.7667,first_peak,0.72,granular_texture,0.125108,0.307232,0.208276,0.359384,1.0943,151,4.9595,0.4639,1.6097,1
2526,101.04,175.136,43.784,first_peak,0.720353,glassy_arps,0.106915,0.406587,0.115112,0.371386,1.0959,156,5.0012,0.4759,1.298,0
2527,101.08,175.2053,43.8013,first_peak,0.720706,glassy_arps,0.134471,0.601098,0.151183,0.113248,1.0651,164,5.1681,0.5785,1.4192,0
2528,101.12,175.2747,43.8187,first_peak,0.721059,glassy_arps,0.144323,0.582689,0.194866,0.078123,1.0611,163,5.154,0.5843,1.566,0
2529,101.16,175.344,43.836,first_peak,0.721412,glassy_arps,0.117278,0.328822,0.29244,0.261461,1.0832,153,4.9398,0.4617,1.8932,0
2530,101.2,175.4133,43.8533,first_peak,0.721765,broken_beat,0.125014,0.189287,0.378162,0.307537,1.0889,147,4.9833,0.4225,2.1808,0
2531,101.24,175.4827,43.8707,first_peak,0.722118,broken_beat,0.238604,0.175995,0.448538,0.136864,1.0686,146,5.0447,0.5599,2.4169,0
2532,101.28,175.552,43.888,first_peak,0.72247,tension_chords,0.424837,0.194297,0.305952,0.074915,1.0613,147,5.0261,0.799,1.9397,1
2533,101.32,175.6213,43.9053,first_peak,0.722823,tension_chords,0.402683,0.15929,0.145018,0.29301,1.0877,146,5.0088,0.7591,1.4009,0
2534,101.36,175.6907,43.9227,first_peak,0.723176,granular_texture,0.364349,0.138173,0.115322,0.382157,1.0985,145,4.993,0.7038,1.3018,0
2535,101.4,175.76,43.94,first_peak,0.723529,tension_chords,0.447755,0.204319,0.174833,0.173093,1.0736,148,5.0503,0.8312,1.5016,0
2536,101.44,175.8293,43.9573,first_peak,0.723881,tension_chords,0.396523,0.254281,0.303921,0.045275,1.0584,150,5.0083,0.7847,1.9344,0
2537,101.48,175.8987,43.9747,first_peak,0.724234,broken_beat,0.302704,0.267769,0.314177,0.11535,1.067,150,4.9399,0.6721,1.9692,0
2538,101.52,175.968,43.992,first_peak,0.724587,glassy_arps,0.255652,0.283599,0.203524,0.257225,1.0842,151,4.9155,0.6188,1.5989,0
2539,101.56,176.0373,44.0093,first_peak,0.724939,glassy_arps,0.294336,0.372575,0.128878,0.204211,1.078,155,4.9927,0.6983,1.3492,0
2540,101.6,176.1067,44.0267,first_peak,0.725292,glassy_arps,0.346925,0.473376,0.125741,0.053958,1.0601,159,5.0799,0.7993,1.3391,0
2541,101.64,176.176,44.044,first_peak,0.725644,glassy_arps,0.327821,0.379934,0.139761,0.152485,1.0721,155,5.0021,0.7428,1.3864,0
2542,101.68,176.2453,44.0613,first_peak,0.725997,granular_texture,0.22988,0.193022,0.196598,0.3805,1.0996,148,5.0041,0.5549,1.5772,0
2543,101.72,176.3147,44.0787,first_peak,0.726349,broken_beat,0.171344,0.150405,0.41556,0.262691,1.0856,146,5.0355,0.4668,2.3111,0
2544,101.76,176.384,44.096,first_peak,0.726701,broken_beat,0.158768,0.17528,0.594295,0.071658,1.0629,147,5.189,0.4598,2.9103,0
2545,101.8,176.4533,44.1133,first_peak,0.727054,broken_beat,0.169852,0.215002,0.44048,0.174666,1.0754,149,5.0598,0.4876,2.3954,0
2546,101.84,176.5227,44.1307,first_peak,0.727406,granular_texture,0.119206,0.182639,0.154697,0.543459,1.1198,147,5.1489,0.4129,1.4384,0
2547,101.88,176.592,44.148,first_peak,0.727758,granular_texture,0.146484,0.30176,0.151634,0.400122,1.1028,152,5.0286,0.4887,1.4285,0
2548,101.92,176.6613,44.1653,first_peak,0.72811,glassy_arps,0.204545,0.515193,0.191393,0.088869,1.0656,161,5.128,0.636,1.5621,0
2549,101.96,176.7307,44.1827,first_peak,0.728462,glassy_arps,0.178074,0.496332,0.245908,0.079687,1.0647,161,5.1135,0.5963,1.7451,0
2550,102.0,176.8,44.2,first_peak,0.728813,glassy_arps,0.150326,0.373199,0.268931,0.207544,1.0802,156,5.0104,0.5185,1.8226,0
2551,102.04,176.8693,44.2173,first_peak,0.729165,glassy_arps,0.210421,0.309742,0.271023,0.208815,1.0805,153,4.9581,0.5714,1.83,0
2552,102.08,176.9387,44.2347,first_peak,0.729517,tension_chords,0.412443,0.310433,0.206403,0.07072,1.0641,153,5.0469,0.8242,1.6139,0
2553,102.12,177.008,44.252,first_peak,0.729868,tension_chords,0.560262,0.23038,0.129908,0.079449,1.0653,150,5.1741,0.981,1.358,0
2554,102.16,177.0773,44.2693,first_peak,0.730219,tension_chords,0.457722,0.137365,0.106261,0.298652,1.0917,146,5.0885,0.8202,1.2792,0
2555,102.2,177.1467,44.2867,first_peak,0.730571,tension_chords,0.422349,0.121572,0.142607,0.313472,1.0937,145,5.06,0.7705,1.4014,0
2556,102.24,177.216,44.304,first_peak,0.730922,tension_chords,0.42305,0.1315,0.360837,0.084613,1.0664,146,5.0622,0.7748,2.1328,0
2557,102.28,177.2853,44.3213,first_peak,0.731273,broken_beat,0.357061,0.137716,0.448702,0.05652,1.0632,146,5.0856,0.6945,2.4276,0
2558,102.32,177.3547,44.3387,first_peak,0.731624,broken_beat,0.270979,0.184045,0.301772,0.243204,1.0857,148,4.9622,0.6031,1.9357,0
2559,102.36,177.424,44.356,first_peak,0.731974,granular_texture,0.210167,0.299742,0.139571,0.35052,1.0988,153,5.0052,0.5676,1.3927,0
2560,102.4,177.4933,44.3733,first_peak,0.732325,glassy_arps,0.221573,0.510217,0.134588,0.133622,1.0729,162,5.1425,0.6555,1.3764,0
2561,102.44,177.5627,44.3907,first_peak,0.732675,glassy_arps,0.185743,0.596424,0.149079,0.068754,1.0653,165,5.2174,0.6409,1.4254,0
2562,102.48,177.632,44.408,first_peak,0.733026,glassy_arps,0.11698,0.442829,0.188349,0.251843,1.0874,159,5.0884,0.5012,1.5573,1
2563,102.52,177.7013,44.4253,first_peak,0.733376,broken_beat,0.080291,0.275652,0.360983,0.283074,1.0913,152,5.0204,0.3968,2.136,0
2564,102.56,177.7707,44.4427,first_peak,0.733726,broken_beat,0.10564,0.253679,0.523924,0.116757,1.0715,151,5.1604,0.4208,2.6822,0
2565,102.6,177.84,44.46,first_peak,0.734076,broken_beat,0.186847,0.272972,0.456288,0.083893,1.0677,152,5.1045,0.5291,2.456,0
2566,102.64,177.9093,44.4773,first_peak,0.734426,granular_texture,0.204496,0.193823,0.194342,0.407339,1.1067,149,5.0644,0.5235,1.5789,0
2567,102.68,177.9787,44.4947,first_peak,0.734775,granular_texture,0.204352,0.143092,0.128343,0.524213,1.1209,147,5.1653,0.5055,1.3582,0
2568,102.72,178.048,44.512,first_peak,0.735125,tension_chords,0.379877,0.214855,0.197691,0.207577,1.0831,150,5.0442,0.75,1.5909,1
2569,102.76,178.1173,44.5293,first_peak,0.735474,tension_chords,0.390078,0.229386,0.316751,0.063784,1.066,150,5.0544,0.7679,1.9901,1
2570,102.8,178.1867,44.5467,first_peak,0.735823,broken_beat,0.275187,0.198068,0.366877,0.159868,1.0777,149,5.0363,0.6133,2.1584,0
2571,102.84,178.256,44.564,first_peak,0.736172,broken_beat,0.247808,0.221924,0.301666,0.228602,1.0861,150,4.9824,0.5874,1.9404,0
2572,102.88,178.3253,44.5813,first_peak,0.736521,tension_chords,0.359967,0.355577,0.167933,0.116523,1.0728,156,5.0335,0.7744,1.4927,0
2573,102.92,178.3947,44.5987,first_peak,0.736869,tension_chords,0.451034,0.401526,0.104083,0.043357,1.0642,158,5.1124,0.9043,1.2792,0
2574,102.96,178.464,44.616,first_peak,0.737217,tension_chords,0.417952,0.307657,0.091603,0.182788,1.0811,154,5.0859,0.8301,1.2378,0
2575,103.0,178.5333,44.6333,first_peak,0.737566,tension_chords,0.336192,0.228952,0.122867,0.311989,1.0967,151,5.0179,0.7004,1.3429,0
2576,103.04,178.6027,44.6507,first_peak,0.737914,broken_beat,0.314538,0.200209,0.330404,0.15485,1.078,150,5.0146,0.6632,2.0386,1
2577,103.08,178.672,44.668,first_peak,0.738261,broken_beat,0.267396,0.156751,0.520975,0.054877,1.0662,148,5.1781,0.5891,2.6774,0
2578,103.12,178.7413,44.6853,first_peak,0.738609,broken_beat,0.208468,0.148484,0.427807,0.215241,1.0856,148,5.1004,0.5126,2.3656,0
2579,103.16,178.8107,44.7027,first_peak,0.738956,granular_texture,0.162483,0.155515,0.187876,0.494127,1.1192,148,5.1584,0.4575,1.5622,0
2580,103.2,178.88,44.72,first_peak,0.739303,granular_texture,0.187575,0.268529,0.194784,0.349111,1.102,153,5.0366,0.5285,1.5858,0
2581,103.24,178.9493,44.7373,first_peak,0.73965,glassy_arps,0.202008,0.46454,0.236629,0.096823,1.0719,161,5.1363,0.6151,1.7263,0
2582,103.28,179.0187,44.7547,first_peak,0.739997,glassy_arps,0.12305,0.409522,0.254835,0.212593,1.0859,159,5.0911,0.4971,1.7877,1
2583,103.32,179.088,44.772,first_peak,0.740344,glassy_arps,0.088211,0.325306,0.302154,0.284328,1.0947,155,5.021,0.4241,1.9466,1
2584,103.36,179.1573,44.7893,first_peak,0.74069,glassy_arps,0.132862,0.394744,0.33662,0.135774,1.077,158,5.0816,0.5042,2.0624,0
2585,103.4,179.2267,44.8067,first_peak,0.741036,glassy_arps,0.227137,0.492048,0.232402,0.048413,1.0667,162,5.1658,0.6561,1.7137,0
2586,103.44,179.296,44.824,first_peak,0.741382,glassy_arps,0.292919,0.373936,0.130246,0.202899,1.0854,157,5.067,0.697,1.3718,0
2587,103.48,179.3653,44.8413,first_peak,0.741727,granular_texture,0.282721,0.176116,0.099193,0.44197,1.1142,149,5.1264,0.615,1.2682,0
2588,103.52,179.4347,44.8587,first_peak,0.742072,tension_chords,0.447779,0.16711,0.169307,0.215804,1.0872,149,5.1328,0.8182,1.5035,0
2589,103.56,179.504,44.876,first_peak,0.742417,tension_chords,0.464704,0.141793,0.339493,0.05401,1.068,148,5.1488,0.8305,2.074,1
2590,103.6,179.5733,44.8933,first_peak,0.742762,broken_beat,0.368382,0.108673,0.379226,0.14372,1.0789,146,5.0776,0.6985,2.2074,1
2591,103.64,179.6427,44.9107,first_peak,0.743107,tension_chords,0.330576,0.115913,0.256362,0.297149,1.0975,147,5.0378,0.6538,1.7962,0
2592,103.68,179.712,44.928,first_peak,0.743451,tension_chords,0.419208,0.231909,0.163502,0.185381,1.0842,152,5.1147,0.8052,1.4855,0
2593,103.72,179.7813,44.9453,first_peak,0.743795,tension_chords,0.411447,0.401347,0.131394,0.055812,1.0688,159,5.1096,0.8548,1.3783,0
2594,103.76,179.8507,44.9627,first_peak,0.744139,glassy_arps,0.273638,0.449161,0.100123,0.177078,1.0836,161,5.1432,0.6993,1.274,0
2595,103.8,179.92,44.98,first_peak,0.744482,glassy_arps,0.180293,0.386893,0.152114,0.280699,1.0961,158,5.0918,0.5608,1.4485,0
2596,103.84,179.9893,44.9973,first_peak,0.744826,glassy_arps,0.145254,0.36686,0.343732,0.144154,1.0799,158,5.0763,0.51,2.0908,0
2597,103.88,180.0587,45.0147,first_peak,0.745169,broken_beat,0.136716,0.34686,0.462862,0.053562,1.0692,157,5.1594,0.4923,2.4903,1
2598,103.92,180.128,45.032,first_peak,0.745511,broken_beat,0.146092,0.291016,0.317349,0.245544,1.0924,155,5.0373,0.4845,2.0032,1
2599,103.96,180.1973,45.0493,first_peak,0.745854,granular_texture,0.131464,0.189096,0.156836,0.522604,1.1258,150,5.2133,0.4305,1.4658,0
2600,104.0,180.2667,45.0667,first_peak,0.746196,granular_texture,0.193313,0.231752,0.207041,0.367894,1.1074,152,5.0833,0.5228,1.6344,0
2601,104.04,180.336,45.084,first_peak,0.746538,broken_beat,0.281268,0.280121,0.332151,0.10646,1.0762,154,5.0544,0.6496,2.0539,0
2602,104.08,180.4053,45.1013,first_peak,0.746879,broken_beat,0.19463,0.171017,0.42059,0.213762,1.0892,150,5.1311,0.5031,2.3505,0
2603,104.12,180.4747,45.1187,first_peak,0.74722,broken_beat,0.174641,0.181888,0.35298,0.290491,1.0986,150,5.0752,0.482,2.1244,0
2604,104.16,180.544,45.136,first_peak,0.747561,glassy_arps,0.282995,0.301825,0.281106,0.134073,1.08,155,5.0332,0.6594,1.884,1
2605,104.2,180.6133,45.1533,first_peak,0.747902,tension_chords,0.417508,0.397651,0.139511,0.04533,1.0695,159,5.133,0.8611,1.4101,0
2606,104.24,180.6827,45.1707,first_peak,0.748242,tension_chords,0.376705,0.36665,0.090243,0.166403,1.0842,158,5.0999,0.7992,1.2454,0
2607,104.28,180.752,45.188,first_peak,0.748582,granular_texture,0.300743,0.281026,0.078841,0.33939,1.1051,155,5.0697,0.6743,1.2076,0
2608,104.32,180.8213,45.2053,first_peak,0.748922,tension_chords,0.382422,0.280596,0.201104,0.135878,1.0808,155,5.1078,0.7762,1.6175,0
2609,104.36,180.8907,45.2227,first_peak,0.749261,broken_beat,0.342373,0.178241,0.438844,0.040541,1.0695,150,5.1572,0.6904,2.4143,0
2610,104.4,180.96,45.24,first_peak,0.7496,broken_beat,0.310566,0.125957,0.386897,0.17658,1.086,148,5.1146,0.6323,2.2407,0
2611,104.44,181.0293,45.2573,first_peak,0.749939,granular_texture,0.298175,0.124844,0.207512,0.369468,1.1093,148,5.1013,0.6164,1.6401,1
2612,104.48,181.0987,45.2747,first_peak,0.750277,tension_chords,0.389514,0.206051,0.190246,0.214189,1.0908,152,5.1198,0.759,1.5826,1
2613,104.52,181.168,45.292,first_peak,0.750615,tension_chords,0.37268,0.295421,0.231263,0.100636,1.0774,155,5.107,0.7692,1.7204,0
2614,104.56,181.2373,45.3093,first_peak,0.750953,granular_texture,0.179751,0.262432,0.194967,0.36285,1.109,154,5.1002,0.5165,1.5992,0
2615,104.6,181.3067,45.3267,first_peak,0.75129,granular_texture,0.097586,0.268925,0.297033,0.336457,1.106,154,5.0792,0.4161,1.9415,0
2616,104.64,181.376,45.344,first_peak,0.751627,broken_beat,0.086004,0.354153,0.46069,0.099154,1.0776,158,5.1863,0.4315,2.4901,0
2617,104.68,181.4453,45.3613,first_peak,0.751963,glassy_arps,0.105923,0.477442,0.36417,0.052464,1.0722,163,5.2021,0.4995,2.1671,0
2618,104.72,181.5147,45.3787,first_peak,0.7523,glassy_arps,0.126763,0.459519,0.148175,0.265543,1.0979,163,5.1883,0.5193,1.4439,0
2619,104.76,181.584,45.396,first_peak,0.752635,granular_texture,0.153887,0.346832,0.115444,0.383837,1.1123,158,5.1255,0.5137,1.3346,0
2620,104.8,181.6533,45.4133,first_peak,0.752971,glassy_arps,0.294801,0.353684,0.179589,0.171926,1.087,158,5.1014,0.6923,1.5499,0
2621,104.84,181.7227,45.4307,first_peak,0.753306,tension_chords,0.3681,0.210453,0.345109,0.076338,1.0757,152,5.1151,0.7338,2.1048,0
2622,104.88,181.792,45.448,first_peak,0.753641,broken_beat,0.283019,0.108681,0.374114,0.234185,1.0948,148,5.1217,0.5918,2.2023,0
2623,104.92,181.8613,45.4653,first_peak,0.753975,broken_beat,0.307955,0.099462,0.320069,0.272513,1.0995,148,5.0772,0.6198,2.0216,0
2624,104.96,181.9307,45.4827,first_peak,0.754309,tension_chords,0.517301,0.160634,0.226633,0.095431,1.0784,150,5.2464,0.9028,1.709,0
2625,105.0,182.0,45.5,first_peak,0.754643,tension_chords,0.590425,0.223166,0.122648,0.06376,1.0748,153,5.31,1.0161,1.361,0
2626,105.04,182.0693,45.5173,first_peak,0.754976,tension_chords,0.410571,0.246538,0.089316,0.253576,1.0977,154,5.1586,0.7995,1.2497,0
2627,105.08,182.1387,45.5347,first_peak,0.755309,granular_texture,0.282741,0.29375,0.124658,0.298851,1.1033,156,5.0651,0.6562,1.3684,0
2628,105.12,182.208,45.552,first_peak,0.755641,glassy_arps,0.249929,0.402471,0.290552,0.057048,1.0744,161,5.1547,0.6533,1.9246,0
2629,105.16,182.2773,45.5693,first_peak,0.755973,glassy_arps,0.199713,0.411558,0.33525,0.05348,1.0742,161,5.1639,0.5937,2.0747,0
2630,105.2,182.3467,45.5867,first_peak,0.756305,glassy_arps,0.175519,0.311676,0.223185,0.289621,1.1027,157,5.0805,0.5285,1.6996,0
2631,105.24,182.416,45.604,first_peak,0.756636,granular_texture,0.186231,0.26728,0.159133,0.387356,1.1145,155,5.1463,0.5263,1.4854,0
2632,105.28,182.4853,45.6213,first_peak,0.756967,glassy_arps,0.26374,0.331749,0.262502,0.142009,1.0852,158,5.1005,0.6458,1.832,0
2633,105.32,182.5547,45.6387,first_peak,0.757297,broken_beat,0.219121,0.274083,0.307239,0.199556,1.0923,156,5.0811,0.5698,1.9823,1
2634,105.36,182.624,45.656,first_peak,0.757627,granular_texture,0.103401,0.130037,0.316728,0.449835,1.1225,150,5.2038,0.3748,2.0144,1
2635,105.4,182.6933,45.6733,first_peak,0.757957,broken_beat,0.117399,0.149139,0.452751,0.280711,1.1023,150,5.2077,0.3989,2.4705,0
2636,105.44,182.7627,45.6907,first_peak,0.758286,broken_beat,0.210031,0.299054,0.41991,0.071005,1.0773,157,5.1813,0.5672,2.3608,0
2637,105.48,182.832,45.708,first_peak,0.758614,glassy_arps,0.241677,0.463955,0.169915,0.124453,1.0839,164,5.2202,0.6645,1.5237,0
2638,105.52,182.9013,45.7253,first_peak,0.758943,glassy_arps,0.203247,0.41652,0.089306,0.290928,1.104,162,5.1813,0.5998,1.254,0
2639,105.56,182.9707,45.7427,first_peak,0.75927,glassy_arps,0.27177,0.415025,0.104881,0.208324,1.0943,162,5.1815,0.685,1.3065,0
2640,105.6,183.04,45.76,first_peak,0.759598,glassy_arps,0.345423,0.373642,0.235756,0.045179,1.0748,160,5.1478,0.7626,1.7453,1
2641,105.64,183.1093,45.7773,first_peak,0.759925,broken_beat,0.322719,0.228945,0.334557,0.11378,1.0832,154,5.116,0.6835,2.0767,1
2642,105.68,183.1787,45.7947,first_peak,0.760251,tension_chords,0.312962,0.139058,0.272279,0.275702,1.1028,150,5.0991,0.6399,1.8684,0
2643,105.72,183.248,45.812,first_peak,0.760577,tension_chords,0.457433,0.146906,0.19118,0.204481,1.0944,151,5.2234,0.8232,1.5971,0
2644,105.76,183.3173,45.8293,first_peak,0.760902,tension_chords,0.591344,0.178832,0.161623,0.068201,1.0782,152,5.3387,1.0018,1.4984,0
2645,105.8,183.3867,45.8467,first_peak,0.761227,tension_chords,0.493382,0.156391,0.139587,0.21064,1.0954,151,5.2568,0.8715,1.425,0
2646,105.84,183.456,45.864,first_peak,0.761552,granular_texture,0.281063,0.145829,0.182288,0.39082,1.1172,151,5.1711,0.6024,1.5684,0
2647,105.88,183.5253,45.8813,first_peak,0.761876,broken_beat,0.189575,0.227704,0.414469,0.168252,1.0907,154,5.1926,0.5167,2.3465,1
2648,105.92,183.5947,45.8987,first_peak,0.7622,broken_beat,0.150569,0.357435,0.443288,0.048707,1.0765,160,5.2186,0.5133,2.4434,1
2649,105.96,183.664,45.916,first_peak,0.762523,glassy_arps,0.114805,0.440498,0.229866,0.214831,1.0965,163,5.2177,0.4977,1.7288,0
2650,106.0,183.7333,45.9333,first_peak,0.762846,glassy_arps,0.096152,0.435358,0.112898,0.355592,1.1136,163,5.2147,0.4726,1.3373,0
2651,106.04,183.8027,45.9507,first_peak,0.763168,glassy_arps,0.140126,0.543265,0.157532,0.159077,1.0901,168,5.3079,0.5653,1.4872,0
2652,106.08,183.872,45.968,first_peak,0.763489,glassy_arps,0.188907,0.469142,0.254066,0.087885,1.0818,165,5.2463,0.6003,1.811,0
2653,106.12,183.9413,45.9853,first_peak,0.763811,broken_beat,0.13752,0.176247,0.361203,0.32503,1.1104,152,5.156,0.4336,2.1702,0
2654,106.16,184.0107,46.0027,first_peak,0.764131,broken_beat,0.151413,0.101901,0.43407,0.312616,1.109,149,5.2193,0.4249,2.4147,1
2655,106.2,184.08,46.02,first_peak,0.764451,broken_beat,0.371698,0.153745,0.372442,0.102115,1.0839,152,5.1684,0.7184,2.2086,1
2656,106.24,184.1493,46.0373,first_peak,0.764771,tension_chords,0.548993,0.181437,0.182702,0.086869,1.0822,153,5.3199,0.9497,1.5733,0
2657,106.28,184.2187,46.0547,first_peak,0.76509,tension_chords,0.410325,0.16749,0.112214,0.30997,1.1091,152,5.2034,0.7715,1.3375,0
2658,106.32,184.288,46.072,first_peak,0.765409,tension_chords,0.379606,0.229621,0.113938,0.276835,1.1053,155,5.1787,0.7549,1.3436,0
2659,106.36,184.3573,46.0893,first_peak,0.765727,tension_chords,0.379593,0.324236,0.241112,0.055058,1.0788,159,5.1801,0.788,1.77,0
2660,106.4,184.4267,46.1067,first_peak,0.766045,broken_beat,0.291785,0.312416,0.327847,0.067952,1.0805,158,5.1376,0.6741,2.0609,0
2661,106.44,184.496,46.124,first_peak,0.766362,glassy_arps,0.23451,0.278252,0.257627,0.22961,1.1001,157,5.0968,0.5905,1.826,0
2662,106.48,184.5653,46.1413,first_peak,0.766678,glassy_arps,0.284634,0.351707,0.139365,0.224295,1.0996,160,5.1607,0.6789,1.4302,0
2663,106.52,184.6347,46.1587,first_peak,0.766994,glassy_arps,0.365682,0.407685,0.156438,0.070196,1.0812,163,5.2097,0.7998,1.4878,0
2664,106.56,184.704,46.176,first_peak,0.76731,tension_chords,0.33821,0.271885,0.191842,0.198062,1.0967,157,5.152,0.7179,1.6067,0
2665,106.6,184.7733,46.1933,first_peak,0.767625,granular_texture,0.176395,0.141016,0.251482,0.431107,1.1248,152,5.2324,0.4698,1.8069,0
2666,106.64,184.8427,46.2107,first_peak,0.767939,broken_beat,0.127585,0.13691,0.466927,0.268578,1.1055,151,5.2642,0.4074,2.5289,0
2667,106.68,184.912,46.228,first_peak,0.768253,broken_beat,0.147985,0.199413,0.582078,0.070524,1.0819,154,5.3635,0.4548,2.915,0
2668,106.72,184.9813,46.2453,first_peak,0.768566,broken_beat,0.151375,0.28365,0.299833,0.265141,1.1054,158,5.125,0.4885,1.9699,0
2669,106.76,185.0507,46.2627,first_peak,0.768879,granular_texture,0.125426,0.324086,0.125541,0.424947,1.1247,159,5.2327,0.4702,1.3863,0
2670,106.8,185.12,46.28,first_peak,0.769191,glassy_arps,0.176137,0.515949,0.137371,0.170543,1.0943,168,5.3115,0.6008,1.4263,0
2671,106.84,185.1893,46.2973,first_peak,0.769502,glassy_arps,0.19546,0.56747,0.189007,0.048063,1.0797,170,5.3566,0.6429,1.5996,0
2672,106.88,185.2587,46.3147,first_peak,0.769813,glassy_arps,0.18277,0.359981,0.27562,0.18163,1.0959,161,5.1817,0.5545,1.8901,0
2673,106.92,185.328,46.332,first_peak,0.770124,granular_texture,0.213571,0.214749,0.264757,0.306924,1.1111,155,5.1379,0.5421,1.8541,0
2674,106.96,185.3973,46.3493,first_peak,0.770434,tension_chords,0.451619,0.222723,0.223636,0.102022,1.0866,155,5.2623,0.8425,1.7167,0
2675,107.0,185.4667,46.3667,first_peak,0.770743,tension_chords,0.632372,0.166923,0.134201,0.066504,1.0825,153,5.4173,1.0489,1.4174,0
2676,107.04,185.536,46.384,first_peak,0.771052,tension_chords,0.495866,0.117736,0.105517,0.280882,1.1084,151,5.3027,0.861,1.3216,0
2677,107.08,185.6053,46.4013,first_peak,0.77136,tension_chords,0.418445,0.119296,0.160822,0.301437,1.111,151,5.2382,0.7648,1.5072,0
2678,107.12,185.6747,46.4187,first_peak,0.771667,tension_chords,0.395672,0.154872,0.382637,0.066819,1.083,153,5.2202,0.7488,2.2507,0
2679,107.16,185.744,46.436,first_peak,0.771974,broken_beat,0.288034,0.221934,0.402887,0.087145,1.0856,156,5.2277,0.6377,2.3188,0
2680,107.2,185.8133,46.4533,first_peak,0.77228,granular_texture,0.184364,0.309154,0.1867,0.319782,1.1136,159,5.1585,0.5387,1.595,0
2681,107.24,185.8827,46.4707,first_peak,0.772586,glassy_arps,0.176901,0.457772,0.116902,0.248425,1.1052,166,5.2771,0.5813,1.3615,0
2682,107.28,185.952,46.488,first_peak,0.772891,glassy_arps,0.177368,0.610613,0.147043,0.064977,1.0833,172,5.4084,0.6354,1.4628,0
2683,107.32,186.0213,46.5053,first_peak,0.773196,glassy_arps,0.136244,0.500252,0.198054,0.16545,1.0955,167,5.3159,0.5454,1.634,1
2684,107.36,186.0907,46.5227,first_peak,0.773499,granular_texture,0.087241,0.247483,0.326058,0.339218,1.1165,157,5.1804,0.3957,2.0631,1
2685,107.4,186.16,46.54,first_peak,0.773803,broken_beat,0.109687,0.192856,0.484941,0.212516,1.1015,155,5.3056,0.4046,2.5957,0
2686,107.44,186.2293,46.5573,first_peak,0.774105,broken_beat,0.212366,0.226337,0.47994,0.081356,1.0859,156,5.3027,0.5447,2.5793,0
2687,107.48,186.2987,46.5747,first_peak,0.774407,granular_texture,0.258323,0.199871,0.204595,0.337212,1.1167,155,5.1827,0.5929,1.6572,0
2688,107.52,186.368,46.592,first_peak,0.774709,granular_texture,0.257949,0.156163,0.133559,0.452329,1.1306,153,5.2819,0.5771,1.4196,0
2689,107.56,186.4373,46.6093,first_peak,0.775009,tension_chords,0.398887,0.25087,0.188548,0.161695,1.0959,157,5.2378,0.7864,1.6041,0
2690,107.6,186.5067,46.6267,first_peak,0.775309,broken_beat,0.341355,0.26105,0.346647,0.050948,1.0828,158,5.1948,0.7181,2.1341,1
2691,107.64,186.576,46.644,first_peak,0.775609,broken_beat,0.248977,0.235246,0.338001,0.177776,1.0981,157,5.1888,0.5936,2.1055,1
2692,107.68,186.6453,46.6613,first_peak,0.775908,glassy_arps,0.265402,0.277426,0.193771,0.263402,1.1085,158,5.1386,0.6289,1.6226,0
2693,107.72,186.7147,46.6787,first_peak,0.776206,tension_chords,0.412264,0.398095,0.12279,0.06685,1.0851,164,5.2545,0.8547,1.3852,0
2694,107.76,186.784,46.696,first_peak,0.776503,tension_chords,0.477864,0.340683,0.108207,0.073247,1.086,161,5.3116,0.9166,1.3366,0
2695,107.8,186.8533,46.7133,first_peak,0.7768,tension_chords,0.386488,0.208587,0.107714,0.297211,1.113,156,5.2353,0.7561,1.3353,0
2696,107.84,186.9227,46.7307,first_peak,0.777096,tension_chords,0.311163,0.159157,0.27099,0.258689,1.1085,154,5.1726,0.6447,1.8826,0
2697,107.88,186.992,46.748,first_peak,0.777392,broken_beat,0.242888,0.137207,0.56543,0.054475,1.0841,153,5.39,0.5516,2.8693,0
2698,107.92,187.0613,46.7653,first_peak,0.777686,broken_beat,0.192746,0.148104,0.491048,0.168101,1.0979,153,5.3281,0.4928,2.6205,1
2699,107.96,187.1307,46.7827,first_peak,0.777981,granular_texture,0.133342,0.153791,0.163437,0.549431,1.1438,154,5.379,0.4205,1.5233,1
2700,108.0,187.2,46.8,first_peak,0.778274,glassy_arps,0.168622,0.33878,0.184427,0.308172,1.115,161,5.2013,0.5293,1.5939,0
2701,108.04,187.2693,46.8173,first_peak,0.778567,glassy_arps,0.169387,0.543352,0.205866,0.081394,1.0879,170,5.3765,0.6019,1.6661,0
2702,108.08,187.3387,46.8347,first_peak,0.778859,glassy_arps,0.108004,0.430659,0.253817,0.20752,1.1032,165,5.282,0.4857,1.827,0
2703,108.12,187.408,46.852,first_peak,0.77915,glassy_arps,0.095959,0.332629,0.309574,0.261838,1.1098,161,5.2,0.4364,2.0141,0
2704,108.16,187.4773,46.8693,first_peak,0.779441,glassy_arps,0.176504,0.402806,0.327871,0.09282,1.0897,164,5.2609,0.5616,2.0758,0
2705,108.2,187.5467,46.8867,first_peak,0.779731,glassy_arps,0.330962,0.404709,0.198878,0.065451,1.0865,164,5.2638,0.7554,1.6439,1
2706,108.24,187.616,46.904,first_peak,0.78002,tension_chords,0.342646,0.199668,0.115505,0.342181,1.1199,156,5.2123,0.6982,1.365,0
2707,108.28,187.6853,46.9213,first_peak,0.780309,tension_chords,0.397884,0.140349,0.123257,0.33851,1.1196,153,5.2606,0.7465,1.3913,0
2708,108.32,187.7547,46.9387,first_peak,0.780597,tension_chords,0.499329,0.147768,0.279435,0.073469,1.0879,154,5.3481,0.8759,1.9148,0
2709,108.36,187.824,46.956,first_peak,0.780884,tension_chords,0.402069,0.117767,0.399092,0.081071,1.0889,153,5.2667,0.7438,2.3159,0
2710,108.4,187.8933,46.9733,first_peak,0.78117,tension_chords,0.319242,0.124764,0.278204,0.27779,1.1127,153,5.1976,0.6427,1.9113,0
2711,108.44,187.9627,46.9907,first_peak,0.781456,tension_chords,0.351794,0.239964,0.154573,0.253669,1.1099,158,5.2265,0.7237,1.4974,0
2712,108.48,188.032,47.008,first_peak,0.781741,glassy_arps,0.362362,0.46399,0.121509,0.052139,1.0859,167,5.3231,0.8153,1.387,0
2713,108.52,188.1013,47.0253,first_peak,0.782025,glassy_arps,0.250366,0.507604,0.10125,0.140779,1.0966,169,5.3615,0.6906,1.3194,0
2714,108.56,188.1707,47.0427,first_peak,0.782309,glassy_arps,0.168319,0.370538,0.170282,0.29086,1.1148,163,5.2462,0.5401,1.551,0
2715,108.6,188.24,47.06,first_peak,0.782591,broken_beat,0.136927,0.33008,0.400991,0.132002,1.0958,162,5.2734,0.4867,2.3242,0
2716,108.64,188.3093,47.0773,first_peak,0.782873,broken_beat,0.142313,0.300963,0.492966,0.063757,1.0878,161,5.3528,0.4832,2.6326,0
2717,108.68,188.3787,47.0947,first_peak,0.783155,granular_texture,0.141844,0.21598,0.244442,0.397734,1.128,157,5.2731,0.4529,1.8003,0
2718,108.72,188.448,47.112,first_peak,0.783435,granular_texture,0.125519,0.155856,0.139024,0.579601,1.1499,154,5.4289,0.4114,1.4475,0
2719,108.76,188.5173,47.1293,first_peak,0.783715,glassy_arps,0.271006,0.28449,0.264932,0.179572,1.1021,160,5.1793,0.6383,1.8696,1
2720,108.8,188.5867,47.1467,first_peak,0.783994,broken_beat,0.255741,0.235005,0.393829,0.115426,1.0945,158,5.2735,0.6019,2.3017,1
2721,108.84,188.656,47.164,first_peak,0.784272,broken_beat,0.175536,0.198459,0.349867,0.276138,1.1139,156,5.2374,0.4889,2.1548,0
2722,108.88,188.7253,47.1813,first_peak,0.78455,broken_beat,0.229881,0.279814,0.290459,0.199846,1.1049,160,5.1881,0.5853,1.956,0
2723,108.92,188.7947,47.1987,first_peak,0.784826,glassy_arps,0.395748,0.401424,0.15774,0.045089,1.0864,165,5.2837,0.8352,1.5117,0
2724,108.96,188.864,47.216,first_peak,0.785102,tension_chords,0.407383,0.37111,0.089759,0.131748,1.097,164,5.29,0.8391,1.2843,0
2725,109.0,188.9333,47.2333,first_peak,0.785378,tension_chords,0.326883,0.275115,0.07971,0.318292,1.1195,160,5.2228,0.7049,1.2509,0
2726,109.04,189.0027,47.2507,first_peak,0.785652,tension_chords,0.38998,0.246513,0.218436,0.145072,1.0988,159,5.2776,0.7738,1.716,1
2727,109.08,189.072,47.268,first_peak,0.785926,broken_beat,0.352952,0.154569,0.450663,0.041815,1.0865,155,5.3304,0.6953,2.4942,1
2728,109.12,189.1413,47.2853,first_peak,0.786198,broken_beat,0.313351,0.117857,0.357043,0.211749,1.1071,153,5.2521,0.6329,2.1809,0
2729,109.16,189.2107,47.3027,first_peak,0.78647,granular_texture,0.296429,0.131645,0.184797,0.387129,1.1282,154,5.2789,0.6166,1.6042,0
2730,109.2,189.28,47.32,first_peak,0.786742,tension_chords,0.387214,0.242381,0.204721,0.165684,1.1018,159,5.2801,0.7689,1.6712,0
2731,109.24,189.3493,47.3373,first_peak,0.787012,glassy_arps,0.297974,0.344867,0.218648,0.138511,1.0986,163,5.2453,0.6932,1.7182,0
2732,109.28,189.4187,47.3547,first_peak,0.787282,granular_texture,0.123623,0.290858,0.226591,0.358928,1.1252,161,5.2585,0.4563,1.7451,0
2733,109.32,189.488,47.372,first_peak,0.78755,broken_beat,0.078878,0.312712,0.39464,0.213771,1.1079,162,5.29,0.408,2.3083,0
2734,109.36,189.5573,47.3893,first_peak,0.787818,broken_beat,0.091415,0.426853,0.435464,0.046268,1.0879,167,5.3259,0.4637,2.4454,1
2735,109.4,189.6267,47.4067,first_peak,0.788086,glassy_arps,0.130934,0.508188,0.206059,0.154819,1.1011,170,5.3889,0.5415,1.6772,1
2736,109.44,189.696,47.424,first_peak,0.788352,granular_texture,0.142098,0.333752,0.110332,0.413818,1.1323,163,5.3099,0.4944,1.3568,0
2737,109.48,189.7653,47.4413,first_peak,0.788618,glassy_arps,0.261629,0.311034,0.152502,0.274835,1.1157,162,5.2237,0.6359,1.4984,0
2738,109.52,189.8347,47.4587,first_peak,0.788882,tension_chords,0.389798,0.212778,0.32697,0.070453,1.0913,158,5.2919,0.7617,2.0831,0
2739,109.56,189.904,47.476,first_peak,0.789146,broken_beat,0.295024,0.10945,0.384606,0.21092,1.1083,153,5.2886,0.6071,2.2765,0
2740,109.6,189.9733,47.4933,first_peak,0.789409,broken_beat,0.303281,0.09569,0.328602,0.272428,1.1158,153,5.2422,0.6126,2.0892,0
2741,109.64,190.0427,47.5107,first_peak,0.789671,tension_chords,0.525754,0.174955,0.209589,0.089702,1.094,156,5.4109,0.9184,1.6908,1
2742,109.68,190.112,47.528,first_peak,0.789933,tension_chords,0.566141,0.247892,0.113976,0.071992,1.092,159,5.4464,0.9944,1.3707,0
2743,109.72,190.1813,47.5453,first_peak,0.790193,tension_chords,0.358355,0.254688,0.080854,0.306103,1.1202,160,5.271,0.7371,1.2601,0
2744,109.76,190.2507,47.5627,first_peak,0.790453,glassy_arps,0.276986,0.338419,0.165232,0.219364,1.1099,163,5.2552,0.6647,1.543,0
2745,109.8,190.32,47.58,first_peak,0.790712,glassy_arps,0.223888,0.413249,0.3263,0.036562,1.0881,166,5.3199,0.6245,2.0829,0
2746,109.84,190.3893,47.5973,first_peak,0.79097,glassy_arps,0.192211,0.369835,0.314266,0.123687,1.0987,165,5.2842,0.5697,2.0429,0
2747,109.88,190.4587,47.6147,first_peak,0.791227,granular_texture,0.170266,0.255198,0.173276,0.40126,1.1321,160,5.312,0.5022,1.5708,0
2748,109.92,190.528,47.632,first_peak,0.791483,glassy_arps,0.229239,0.288728,0.208825,0.273208,1.1169,161,5.2175,0.5876,1.6902,1
2749,109.96,190.5973,47.6493,first_peak,0.791738,glassy_arps,0.257746,0.317699,0.299714,0.124841,1.0992,163,5.2433,0.6334,1.995,1
2750,110.0,190.6667,47.6667,first_peak,0.791993,granular_texture,0.122549,0.15454,0.305972,0.416938,1.1343,156,5.3288,0.4073,2.0162,0
2751,110.04,190.736,47.684,first_peak,0.792246,broken_beat,0.104362,0.13534,0.422777,0.337521,1.1249,155,5.3349,0.3778,2.4078,0
2752,110.08,190.8053,47.7013,first_peak,0.792499,broken_beat,0.191569,0.276248,0.446357,0.085826,1.0948,161,5.356,0.5361,2.487,0
2753,110.12,190.8747,47.7187,first_peak,0.792751,glassy_arps,0.244218,0.471815,0.182509,0.101459,1.0968,169,5.3788,0.6704,1.6034,0
2754,110.16,190.944,47.736,first_peak,0.793002,glassy_arps,0.202211,0.423149,0.087217,0.287423,1.1193,167,5.3385,0.6009,1.2845,0
2755,110.2,191.0133,47.7533,first_peak,0.793252,glassy_arps,0.274775,0.412616,0.105231,0.207378,1.1098,167,5.3307,0.6879,1.3451,0
2756,110.24,191.0827,47.7707,first_peak,0.793501,glassy_arps,0.349169,0.354955,0.25308,0.042797,1.0901,164,5.2828,0.7607,1.8407,1
2757,110.28,191.152,47.788,first_peak,0.793749,broken_beat,0.318707,0.201067,0.336189,0.144038,1.1024,158,5.2679,0.6688,2.1194,0
2758,110.32,191.2213,47.8053,first_peak,0.793996,tension_chords,0.33244,0.128305,0.248993,0.290262,1.1201,155,5.2659,0.6605,1.8275,0
2759,110.36,191.2907,47.8227,first_peak,0.794243,tension_chords,0.53004,0.158813,0.173743,0.137405,1.1018,156,5.4349,0.9181,1.5757,0
2760,110.4,191.36,47.84,first_peak,0.794488,tension_chords,0.588683,0.175679,0.157565,0.078073,1.0948,157,5.4859,0.9973,1.5218,0
2761,110.44,191.4293,47.8573,first_peak,0.794733,tension_chords,0.395424,0.140501,0.132337,0.331738,1.1254,156,5.3227,0.7435,1.4375,0
2762,110.48,191.4987,47.8747,first_peak,0.794976,granular_texture,0.217805,0.172982,0.290117,0.319095,1.124,157,5.2589,0.5328,1.9664,0
2763,110.52,191.568,47.892,first_peak,0.795219,broken_beat,0.167586,0.303811,0.475894,0.052709,1.0921,162,5.3932,0.5158,2.589,1
2764,110.56,191.6373,47.9093,first_peak,0.795461,glassy_arps,0.12924,0.432761,0.316508,0.121492,1.1005,168,5.3576,0.513,2.0553,1
2765,110.6,191.7067,47.9267,first_peak,0.795702,glassy_arps,0.094465,0.429356,0.120595,0.355585,1.1287,168,5.3558,0.4684,1.3993,0
2766,110.64,191.776,47.944,first_peak,0.795942,glassy_arps,0.12374,0.52116,0.139766,0.215334,1.112,172,5.4349,0.5371,1.4638,0
2767,110.68,191.8453,47.9613,first_peak,0.796181,glassy_arps,0.18077,0.508105,0.229891,0.081234,1.096,171,5.4249,0.6038,1.7659,0
2768,110.72,191.9147,47.9787,first_peak,0.796419,broken_beat,0.140087,0.197936,0.357705,0.304272,1.1229,158,5.2981,0.4444,2.1944,0
2769,110.76,191.984,47.996,first_peak,0.796656,broken_beat,0.14252,0.09966,0.431693,0.326127,1.1256,154,5.3621,0.413,2.4425,0
2770,110.8,192.0533,48.0133,first_peak,0.796892,tension_chords,0.37851,0.155448,0.37199,0.094052,1.0979,156,5.3179,0.7275,2.2427,1
2771,110.84,192.1227,48.0307,first_peak,0.797127,tension_chords,0.545415,0.178634,0.169638,0.106313,1.0994,157,5.4608,0.9443,1.5651,1
2772,110.88,192.192,48.048,first_peak,0.797361,tension_chords,0.390296,0.164775,0.105002,0.339927,1.1276,157,5.33,0.7455,1.3489,0
2773,110.92,192.2613,48.0653,first_peak,0.797595,tension_chords,0.395618,0.253748,0.134984,0.21565,1.1128,161,5.3356,0.7833,1.4495,0
2774,110.96,192.3307,48.0827,first_peak,0.797827,tension_chords,0.356132,0.322231,0.283341,0.038296,1.0916,164,5.303,0.7579,1.9468,0
2775,111.0,192.4,48.1,first_peak,0.798058,broken_beat,0.262532,0.291383,0.303619,0.142466,1.1042,162,5.2594,0.6301,2.015,0
2776,111.04,192.4693,48.1173,first_peak,0.798289,glassy_arps,0.245738,0.294545,0.193958,0.26576,1.1191,163,5.2527,0.6103,1.6479,0
2777,111.08,192.5387,48.1347,first_peak,0.798518,glassy_arps,0.33842,0.412776,0.129809,0.118995,1.1016,168,5.3543,0.7675,1.4332,0
2778,111.12,192.608,48.152,first_peak,0.798746,tension_chords,0.377976,0.358301,0.174484,0.089239,1.0981,165,5.3257,0.7979,1.5831,1
2779,111.16,192.6773,48.1693,first_peak,0.798974,granular_texture,0.231161,0.169945,0.205708,0.393186,1.1347,157,5.3396,0.5484,1.688,0
2780,111.2,192.7467,48.1867,first_peak,0.7992,broken_beat,0.140161,0.130113,0.402233,0.327494,1.1269,156,5.3483,0.4207,2.3466,0
2781,111.24,192.816,48.204,first_peak,0.799425,broken_beat,0.144405,0.178334,0.603688,0.073573,1.0966,158,5.5206,0.4429,3.0217,0
2782,111.28,192.8853,48.2213,first_peak,0.79965,broken_beat,0.157283,0.261252,0.354027,0.227438,1.1151,161,5.3094,0.488,2.1856,0
2783,111.32,192.9547,48.2387,first_peak,0.799873,granular_texture,0.122358,0.298454,0.130327,0.44886,1.1418,163,5.391,0.4574,1.4365,0
2784,111.36,193.024,48.256,first_peak,0.800096,glassy_arps,0.171757,0.501741,0.141454,0.185048,1.1102,171,5.4369,0.5903,1.474,0
2785,111.4,193.0933,48.2733,first_peak,0.800317,glassy_arps,0.189332,0.564025,0.197212,0.049431,1.0941,174,5.4908,0.6341,1.661,1
2786,111.44,193.1627,48.2907,first_peak,0.800537,glassy_arps,0.171216,0.361832,0.276375,0.190577,1.1111,166,5.3199,0.5407,1.9264,0
2787,111.48,193.232,48.308,first_peak,0.800757,granular_texture,0.223505,0.231019,0.261396,0.284081,1.1224,160,5.2548,0.5602,1.8765,0
2788,111.52,193.3013,48.3253,first_peak,0.800975,tension_chords,0.500574,0.236191,0.194939,0.068297,1.0966,160,5.4398,0.9084,1.6541,0
2789,111.56,193.3707,48.3427,first_peak,0.801192,tension_chords,0.612593,0.154754,0.121777,0.110875,1.1019,157,5.536,1.0199,1.4093,0
2790,111.6,193.44,48.36,first_peak,0.801408,tension_chords,0.447232,0.110008,0.103698,0.339063,1.1293,155,5.3964,0.7975,1.3489,0
2791,111.64,193.5093,48.3773,first_peak,0.801624,tension_chords,0.433049,0.127188,0.251411,0.188352,1.1113,156,5.3853,0.7858,1.844,1
2792,111.68,193.5787,48.3947,first_peak,0.801838,broken_beat,0.360123,0.156254,0.43704,0.046583,1.0944,157,5.3897,0.7048,2.4661,1
2793,111.72,193.648,48.412,first_peak,0.802051,broken_beat,0.241002,0.233845,0.289487,0.235665,1.1172,161,5.2652,0.5831,1.972,0
2794,111.76,193.7173,48.4293,first_peak,0.802263,glassy_arps,0.177696,0.356726,0.118946,0.346632,1.1306,166,5.3233,0.547,1.401,0
2795,111.8,193.7867,48.4467,first_peak,0.802474,glassy_arps,0.195779,0.580253,0.134539,0.08943,1.0999,175,5.5142,0.6478,1.4534,0
2796,111.84,193.856,48.464,first_peak,0.802684,glassy_arps,0.154885,0.580168,0.161212,0.103734,1.1017,175,5.5151,0.5967,1.543,0
2797,111.88,193.9253,48.4813,first_peak,0.802893,granular_texture,0.086948,0.298556,0.297989,0.316507,1.1273,163,5.2919,0.4132,2.0014,0
2798,111.92,193.9947,48.4987,first_peak,0.803101,broken_beat,0.09536,0.215487,0.474997,0.214156,1.1151,160,5.4275,0.3946,2.5947,0
2799,111.96,194.064,48.516,first_peak,0.803307,broken_beat,0.184326,0.23698,0.501555,0.077139,1.0988,161,5.451,0.5134,2.6838,1
2800,112.0,194.1333,48.5333,first_peak,0.803513,granular_texture,0.223097,0.189683,0.197744,0.389476,1.1364,159,5.3567,0.5453,1.6663,1
2801,112.04,194.2027,48.5507,first_peak,0.803718,granular_texture,0.243611,0.152129,0.134693,0.469567,1.1461,157,5.4257,0.5578,1.4553,0
2802,112.08,194.272,48.568,first_peak,0.803921,tension_chords,0.410896,0.244187,0.211982,0.132934,1.1058,161,5.3767,0.7991,1.7145,0
2803,112.12,194.3413,48.5853,first_peak,0.804124,broken_beat,0.333432,0.239597,0.36075,0.066221,1.0978,161,5.335,0.7006,2.213,0
2804,112.16,194.4107,48.6027,first_peak,0.804325,broken_beat,0.237075,0.216089,0.339121,0.207714,1.1149,160,5.3175,0.572,2.1408,0
2805,112.2,194.48,48.62,first_peak,0.804525,glassy_arps,0.30898,0.317601,0.183667,0.189752,1.1129,164,5.3001,0.6974,1.6203,0
2806,112.24,194.5493,48.6373,first_peak,0.804725,tension_chords,0.442582,0.40818,0.106229,0.043009,1.0953,168,5.4072,0.8961,1.3611,0
2807,112.28,194.6187,48.6547,first_peak,0.804923,tension_chords,0.444316,0.300306,0.094178,0.161201,1.1096,164,5.4096,0.8605,1.3209,0
2808,112.32,194.688,48.672,first_peak,0.80512,tension_chords,0.344282,0.197357,0.13962,0.318741,1.1286,159,5.3254,0.6994,1.4734,0
2809,112.36,194.7573,48.6893,first_peak,0.805316,broken_beat,0.308264,0.165332,0.419588,0.106816,1.1033,158,5.3903,0.6432,2.4115,0
2810,112.4,194.8267,48.7067,first_peak,0.80551,broken_beat,0.237427,0.142103,0.55012,0.070351,1.099,157,5.5021,0.5465,2.849,0
2811,112.44,194.896,48.724,first_peak,0.805704,granular_texture,0.170715,0.143238,0.266618,0.419429,1.141,157,5.3919,0.4635,1.8994,0
2812,112.48,194.9653,48.7413,first_peak,0.805897,granular_texture,0.155394,0.210287,0.155361,0.478958,1.1482,160,5.4434,0.4678,1.5269,0
2813,112.52,195.0347,48.7587,first_peak,0.806088,glassy_arps,0.197942,0.479447,0.226343,0.096268,1.1024,171,5.4446,0.6152,1.7649,1
2814,112.56,195.104,48.776,first_peak,0.806278,glassy_arps,0.117861,0.431802,0.251774,0.198564,1.1147,169,5.405,0.4985,1.8503,1
2815,112.6,195.1733,48.7933,first_peak,0.806468,glassy_arps,0.085299,0.329707,0.308497,0.276497,1.1242,165,5.319,0.422,2.0406,0
2816,112.64,195.2427,48.8107,first_peak,0.806656,glassy_arps,0.154515,0.42693,0.32523,0.093326,1.1023,169,5.4025,0.5426,2.0968,0
2817,112.68,195.312,48.828,first_peak,0.806843,glassy_arps,0.275496,0.478177,0.182325,0.064002,1.0988,171,5.4469,0.7117,1.6183,0
2818,112.72,195.3813,48.8453,first_peak,0.807028,granular_texture,0.278535,0.223987,0.101109,0.396369,1.1388,161,5.3782,0.6266,1.3464,0
2819,112.76,195.4507,48.8627,first_peak,0.807213,tension_chords,0.389856,0.156153,0.129442,0.324549,1.1303,158,5.3735,0.742,1.4416,0
2820,112.8,195.52,48.88,first_peak,0.807396,tension_chords,0.483028,0.143559,0.317397,0.056016,1.0981,158,5.4535,0.854,2.0714,1
2821,112.84,195.5893,48.8973,first_peak,0.807579,broken_beat,0.373719,0.105423,0.384431,0.136427,1.1079,156,5.3705,0.704,2.2962,1
2822,112.88,195.6587,48.9147,first_peak,0.80776,tension_chords,0.33761,0.119059,0.239946,0.303385,1.128,157,5.3315,0.6637,1.8124,0
2823,112.92,195.728,48.932,first_peak,0.80794,tension_chords,0.44804,0.27652,0.146473,0.128968,1.1071,163,5.4262,0.8568,1.4994,0
2824,112.96,195.7973,48.9493,first_peak,0.808119,glassy_arps,0.376745,0.440992,0.117707,0.064557,1.0995,170,5.421,0.8253,1.4032,0
2825,113.0,195.8667,48.9667,first_peak,0.808296,glassy_arps,0.215623,0.410367,0.105648,0.268362,1.124,169,5.3957,0.6132,1.363,0
2826,113.04,195.936,48.984,first_peak,0.808473,glassy_arps,0.157068,0.370032,0.265543,0.207357,1.1168,167,5.3622,0.5258,1.8989,0
2827,113.08,196.0053,49.0013,first_peak,0.808648,broken_beat,0.137702,0.357269,0.455709,0.04932,1.0979,167,5.4358,0.4972,2.5361,1
2828,113.12,196.0747,49.0187,first_peak,0.808822,broken_beat,0.143983,0.305243,0.327516,0.223257,1.1188,165,5.3276,0.4868,2.1069,1
2829,113.16,196.144,49.036,first_peak,0.808995,granular_texture,0.129955,0.190566,0.152615,0.526864,1.1554,160,5.4979,0.4291,1.5212,0
2830,113.2,196.2133,49.0533,first_peak,0.809167,granular_texture,0.222757,0.265924,0.238909,0.272409,1.1249,163,5.2823,0.5715,1.8104,0
2831,113.24,196.2827,49.0707,first_peak,0.809338,broken_beat,0.249365,0.239801,0.393149,0.117684,1.1064,162,5.3857,0.5956,2.3273,0
2832,113.28,196.352,49.088,first_peak,0.809507,broken_beat,0.155093,0.14048,0.415033,0.289394,1.1271,158,5.4051,0.443,2.4008,0
2833,113.32,196.4213,49.1053,first_peak,0.809675,broken_beat,0.215037,0.23744,0.332407,0.215116,1.1183,162,5.3356,0.5519,2.1242,0
2834,113.36,196.4907,49.1227,first_peak,0.809842,tension_chords,0.392233,0.388069,0.173129,0.046569,1.0981,168,5.3872,0.8261,1.5908,0
2835,113.4,196.56,49.14,first_peak,0.810008,tension_chords,0.386581,0.380731,0.090949,0.141739,1.1096,168,5.3831,0.8165,1.3157,0
2836,113.44,196.6293,49.1573,first_peak,0.810172,granular_texture,0.30674,0.300427,0.078363,0.314469,1.1304,165,5.3226,0.6886,1.2737,0
2837,113.48,196.6987,49.1747,first_peak,0.810336,tension_chords,0.385319,0.291719,0.22101,0.101951,1.105,164,5.3835,0.7838,1.7518,0
2838,113.52,196.768,49.192,first_peak,0.810498,broken_beat,0.331505,0.169002,0.45007,0.049423,1.0988,159,5.4393,0.6735,2.5193,0
2839,113.56,196.8373,49.2093,first_peak,0.810659,broken_beat,0.297672,0.114745,0.307719,0.279864,1.1265,157,5.319,0.6123,2.0426,0
2840,113.6,196.9067,49.2267,first_peak,0.810818,tension_chords,0.365599,0.153009,0.169643,0.311749,1.1304,158,5.3689,0.7106,1.5802,0
2841,113.64,196.976,49.244,first_peak,0.810977,tension_chords,0.439283,0.249381,0.218063,0.093272,1.1042,162,5.4322,0.8364,1.7426,0
2842,113.68,197.0453,49.2613,first_peak,0.811134,granular_texture,0.243981,0.242605,0.198263,0.315151,1.1309,162,5.3274,0.5899,1.6764,1
2843,113.72,197.1147,49.2787,first_peak,0.81129,granular_texture,0.102279,0.217703,0.27199,0.408028,1.1422,161,5.4071,0.404,1.9236,1
2844,113.76,197.184,49.296,first_peak,0.811445,broken_beat,0.093738,0.36604,0.454241,0.085981,1.1036,167,5.447,0.4453,2.5343,0
2845,113.8,197.2533,49.3133,first_peak,0.811598,glassy_arps,0.105315,0.496926,0.323962,0.073796,1.1022,173,5.484,0.5056,2.098,0
2846,113.84,197.3227,49.3307,first_peak,0.811751,glassy_arps,0.110243,0.427183,0.11391,0.348664,1.1352,170,5.4254,0.4873,1.3945,0
2847,113.88,197.392,49.348,first_peak,0.811901,glassy_arps,0.181278,0.41072,0.132532,0.27547,1.1265,169,5.4121,0.5703,1.4571,0
2848,113.92,197.4613,49.3653,first_peak,0.812051,glassy_arps,0.318481,0.344474,0.266499,0.070546,1.102,167,5.3564,0.7187,1.906,0
2849,113.96,197.5307,49.3827,first_peak,0.8122,broken_beat,0.260466,0.125338,0.367503,0.246694,1.1232,157,5.3767,0.5695,2.2446,1
2850,114.0,197.6,49.4,first_peak,0.812347,broken_beat,0.283929,0.096202,0.319039,0.30083,1.1298,156,5.3361,0.5886,2.0824,1
2851,114.04,197.6693,49.4173,first_peak,0.812493,tension_chords,0.538945,0.149923,0.221799,0.089332,1.1045,159,5.5237,0.9262,1.7568,0
2852,114.08,197.7387,49.4347,first_peak,0.812637,tension_chords,0.609668,0.184242,0.118643,0.087448,1.1043,160,5.5845,1.0266,1.4114,0
2853,114.12,197.808,49.452,first_peak,0.812781,tension_chords,0.402047,0.216579,0.09018,0.291194,1.1288,161,5.4086,0.7784,1.3162,0
2854,114.16,197.8773,49.4693,first_peak,0.812923,glassy_arps,0.31725,0.319225,0.194924,0.168601,1.1142,166,5.3388,0.7083,1.6672,0
2855,114.2,197.9467,49.4867,first_peak,0.813064,glassy_arps,0.242941,0.390464,0.331934,0.034661,1.0982,169,5.4,0.6403,2.1263,0
2856,114.24,198.016,49.504,first_peak,0.813203,glassy_arps,0.184853,0.391235,0.23622,0.187692,1.1166,169,5.4013,0.568,1.8059,1
2857,114.28,198.0853,49.5213,first_peak,0.813341,granular_texture,0.185787,0.32794,0.134642,0.351631,1.1363,166,5.3683,0.547,1.4657,0
2858,114.32,198.1547,49.5387,first_peak,0.813478,glassy_arps,0.268414,0.379602,0.224788,0.127196,1.1095,168,5.3926,0.6684,1.7679,0
2859,114.36,198.224,49.556,first_peak,0.813614,broken_beat,0.213867,0.268094,0.306795,0.211244,1.1196,164,5.3314,0.5612,2.0427,0
2860,114.4,198.2933,49.5733,first_peak,0.813748,granular_texture,0.097721,0.123097,0.356323,0.422859,1.1451,158,5.4306,0.3652,2.2088,0
2861,114.44,198.3627,49.5907,first_peak,0.813881,broken_beat,0.119771,0.146854,0.501139,0.232237,1.1223,159,5.4977,0.4011,2.6941,0
2862,114.48,198.432,49.608,first_peak,0.814013,broken_beat,0.229315,0.310163,0.38078,0.079742,1.104,166,5.396,0.5952,2.291,0
2863,114.52,198.5013,49.6253,first_peak,0.814143,glassy_arps,0.200605,0.375125,0.121082,0.303188,1.1309,168,5.3918,0.582,1.4212,0
2864,114.56,198.5707,49.6427,first_peak,0.814272,glassy_arps,0.212411,0.434618,0.09227,0.2607,1.1258,171,5.4429,0.6176,1.3248,0
2865,114.6,198.64,49.66,first_peak,0.8144,glassy_arps,0.302151,0.449666,0.200273,0.04791,1.1004,171,5.4563,0.7351,1.6868,1
2866,114.64,198.7093,49.6773,first_peak,0.814526,broken_beat,0.271836,0.278288,0.352014,0.097862,1.1064,164,5.3739,0.6372,2.1952,0
2867,114.68,198.7787,49.6947,first_peak,0.814651,granular_texture,0.267624,0.169292,0.240448,0.322636,1.1335,160,5.3494,0.5938,1.8216,0
2868,114.72,198.848,49.712,first_peak,0.814775,tension_chords,0.495594,0.185436,0.175147,0.143822,1.1121,160,5.497,0.8844,1.603,0
2869,114.76,198.9173,49.7293,first_peak,0.814898,tension_chords,0.619118,0.165157,0.143893,0.071831,1.1035,160,5.6025,1.0317,1.4984,0
2870,114.8,198.9867,49.7467,first_peak,0.815019,tension_chords,0.442917,0.119921,0.118525,0.318637,1.1331,158,5.4533,0.7956,1.4136,0
2871,114.84,199.056,49.764,first_peak,0.815138,tension_chords,0.308294,0.138928,0.289527,0.263251,1.1266,158,5.3394,0.634,1.9866,1
2872,114.88,199.1253,49.7813,first_peak,0.815257,broken_beat,0.198142,0.213209,0.54387,0.044779,1.1004,162,5.5402,0.5223,2.8387,1
2873,114.92,199.1947,49.7987,first_peak,0.815374,glassy_arps,0.142255,0.325849,0.308943,0.222954,1.1218,166,5.3554,0.4919,2.0519,0
2874,114.96,199.264,49.816,first_peak,0.815489,glassy_arps,0.101132,0.404755,0.111137,0.382976,1.1411,170,5.423,0.4681,1.3893,0
2875,115.0,199.3333,49.8333,first_peak,0.815604,glassy_arps,0.129058,0.609082,0.145253,0.116608,1.1092,178,5.5972,0.5745,1.5038,0
2876,115.04,199.4027,49.8507,first_peak,0.815716,glassy_arps,0.140821,0.531326,0.226477,0.101376,1.1074,175,5.5316,0.562,1.776,0
2877,115.08,199.472,49.868,first_peak,0.815828,broken_beat,0.1079,0.222037,0.344009,0.326053,1.1344,162,5.3728,0.4126,2.1698,0
2878,115.12,199.5413,49.8853,first_peak,0.815938,broken_beat,0.178662,0.156084,0.446748,0.218505,1.1216,159,5.4607,0.478,2.5141,1
2879,115.16,199.6107,49.9027,first_peak,0.816047,tension_chords,0.417116,0.184209,0.329259,0.069416,1.1037,161,5.436,0.7859,2.1207,1
2880,115.2,199.68,49.92,first_peak,0.816154,tension_chords,0.404223,0.148212,0.133078,0.314486,1.1332,159,5.4255,0.7572,1.4636,0
2881,115.24,199.7493,49.9373,first_peak,0.81626,tension_chords,0.384537,0.148423,0.114901,0.352139,1.1377,159,5.4092,0.7326,1.4028,0
2882,115.28,199.8187,49.9547,first_peak,0.816365,tension_chords,0.442341,0.242617,0.250791,0.06425,1.1032,163,5.4588,0.8378,1.8582,0
2883,115.32,199.888,49.972,first_peak,0.816468,broken_beat,0.325297,0.266913,0.330064,0.077726,1.1049,164,5.3638,0.7,2.1238,0
2884,115.36,199.9573,49.9893,first_peak,0.81657,glassy_arps,0.261311,0.282833,0.20341,0.252446,1.1259,165,5.3241,0.6256,1.6996,0
2885,115.4,200.0267,50.0067,first_peak,0.81667,glassy_arps,0.321654,0.398228,0.117099,0.163019,1.1152,170,5.4227,0.7414,1.4106,0
2886,115.44,200.096,50.024,first_peak,0.816769,glassy_arps,0.358069,0.460579,0.124413,0.056939,1.1025,172,5.4761,0.8088,1.4352,0
2887,115.48,200.1653,50.0413,first_peak,0.816867,granular_texture,0.276703,0.256622,0.149789,0.316886,1.1338,164,5.3544,0.6357,1.5203,0
2888,115.52,200.2347,50.0587,first_peak,0.816963,broken_beat,0.188753,0.145697,0.362732,0.302818,1.1321,159,5.3938,0.4869,2.2338,0
2889,115.56,200.304,50.076,first_peak,0.817058,broken_beat,0.163468,0.167974,0.601636,0.066922,1.1039,160,5.5973,0.4631,3.0342,0
2890,115.6,200.3733,50.0933,first_peak,0.817151,broken_beat,0.162308,0.205259,0.35913,0.273303,1.1287,162,5.3916,0.4747,2.222,0
2891,115.64,200.4427,50.1107,first_peak,0.817243,granular_texture,0.110677,0.185478,0.12647,0.577375,1.1652,161,5.5775,0.4033,1.4426,0
2892,115.68,200.512,50.128,first_peak,0.817333,glassy_arps,0.188156,0.450297,0.187008,0.174539,1.1169,172,5.4699,0.5928,1.6455,1
2893,115.72,200.5813,50.1453,first_peak,0.817422,glassy_arps,0.171081,0.481504,0.272353,0.075063,1.105,173,5.4968,0.5824,1.9315,1
2894,115.76,200.6507,50.1627,first_peak,0.81751,glassy_arps,0.133519,0.368671,0.276181,0.221629,1.1227,168,5.4013,0.4959,1.9445,0
2895,115.8,200.72,50.18,first_peak,0.817596,glassy_arps,0.227033,0.353277,0.259177,0.160514,1.1154,168,5.3886,0.6074,1.8876,0
2896,115.84,200.7893,50.1973,first_peak,0.817681,tension_chords,0.478587,0.322584,0.149886,0.048943,1.102,167,5.4955,0.9111,1.5216,0
2897,115.88,200.8587,50.2147,first_peak,0.817764,tension_chords,0.458305,0.168354,0.099326,0.274015,1.1291,160,5.4786,0.8318,1.3523,0
2898,115.92,200.928,50.232,first_peak,0.817846,tension_chords,0.413733,0.1162,0.118959,0.351108,1.1383,158,5.4411,0.7578,1.4181,0
2899,115.96,200.9973,50.2493,first_peak,0.817926,tension_chords,0.423317,0.119952,0.39663,0.060102,1.1035,158,5.4496,0.7711,2.3484,0
2900,116.0,201.0667,50.2667,first_peak,0.818005,broken_beat,0.339982,0.115916,0.448171,0.095931,1.1078,158,5.4711,0.6655,2.5212,1
2901,116.04,201.136,50.284,first_peak,0.818083,granular_texture,0.274145,0.178102,0.208812,0.338941,1.137,161,5.3786,0.605,1.7194,1
2902,116.08,201.2053,50.3013,first_peak,0.818159,glassy_arps,0.273094,0.429357,0.129189,0.16836,1.1166,171,5.4558,0.6916,1.4528,0
2903,116.12,201.2747,50.3187,first_peak,0.818233,glassy_arps,0.218144,0.575558,0.139369,0.06693,1.1044,177,5.5804,0.6741,1.4869,0
2904,116.16,201.344,50.336,first_peak,0.818306,glassy_arps,0.11117,0.407825,0.173126,0.307879,1.1334,170,5.4381,0.4817,1.6001,0
2905,116.2,201.4133,50.3533,first_peak,0.818378,broken_beat,0.081672,0.31402,0.380816,0.223492,1.1233,166,5.4155,0.412,2.2959,0
2906,116.24,201.4827,50.3707,first_peak,0.818448,broken_beat,0.111272,0.297868,0.536604,0.054257,1.103,166,5.5482,0.4433,2.8179,0
2907,116.28,201.552,50.388,first_peak,0.818516,granular_texture,0.180516,0.264733,0.255232,0.299519,1.1325,164,5.347,0.5183,1.8754,1
2908,116.32,201.6213,50.4053,first_peak,0.818583,granular_texture,0.186511,0.160742,0.141751,0.510996,1.1579,160,5.527,0.4894,1.4953,0
2909,116.36,201.6907,50.4227,first_peak,0.818649,tension_chords,0.371586,0.223682,0.231464,0.173268,1.1174,163,5.4088,0.7428,1.7959,0
2910,116.4,201.76,50.44,first_peak,0.818713,broken_beat,0.33839,0.180152,0.37989,0.101568,1.1088,161,5.4162,0.686,2.2932,0
2911,116.44,201.8293,50.4573,first_peak,0.818776,broken_beat,0.249255,0.161226,0.323799,0.265719,1.1285,160,5.3688,0.568,2.1054,0
2912,116.48,201.8987,50.4747,first_peak,0.818837,tension_chords,0.340621,0.284068,0.227104,0.148208,1.1144,165,5.3834,0.7252,1.7815,0
2913,116.52,201.968,50.492,first_peak,0.818896,tension_chords,0.46083,0.396753,0.101147,0.04127,1.1016,170,5.4858,0.9149,1.3596,0
2914,116.56,202.0373,50.5093,first_peak,0.818954,tension_chords,0.396819,0.321046,0.078569,0.203566,1.1211,167,5.4316,0.8084,1.2841,0
2915,116.6,202.1067,50.5267,first_peak,0.819011,tension_chords,0.308795,0.25302,0.138556,0.299629,1.1327,164,5.3571,0.6746,1.4851,0
2916,116.64,202.176,50.544,first_peak,0.819066,broken_beat,0.315881,0.227017,0.406993,0.050109,1.1028,163,5.4408,0.6743,2.3844,0
2917,116.68,202.2453,50.5613,first_peak,0.819119,broken_beat,0.27069,0.159901,0.410916,0.158493,1.1158,160,5.4444,0.5943,2.3976,0
2918,116.72,202.3147,50.5787,first_peak,0.819171,granular_texture,0.209804,0.144974,0.18408,0.461142,1.1522,159,5.4873,0.513,1.6378,0
2919,116.76,202.384,50.596,first_peak,0.819221,tension_chords,0.271787,0.268907,0.235618,0.223689,1.1237,165,5.3266,0.6339,1.8105,0
2920,116.8,202.4533,50.6133,first_peak,0.81927,glassy_arps,0.219535,0.358944,0.280282,0.141239,1.1138,168,5.4009,0.6,1.9601,0
2921,116.84,202.5227,50.6307,first_peak,0.819317,granular_texture,0.083943,0.235466,0.271719,0.408872,1.146,163,5.4435,0.3873,1.9315,1
2922,116.88,202.592,50.648,first_peak,0.819363,broken_beat,0.091511,0.334732,0.374492,0.199265,1.1208,167,5.4145,0.4315,2.2758,1
2923,116.92,202.6613,50.6653,first_peak,0.819407,glassy_arps,0.163667,0.522968,0.263651,0.049715,1.1029,175,5.5409,0.5876,1.9046,0
2924,116.96,202.7307,50.6827,first_peak,0.81945,glassy_arps,0.190348,0.479388,0.105498,0.224767,1.1239,173,5.504,0.6057,1.3748,0
2925,117.0,202.8,50.7,first_peak,0.819491,granular_texture,0.258327,0.318182,0.103808,0.319683,1.1353,167,5.3685,0.6343,1.3692,0
2926,117.04,202.8693,50.7173,first_peak,0.819531,tension_chords,0.428273,0.221553,0.279791,0.070383,1.1054,163,5.4609,0.8129,1.9588,0
2927,117.08,202.9387,50.7347,first_peak,0.819569,broken_beat,0.357877,0.111698,0.397052,0.133372,1.113,158,5.4346,0.6864,2.3517,0
2928,117.12,203.008,50.752,first_peak,0.819605,tension_chords,0.322916,0.089588,0.271407,0.316088,1.1349,157,5.3717,0.635,1.9308,1
2929,117.16,203.0773,50.7693,first_peak,0.81964,tension_chords,0.523139,0.158381,0.175657,0.142824,1.1142,160,5.5421,0.9094,1.6101,1
2930,117.2,203.1467,50.7867,first_peak,0.819673,tension_chords,0.545309,0.249418,0.134498,0.070775,1.1055,164,5.5611,0.9689,1.4722,0
2931,117.24,203.216,50.804,first_peak,0.819705,tension_chords,0.331354,0.290949,0.103562,0.274135,1.13,166,5.3793,0.716,1.3686,0
2932,117.28,203.2853,50.8213,first_peak,0.819735,glassy_arps,0.18959,0.381387,0.258087,0.170936,1.1176,169,5.422,0.5705,1.8863,0
2933,117.32,203.3547,50.8387,first_peak,0.819763,broken_beat,0.142241,0.39261,0.428513,0.036636,1.1015,170,5.4622,0.5152,2.4573,0
2934,117.36,203.424,50.856,first_peak,0.81979,glassy_arps,0.129053,0.379203,0.243144,0.2486,1.1269,169,5.4204,0.494,1.8363,0
2935,117.4,203.4933,50.8733,first_peak,0.819815,granular_texture,0.126073,0.297415,0.140034,0.436478,1.1495,166,5.4692,0.4617,1.4909,0
2936,117.44,203.5627,50.8907,first_peak,0.819839,glassy_arps,0.232955,0.356498,0.265828,0.14472,1.1145,168,5.4013,0.616,1.9123,1
2937,117.48,203.632,50.908,first_peak,0.819861,broken_beat,0.193389,0.222263,0.377459,0.206889,1.122,163,5.4192,0.5195,2.2863,1
2938,117.52,203.7013,50.9253,first_peak,0.819882,broken_beat,0.124607,0.107372,0.401379,0.366642,1.1411,158,5.4396,0.3933,2.3665,0
2939,117.56,203.7707,50.9427,first_peak,0.8199,broken_beat,0.229173,0.166023,0.444908,0.159896,1.1163,160,5.4767,0.5446,2.5123,0
2940,117.6,203.84,50.96,first_peak,0.819918,tension_chords,0.409009,0.346578,0.175805,0.068609,1.1054,168,5.4463,0.8326,1.6109,0
2941,117.64,203.9093,50.9773,first_peak,0.819933,glassy_arps,0.309044,0.322976,0.089974,0.278005,1.1305,167,5.3732,0.6993,1.3233,0
2942,117.68,203.9787,50.9947,first_peak,0.819947,glassy_arps,0.328931,0.36943,0.108531,0.193109,1.1203,169,5.4128,0.7405,1.3855,0
2943,117.72,204.048,51.012,first_peak,0.81996,tension_chords,0.348708,0.341816,0.272555,0.03692,1.1016,168,5.3952,0.7555,1.935,1
2944,117.76,204.1173,51.0293,first_peak,0.81997,broken_beat,0.302623,0.218002,0.31005,0.169325,1.1175,163,5.3624,0.6546,2.0606,1
2945,117.8,204.1867,51.0467,first_peak,0.819979,granular_texture,0.304744,0.149088,0.181797,0.36437,1.1409,160,5.4086,0.6331,1.631,0
2946,117.84,204.256,51.064,first_peak,0.819987,tension_chords,0.517637,0.208793,0.176523,0.097046,1.1088,162,5.5389,0.9201,1.6133,0
2947,117.88,204.3253,51.0813,first_peak,0.819993,tension_chords,0.431076,0.198744,0.182905,0.187275,1.1197,162,5.4654,0.8084,1.6347,0
2948,117.92,204.3947,51.0987,first_peak,0.819997,granular_texture,0.212968,0.137141,0.241915,0.407975,1.1462,159,5.4458,0.5142,1.8324,0
2949,117.96,204.464,51.116,first_peak,0.819999,broken_beat,0.147061,0.214213,0.498885,0.139841,1.114,162,5.523,0.4588,2.6933,0
2950,118.0,204.5333,51.1333,modulation_spiral,0.72,broken_beat,0.115925,0.357671,0.384622,0.141783,1.0682,154,4.9809,0.4701,2.2005,1
2951,118.04,204.6027,51.1507,modulation_spiral,0.720001,granular_texture,0.080807,0.362918,0.110318,0.445957,1.1047,154,5.0331,0.428,1.2816,0
2952,118.08,204.672,51.168,modulation_spiral,0.720004,glassy_arps,0.107728,0.46544,0.110321,0.316511,1.0892,158,5.0496,0.4976,1.2816,0
2953,118.12,204.7413,51.1853,modulation_spiral,0.720009,glassy_arps,0.177198,0.488848,0.199135,0.134819,1.0674,159,5.0696,0.5926,1.5791,0
2954,118.16,204.8107,51.2027,modulation_spiral,0.720016,broken_beat,0.174926,0.241413,0.328043,0.255618,1.0819,149,4.9329,0.5032,2.011,0
2955,118.2,204.88,51.22,modulation_spiral,0.720026,broken_beat,0.227808,0.115061,0.333495,0.323636,1.09,143,4.9376,0.525,2.0292,0
2956,118.24,204.9493,51.2373,modulation_spiral,0.720037,tension_chords,0.503701,0.130498,0.222213,0.143587,1.0684,144,5.0823,0.8753,1.6565,0
2957,118.28,205.0187,51.2547,modulation_spiral,0.72005,tension_chords,0.552027,0.112396,0.111876,0.223701,1.0781,143,5.1234,0.9294,1.2868,0
2958,118.32,205.088,51.272,modulation_spiral,0.720066,tension_chords,0.401417,0.113429,0.095449,0.389705,1.098,143,4.9955,0.7415,1.2318,0
2959,118.36,205.1573,51.2893,modulation_spiral,0.720083,tension_chords,0.371703,0.198992,0.280839,0.148465,1.0691,147,4.9703,0.7343,1.8529,0
2960,118.4,205.2267,51.3067,modulation_spiral,0.720102,broken_beat,0.279935,0.272804,0.357517,0.089744,1.062,150,4.9583,0.6454,2.1098,0
2961,118.44,205.296,51.324,modulation_spiral,0.720124,glassy_arps,0.202017,0.342408,0.18288,0.272695,1.084,153,4.9456,0.5724,1.5248,0
2962,118.48,205.3653,51.3413,modulation_spiral,0.720147,glassy_arps,0.196622,0.447381,0.097984,0.258013,1.0822,157,5.0349,0.6024,1.2404,0
2963,118.52,205.4347,51.3587,modulation_spiral,0.720172,glassy_arps,0.237368,0.45433,0.154189,0.154113,1.0698,158,5.0409,0.6557,1.4287,0
2964,118.56,205.504,51.376,modulation_spiral,0.7202,granular_texture,0.149267,0.221791,0.220512,0.408431,1.1003,148,5.0021,0.4642,1.6509,1
2965,118.6,205.5733,51.3933,modulation_spiral,0.720229,broken_beat,0.088558,0.106224,0.451228,0.35399,1.0938,143,5.0386,0.3479,2.4239,1
2966,118.64,205.6427,51.4107,modulation_spiral,0.72026,broken_beat,0.120683,0.137656,0.597482,0.144179,1.0686,144,5.163,0.399,2.9138,0
2967,118.68,205.712,51.428,modulation_spiral,0.720294,granular_texture,0.184129,0.195792,0.263932,0.356148,1.0941,147,4.958,0.4987,1.7965,0
2968,118.72,205.7813,51.4453,modulation_spiral,0.720329,granular_texture,0.153776,0.191386,0.110824,0.544014,1.1166,147,5.1179,0.4592,1.2836,0
2969,118.76,205.8507,51.4627,modulation_spiral,0.720366,glassy_arps,0.2421,0.426743,0.141271,0.189886,1.0742,157,5.0184,0.652,1.3857,0
2970,118.8,205.92,51.48,modulation_spiral,0.720406,glassy_arps,0.238094,0.391943,0.259323,0.110641,1.0647,155,4.989,0.6348,1.7812,0
2971,118.84,205.9893,51.4973,modulation_spiral,0.720447,broken_beat,0.21082,0.262592,0.275323,0.251265,1.0816,150,4.89,0.5554,1.8348,0
2972,118.88,206.0587,51.5147,modulation_spiral,0.72049,tension_chords,0.327872,0.275927,0.212312,0.183889,1.0735,150,4.9349,0.7064,1.6238,1
2973,118.92,206.128,51.532,modulation_spiral,0.720535,tension_chords,0.537855,0.236722,0.113648,0.111775,1.0649,149,5.1136,0.9552,1.2933,0
2974,118.96,206.1973,51.5493,modulation_spiral,0.720582,tension_chords,0.45067,0.111712,0.089787,0.34783,1.0932,143,5.0397,0.8024,1.2134,0
2975,119.0,206.2667,51.5667,modulation_spiral,0.720631,granular_texture,0.356239,0.094347,0.188954,0.36046,1.0947,143,4.9632,0.6783,1.5457,0
2976,119.04,206.336,51.584,modulation_spiral,0.720682,broken_beat,0.313776,0.113245,0.460178,0.112801,1.065,143,5.0482,0.6319,2.4543,0
2977,119.08,206.4053,51.6013,modulation_spiral,0.720735,broken_beat,0.230474,0.157556,0.353721,0.258249,1.0825,145,4.9579,0.5432,2.0978,0
2978,119.12,206.4747,51.6187,modulation_spiral,0.72079,granular_texture,0.158105,0.254857,0.13875,0.448289,1.1054,149,5.0386,0.4868,1.3777,0
2979,119.16,206.544,51.636,modulation_spiral,0.720846,glassy_arps,0.152356,0.516841,0.147768,0.183035,1.0736,160,5.0971,0.5713,1.408,0
2980,119.2,206.6133,51.6533,modulation_spiral,0.720905,glassy_arps,0.108476,0.52043,0.171284,0.19981,1.0756,161,5.1004,0.5177,1.4868,1
2981,119.24,206.6827,51.6707,modulation_spiral,0.720965,granular_texture,0.067868,0.295146,0.266421,0.370565,1.0961,151,4.9733,0.3881,1.8056,0
2982,119.28,206.752,51.688,modulation_spiral,0.721028,broken_beat,0.118023,0.282322,0.404532,0.195122,1.0751,151,5.0024,0.4463,2.2683,0
2983,119.32,206.8213,51.7053,modulation_spiral,0.721092,broken_beat,0.272252,0.273591,0.27898,0.175176,1.0727,150,4.896,0.6361,1.8478,0
2984,119.36,206.8907,51.7227,modulation_spiral,0.721158,granular_texture,0.275426,0.135128,0.125489,0.463957,1.1074,144,5.0535,0.5916,1.3337,0
2985,119.4,206.96,51.74,modulation_spiral,0.721226,granular_texture,0.365538,0.126684,0.139778,0.368001,1.0959,144,4.9723,0.7013,1.3816,0
2986,119.44,207.0293,51.7573,modulation_spiral,0.721296,tension_chords,0.416887,0.13073,0.334771,0.117612,1.0659,144,5.0141,0.7669,2.0349,1
2987,119.48,207.0987,51.7747,modulation_spiral,0.721368,broken_beat,0.304966,0.134692,0.326867,0.233474,1.0798,144,4.9379,0.6284,2.0085,1
2988,119.52,207.168,51.792,modulation_spiral,0.721442,tension_chords,0.308922,0.22255,0.186767,0.281762,1.0857,148,4.923,0.664,1.5393,0
2989,119.56,207.2373,51.8093,modulation_spiral,0.721518,glassy_arps,0.392895,0.39732,0.104239,0.105545,1.0646,155,4.9985,0.8302,1.2629,0
2990,119.6,207.3067,51.8267,modulation_spiral,0.721595,glassy_arps,0.351774,0.392851,0.089706,0.165669,1.0718,155,4.995,0.7772,1.2143,0
2991,119.64,207.376,51.844,modulation_spiral,0.721674,granular_texture,0.23691,0.296403,0.141651,0.325036,1.091,151,4.9377,0.5999,1.3884,0
2992,119.68,207.4453,51.8613,modulation_spiral,0.721755,broken_beat,0.182978,0.203308,0.461622,0.152092,1.0703,147,5.0542,0.4999,2.4604,0
2993,119.72,207.5147,51.8787,modulation_spiral,0.721838,broken_beat,0.179992,0.164503,0.481853,0.173651,1.0729,146,5.0718,0.4826,2.5282,1
2994,119.76,207.584,51.896,modulation_spiral,0.721923,granular_texture,0.13159,0.136092,0.178035,0.554283,1.1186,145,5.1337,0.4121,1.5105,1
2995,119.8,207.6533,51.9133,modulation_spiral,0.72201,granular_texture,0.169158,0.199042,0.194219,0.437582,1.1046,147,5.0349,0.4811,1.5648,0
2996,119.84,207.7227,51.9307,modulation_spiral,0.722098,glassy_arps,0.198143,0.306738,0.274889,0.22023,1.0786,152,4.9241,0.555,1.8352,0
2997,119.88,207.792,51.948,modulation_spiral,0.722189,granular_texture,0.109355,0.233744,0.319692,0.337209,1.0927,149,4.9504,0.4185,1.9854,0
2998,119.92,207.8613,51.9653,modulation_spiral,0.722281,broken_beat,0.115902,0.284854,0.334561,0.264683,1.084,151,4.9485,0.4446,2.0353,0
2999,119.96,207.9307,51.9827,modulation_spiral,0.722375,glassy_arps,0.258693,0.473739,0.178245,0.089324,1.063,159,5.0672,0.6892,1.5117,0
3000,120.0,208.0,52.0,modulation_spiral,0.722471,glassy_arps,0.327955,0.355346,0.092441,0.224258,1.0792,154,4.967,0.7343,1.2244,0
3001,120.04,208.0693,52.0173,modulation_spiral,0.722568,granular_texture,0.337187,0.218701,0.09301,0.351101,1.0945,148,4.9639,0.698,1.2264,0
3002,120.08,208.1387,52.0347,modulation_spiral,0.722668,tension_chords,0.448722,0.156522,0.266899,0.127857,1.0678,146,5.0473,0.8157,1.809,0
3003,120.12,208.208,52.052,modulation_spiral,0.722769,broken_beat,0.367175,0.092611,0.386464,0.15375,1.0709,143,4.9948,0.6914,2.2097,0
3004,120.16,208.2773,52.0693,modulation_spiral,0.722872,granular_texture,0.284662,0.076638,0.223957,0.414743,1.1023,142,5.0193,0.5827,1.6654,0
3005,120.2,208.3467,52.0867,modulation_spiral,0.722977,tension_chords,0.436805,0.170468,0.155467,0.23726,1.081,146,5.0385,0.8057,1.4361,0
3006,120.24,208.416,52.104,modulation_spiral,0.723083,tension_chords,0.353317,0.339353,0.14369,0.16364,1.0723,153,4.968,0.7604,1.3968,0
3007,120.28,208.4853,52.1213,modulation_spiral,0.723191,granular_texture,0.172778,0.319253,0.15343,0.354539,1.0952,152,4.9696,0.5277,1.4295,0
3008,120.32,208.5547,52.1387,modulation_spiral,0.723301,glassy_arps,0.106494,0.352859,0.330442,0.210205,1.0779,154,4.9686,0.4566,2.0226,1
3009,120.36,208.624,52.156,modulation_spiral,0.723413,glassy_arps,0.097655,0.427999,0.367512,0.106834,1.0656,157,5.033,0.4719,2.1469,1
3010,120.4,208.6933,52.1733,modulation_spiral,0.723527,granular_texture,0.096258,0.325658,0.150292,0.427792,1.1042,153,5.0333,0.4343,1.4194,0
3011,120.44,208.7627,52.1907,modulation_spiral,0.723642,granular_texture,0.135103,0.243355,0.139588,0.481954,1.1107,149,5.0799,0.4541,1.3836,0
3012,120.48,208.832,52.208,modulation_spiral,0.723759,tension_chords,0.276059,0.234778,0.274486,0.214678,1.0787,149,4.9054,0.6272,1.8357,0
3013,120.52,208.9013,52.2253,modulation_spiral,0.723878,broken_beat,0.22314,0.118399,0.388473,0.269989,1.0854,144,5.0015,0.5204,2.2176,0
3014,120.56,208.9707,52.2427,modulation_spiral,0.723999,granular_texture,0.223436,0.091028,0.340488,0.345048,1.0944,143,4.9651,0.5112,2.057,0
3015,120.6,209.04,52.26,modulation_spiral,0.724121,tension_chords,0.444643,0.191191,0.216602,0.147564,1.0708,147,5.0503,0.8227,1.6422,1
3016,120.64,209.1093,52.2773,modulation_spiral,0.724245,tension_chords,0.479486,0.26562,0.095855,0.159039,1.0722,150,5.0805,0.8923,1.2378,0
3017,120.68,209.1787,52.2947,modulation_spiral,0.724371,tension_chords,0.332645,0.282433,0.076319,0.308603,1.0902,151,4.9562,0.7147,1.1725,0
3018,120.72,209.248,52.312,modulation_spiral,0.724498,glassy_arps,0.312408,0.324872,0.228947,0.133773,1.0693,153,4.9502,0.7042,1.6839,0
3019,120.76,209.3173,52.3293,modulation_spiral,0.724627,broken_beat,0.281002,0.276817,0.353129,0.089052,1.064,151,4.9748,0.6481,2.1001,0
3020,120.8,209.3867,52.3467,modulation_spiral,0.724758,granular_texture,0.240057,0.204234,0.218436,0.337273,1.0939,148,4.9619,0.5716,1.649,0
3021,120.84,209.456,52.364,modulation_spiral,0.724891,granular_texture,0.278376,0.175647,0.142138,0.403839,1.1019,147,5.019,0.6094,1.3935,0
3022,120.88,209.5253,52.3813,modulation_spiral,0.725025,tension_chords,0.327111,0.22454,0.224219,0.22413,1.0804,149,4.9544,0.6875,1.6687,1
3023,120.92,209.5947,52.3987,modulation_spiral,0.725161,granular_texture,0.149935,0.143705,0.256507,0.449854,1.1076,145,5.0593,0.4377,1.777,1
3024,120.96,209.664,52.416,modulation_spiral,0.725299,broken_beat,0.082467,0.126524,0.473664,0.317345,1.0917,145,5.0802,0.3474,2.5046,0
3025,121.0,209.7333,52.4333,modulation_spiral,0.725438,broken_beat,0.110853,0.293286,0.469505,0.126356,1.0689,152,5.0773,0.4412,2.4908,0
3026,121.04,209.8027,52.4507,modulation_spiral,0.725579,glassy_arps,0.128503,0.435517,0.153803,0.282177,1.0876,158,5.049,0.5131,1.4334,0
3027,121.08,209.872,52.468,modulation_spiral,0.725722,granular_texture,0.12103,0.384085,0.080068,0.414816,1.1036,156,5.0321,0.4857,1.1865,0
3028,121.12,209.9413,52.4853,modulation_spiral,0.725866,glassy_arps,0.227843,0.506321,0.1378,0.128036,1.0693,161,5.1105,0.662,1.3801,0
3029,121.16,210.0107,52.5027,modulation_spiral,0.726012,broken_beat,0.274055,0.254215,0.32354,0.148191,1.0717,150,4.9558,0.6315,2.0025,1
3030,121.2,210.08,52.52,modulation_spiral,0.72616,broken_beat,0.259589,0.105056,0.328899,0.306457,1.0908,144,4.961,0.5613,2.0206,1
3031,121.24,210.1493,52.5373,modulation_spiral,0.726309,tension_chords,0.472961,0.116204,0.221797,0.189038,1.0768,144,5.0841,0.8319,1.662,0
3032,121.28,210.2187,52.5547,modulation_spiral,0.72646,tension_chords,0.61333,0.122376,0.122522,0.141771,1.0712,145,5.2041,1.0095,1.3296,0
3033,121.32,210.288,52.572,modulation_spiral,0.726613,granular_texture,0.397031,0.096579,0.088535,0.417855,1.1044,144,5.0386,0.7301,1.2159,0
3034,121.36,210.3573,52.5893,modulation_spiral,0.726767,tension_chords,0.324,0.192726,0.248388,0.234886,1.0825,148,4.9595,0.6725,1.7515,0
3035,121.4,210.4267,52.6067,modulation_spiral,0.726923,broken_beat,0.213595,0.343512,0.35817,0.084723,1.0646,154,4.9893,0.5872,2.1195,0
3036,121.44,210.496,52.624,modulation_spiral,0.727081,glassy_arps,0.146077,0.387238,0.198673,0.268012,1.0866,156,5.0147,0.5181,1.5853,0
3037,121.48,210.5653,52.6413,modulation_spiral,0.72724,glassy_arps,0.128995,0.423361,0.109032,0.338612,1.0952,157,5.0461,0.5094,1.2852,0
3038,121.52,210.6347,52.6587,modulation_spiral,0.7274,glassy_arps,0.159772,0.497973,0.171681,0.170574,1.0751,161,5.1102,0.574,1.4953,1
3039,121.56,210.704,52.676,modulation_spiral,0.727563,granular_texture,0.114704,0.226718,0.262772,0.395806,1.1022,149,5.0241,0.4227,1.8006,0
3040,121.6,210.7733,52.6933,modulation_spiral,0.727727,broken_beat,0.092843,0.10682,0.404667,0.395669,1.1022,144,5.0324,0.3534,2.2761,0
3041,121.64,210.8427,52.7107,modulation_spiral,0.727892,broken_beat,0.209381,0.152103,0.46753,0.170985,1.0753,146,5.0865,0.515,2.4869,0
3042,121.68,210.912,52.728,modulation_spiral,0.728059,tension_chords,0.324788,0.185034,0.198311,0.291867,1.0899,148,4.9659,0.6707,1.5852,0
3043,121.72,210.9813,52.7453,modulation_spiral,0.728228,granular_texture,0.262419,0.191447,0.103168,0.442966,1.1081,148,5.0671,0.595,1.2667,0
3044,121.76,211.0507,52.7627,modulation_spiral,0.728398,tension_chords,0.344798,0.311773,0.172175,0.171254,1.0756,153,4.9845,0.7401,1.498,1
3045,121.8,211.12,52.78,modulation_spiral,0.72857,glassy_arps,0.295826,0.308882,0.293871,0.101422,1.0673,153,4.9547,0.6779,1.9059,1
3046,121.84,211.1893,52.7973,modulation_spiral,0.728744,glassy_arps,0.253948,0.258485,0.229656,0.257911,1.0862,151,4.9126,0.6079,1.691,0
3047,121.88,211.2587,52.8147,modulation_spiral,0.728919,tension_chords,0.369746,0.300379,0.135066,0.194808,1.0787,152,5.008,0.7673,1.3743,0
3048,121.92,211.328,52.832,modulation_spiral,0.729095,tension_chords,0.488933,0.256931,0.125108,0.129028,1.0709,151,5.1101,0.9011,1.3411,0
3049,121.96,211.3973,52.8493,modulation_spiral,0.729273,tension_chords,0.375899,0.127395,0.121799,0.374908,1.1005,145,5.0148,0.7145,1.3302,0
3050,122.0,211.4667,52.8667,modulation_spiral,0.729453,broken_beat,0.228207,0.092092,0.354636,0.325064,1.0946,144,4.9975,0.5175,2.1104,0
3051,122.04,211.536,52.884,modulation_spiral,0.729634,broken_beat,0.189233,0.127079,0.560137,0.123551,1.0705,145,5.173,0.481,2.7991,1
3052,122.08,211.6053,52.9013,modulation_spiral,0.729817,granular_texture,0.144901,0.195555,0.270666,0.388878,1.1024,148,5.0282,0.4496,1.8295,1
3053,122.12,211.6747,52.9187,modulation_spiral,0.730001,granular_texture,0.109457,0.310669,0.125059,0.454814,1.1104,153,5.0851,0.4456,1.3419,0
3054,122.16,211.744,52.936,modulation_spiral,0.730187,glassy_arps,0.131152,0.558763,0.154854,0.155231,1.0745,164,5.1743,0.5595,1.442,0
3055,122.2,211.8133,52.9533,modulation_spiral,0.730375,glassy_arps,0.106291,0.434363,0.244919,0.214426,1.0817,158,5.0694,0.4849,1.7439,0
3056,122.24,211.8827,52.9707,modulation_spiral,0.730564,granular_texture,0.095034,0.250894,0.322067,0.332006,1.0959,151,4.9832,0.4066,2.0025,0
3057,122.28,211.952,52.988,modulation_spiral,0.730754,broken_beat,0.25936,0.294332,0.312404,0.133903,1.0722,153,4.9674,0.6272,1.9704,0
3058,122.32,212.0213,53.0053,modulation_spiral,0.730946,tension_chords,0.474664,0.185668,0.143145,0.196523,1.0798,148,5.1062,0.8583,1.4036,0
3059,122.36,212.0907,53.0227,modulation_spiral,0.731139,granular_texture,0.376668,0.100782,0.099768,0.422782,1.1071,144,5.0629,0.7061,1.2585,0
3060,122.4,212.16,53.04,modulation_spiral,0.731334,tension_chords,0.469785,0.116492,0.209715,0.204008,1.0809,145,5.1038,0.828,1.627,0
3061,122.44,212.2293,53.0573,modulation_spiral,0.731531,tension_chords,0.389189,0.119366,0.384431,0.107014,1.0693,145,5.0361,0.7283,2.2125,0
3062,122.48,212.2987,53.0747,modulation_spiral,0.731729,granular_texture,0.262038,0.149456,0.242284,0.346222,1.0981,147,5.0005,0.5799,1.7366,0
3063,122.52,212.368,53.092,modulation_spiral,0.731928,glassy_arps,0.30136,0.341985,0.122387,0.234268,1.0848,155,4.9978,0.6964,1.3351,0
3064,122.56,212.4373,53.1093,modulation_spiral,0.732129,glassy_arps,0.256952,0.543489,0.099414,0.100145,1.0688,163,5.1699,0.7114,1.2584,0
3065,122.6,212.5067,53.1267,modulation_spiral,0.732331,glassy_arps,0.179589,0.395922,0.124988,0.2995,1.0928,157,5.0454,0.5631,1.3443,0
3066,122.64,212.576,53.144,modulation_spiral,0.732535,broken_beat,0.126028,0.248302,0.329925,0.295744,1.0925,151,4.9902,0.4444,2.031,1
3067,122.68,212.6453,53.1613,modulation_spiral,0.73274,broken_beat,0.129224,0.20972,0.523965,0.137091,1.0735,149,5.1561,0.4349,2.6813,0
3068,122.72,212.7147,53.1787,modulation_spiral,0.732947,granular_texture,0.131138,0.157378,0.238175,0.47331,1.114,147,5.1139,0.419,1.7241,0
3069,122.76,212.784,53.196,modulation_spiral,0.733155,granular_texture,0.137187,0.145137,0.145144,0.572532,1.126,147,5.1992,0.4223,1.4127,0
3070,122.8,212.8533,53.2133,modulation_spiral,0.733365,tension_chords,0.268799,0.247799,0.252491,0.23091,1.0851,151,4.942,0.6227,1.7725,0
3071,122.84,212.9227,53.2307,modulation_spiral,0.733576,broken_beat,0.203898,0.246118,0.338115,0.211869,1.0829,151,5.0018,0.541,2.0596,0
3072,122.88,212.992,53.248,modulation_spiral,0.733789,granular_texture,0.17548,0.253541,0.282208,0.288771,1.0922,151,4.9608,0.5081,1.8726,0
3073,122.92,213.0613,53.2653,modulation_spiral,0.734003,glassy_arps,0.323371,0.373277,0.176658,0.126694,1.0728,156,5.0336,0.7349,1.5192,1
3074,122.96,213.1307,53.2827,modulation_spiral,0.734218,tension_chords,0.434577,0.351293,0.087064,0.127066,1.073,155,5.0867,0.8662,1.2193,0
3075,123.0,213.2,53.3,modulation_spiral,0.734435,tension_chords,0.363291,0.228425,0.080097,0.328187,1.0972,150,5.027,0.7341,1.1962,0
3076,123.04,213.2693,53.3173,modulation_spiral,0.734653,tension_chords,0.387214,0.164844,0.272357,0.175584,1.079,148,5.0483,0.7417,1.8405,0
3077,123.08,213.3387,53.3347,modulation_spiral,0.734873,broken_beat,0.348585,0.107761,0.4364,0.107254,1.0709,145,5.0911,0.6734,2.3903,0
3078,123.12,213.408,53.352,modulation_spiral,0.735094,granular_texture,0.272677,0.095557,0.248292,0.383474,1.1042,145,5.0471,0.5743,1.7604,0
3079,123.16,213.4773,53.3693,modulation_spiral,0.735316,granular_texture,0.285379,0.150763,0.145183,0.418675,1.1085,147,5.078,0.6095,1.4152,0
3080,123.2,213.5467,53.3867,modulation_spiral,0.73554,glassy_arps,0.279739,0.332554,0.19381,0.193898,1.0816,155,5.0058,0.6661,1.5784,1
3081,123.24,213.616,53.404,modulation_spiral,0.735765,granular_texture,0.113632,0.316484,0.209168,0.360716,1.1017,154,5.0308,0.4528,1.6301,1
3082,123.28,213.6853,53.4213,modulation_spiral,0.735992,broken_beat,0.065406,0.300279,0.392441,0.241874,1.0876,154,5.0587,0.3869,2.2443,0
3083,123.32,213.7547,53.4387,modulation_spiral,0.73622,glassy_arps,0.093242,0.437201,0.365306,0.10425,1.0712,159,5.0978,0.4696,2.1536,0
3084,123.36,213.824,53.456,modulation_spiral,0.736449,glassy_arps,0.132865,0.396468,0.144361,0.326306,1.0979,158,5.0642,0.5048,1.4137,0
3085,123.4,213.8933,53.4733,modulation_spiral,0.73668,granular_texture,0.162563,0.223026,0.102988,0.511422,1.1202,150,5.1629,0.4813,1.2754,0
3086,123.44,213.9627,53.4907,modulation_spiral,0.736912,tension_chords,0.374367,0.204367,0.242078,0.179188,1.0805,150,5.0475,0.7395,1.7416,0
3087,123.48,214.032,53.508,modulation_spiral,0.737146,broken_beat,0.310765,0.102518,0.388432,0.198284,1.0829,145,5.0605,0.6243,2.2321,1
3088,123.52,214.1013,53.5253,modulation_spiral,0.737381,broken_beat,0.277327,0.077418,0.330226,0.315029,1.097,144,5.012,0.5738,2.0374,1
3089,123.56,214.1707,53.5427,modulation_spiral,0.737617,tension_chords,0.494012,0.171956,0.182096,0.151937,1.0775,148,5.1523,0.8777,1.5414,0
3090,123.6,214.24,53.56,modulation_spiral,0.737854,tension_chords,0.501212,0.256858,0.097195,0.144735,1.0768,152,5.1595,0.9164,1.2572,0
3091,123.64,214.3093,53.5773,modulation_spiral,0.738093,granular_texture,0.307776,0.256973,0.079526,0.355725,1.1022,152,5.0369,0.6747,1.1983,0
3092,123.68,214.3787,53.5947,modulation_spiral,0.738333,glassy_arps,0.252457,0.362668,0.24612,0.138756,1.0763,157,5.0439,0.6425,1.7567,0
3093,123.72,214.448,53.612,modulation_spiral,0.738575,glassy_arps,0.197098,0.369894,0.340196,0.092812,1.0709,157,5.0511,0.5758,2.0721,0
3094,123.76,214.5173,53.6293,modulation_spiral,0.738818,granular_texture,0.167182,0.237141,0.195084,0.400594,1.1079,151,5.0782,0.492,1.5862,1
3095,123.8,214.5867,53.6467,modulation_spiral,0.739062,granular_texture,0.196893,0.217405,0.17176,0.413942,1.1096,151,5.0907,0.5222,1.5084,1
3096,123.84,214.656,53.664,modulation_spiral,0.739308,broken_beat,0.226188,0.25099,0.2694,0.253422,1.0905,152,4.9689,0.5706,1.8357,0
3097,123.88,214.7253,53.6813,modulation_spiral,0.739554,granular_texture,0.100782,0.11725,0.30823,0.473738,1.117,146,5.1437,0.367,1.9661,0
3098,123.92,214.7947,53.6987,modulation_spiral,0.739803,broken_beat,0.104849,0.139568,0.437369,0.318214,1.0985,147,5.1139,0.3799,2.399,0
3099,123.96,214.864,53.716,modulation_spiral,0.740052,glassy_arps,0.209803,0.342205,0.31318,0.134812,1.0766,156,5.0341,0.582,1.9832,0
3100,124.0,214.9333,53.7333,modulation_spiral,0.740303,glassy_arps,0.198462,0.441042,0.096656,0.26384,1.0922,160,5.1192,0.6024,1.2581,0
3101,124.04,215.0027,53.7507,modulation_spiral,0.740555,glassy_arps,0.223042,0.391251,0.081722,0.303985,1.0971,158,5.078,0.6157,1.2084,0
3102,124.08,215.072,53.768,modulation_spiral,0.740808,glassy_arps,0.327088,0.35262,0.221966,0.098325,1.0726,156,5.0463,0.7323,1.6785,1
3103,124.12,215.1413,53.7853,modulation_spiral,0.741063,broken_beat,0.306287,0.18644,0.328808,0.178465,1.0823,150,5.0272,0.6481,2.0367,0
3104,124.16,215.2107,53.8027,modulation_spiral,0.741318,tension_chords,0.332397,0.110015,0.226943,0.330645,1.1007,146,5.0314,0.654,1.6957,0
3105,124.2,215.28,53.82,modulation_spiral,0.741576,tension_chords,0.548088,0.137985,0.150211,0.163716,1.0808,148,5.2159,0.9334,1.4389,0
3106,124.24,215.3493,53.8373,modulation_spiral,0.741834,tension_chords,0.519703,0.133352,0.132894,0.214051,1.0869,147,5.1929,0.8963,1.3812,0
3107,124.28,215.4187,53.8547,modulation_spiral,0.742094,granular_texture,0.299272,0.121363,0.167566,0.411799,1.1108,147,5.1023,0.6166,1.4976,0
3108,124.32,215.488,53.872,modulation_spiral,0.742354,broken_beat,0.179802,0.218145,0.44541,0.156643,1.0803,151,5.1321,0.5011,2.4287,0
3109,124.36,215.5573,53.8893,modulation_spiral,0.742617,glassy_arps,0.13555,0.371603,0.361884,0.130963,1.0773,158,5.0705,0.4995,2.1492,1
3110,124.4,215.6267,53.9067,modulation_spiral,0.74288,glassy_arps,0.089567,0.401044,0.118093,0.391296,1.1087,159,5.0967,0.4523,1.3328,0
3111,124.44,215.696,53.924,modulation_spiral,0.743145,glassy_arps,0.11098,0.496827,0.127521,0.264671,1.0936,163,5.1793,0.5126,1.3647,0
3112,124.48,215.7653,53.9413,modulation_spiral,0.74341,glassy_arps,0.153857,0.440273,0.231581,0.174288,1.0829,161,5.1324,0.5464,1.7135,0
3113,124.52,215.8347,53.9587,modulation_spiral,0.743678,granular_texture,0.112965,0.140326,0.356982,0.389727,1.1089,148,5.0906,0.3903,2.1339,0
3114,124.56,215.904,53.976,modulation_spiral,0.743946,broken_beat,0.17331,0.093864,0.439455,0.293372,1.0974,146,5.1341,0.4495,2.4105,0
3115,124.6,215.9733,53.9933,modulation_spiral,0.744215,tension_chords,0.470124,0.148335,0.233147,0.148394,1.0801,148,5.1614,0.8396,1.7197,0
3116,124.64,216.0427,54.0107,modulation_spiral,0.744486,tension_chords,0.407392,0.129846,0.109268,0.353494,1.1049,148,5.1092,0.7547,1.305,0
3117,124.68,216.112,54.028,modulation_spiral,0.744758,tension_chords,0.37749,0.191226,0.113467,0.317816,1.1007,150,5.085,0.7388,1.3193,0
3118,124.72,216.1813,54.0453,modulation_spiral,0.745031,tension_chords,0.357489,0.283967,0.27267,0.085874,1.073,154,5.0693,0.7462,1.853,0
3119,124.76,216.2507,54.0627,modulation_spiral,0.745305,glassy_arps,0.260547,0.272406,0.272272,0.194775,1.0862,154,4.9982,0.621,1.8519,0
3120,124.8,216.32,54.08,modulation_spiral,0.745581,granular_texture,0.250255,0.28696,0.1476,0.315185,1.1008,154,5.0357,0.6133,1.4346,0
3121,124.84,216.3893,54.0973,modulation_spiral,0.745858,glassy_arps,0.350226,0.400393,0.120724,0.128657,1.0785,159,5.1094,0.7779,1.3449,0
3122,124.88,216.4587,54.1147,modulation_spiral,0.746136,tension_chords,0.314804,0.257122,0.149662,0.278412,1.0966,153,5.0379,0.6835,1.4421,0
3123,124.92,216.528,54.132,modulation_spiral,0.746415,granular_texture,0.172627,0.110662,0.279406,0.437305,1.1158,147,5.1433,0.4545,1.8771,1
3124,124.96,216.5973,54.1493,modulation_spiral,0.746695,broken_beat,0.139079,0.130717,0.562496,0.167708,1.0836,148,5.2509,0.4196,2.8257,1
3125,125.0,216.6667,54.1667,modulation_spiral,0.746976,broken_beat,0.145769,0.18709,0.381746,0.285394,1.0979,150,5.0985,0.4477,2.2205,0
3126,125.04,216.736,54.184,modulation_spiral,0.747259,granular_texture,0.105079,0.217534,0.120991,0.556396,1.1305,152,5.2482,0.4075,1.3473,0
3127,125.08,216.8053,54.2013,modulation_spiral,0.747543,glassy_arps,0.159876,0.45779,0.147676,0.234658,1.092,162,5.1657,0.5601,1.437,0
3128,125.12,216.8747,54.2187,modulation_spiral,0.747827,glassy_arps,0.161489,0.486319,0.231279,0.120913,1.0785,163,5.1912,0.5721,1.7174,0
3129,125.16,216.944,54.236,modulation_spiral,0.748113,glassy_arps,0.145033,0.327985,0.267629,0.259353,1.0953,156,5.0579,0.4961,1.8395,0
3130,125.2,217.0133,54.2533,modulation_spiral,0.748401,tension_chords,0.287333,0.278501,0.238013,0.196153,1.0878,154,5.0246,0.6566,1.7406,1
3131,125.24,217.0827,54.2707,modulation_spiral,0.748689,tension_chords,0.549644,0.203997,0.124295,0.122064,1.079,151,5.2489,0.9585,1.3599,0
3132,125.28,217.152,54.288,modulation_spiral,0.748978,tension_chords,0.45341,0.099507,0.090786,0.356297,1.1073,147,5.1684,0.8016,1.248,0
3133,125.32,217.2213,54.3053,modulation_spiral,0.749269,tension_chords,0.421625,0.098078,0.211976,0.268321,1.0969,147,5.1426,0.7614,1.6543,0
3134,125.36,217.2907,54.3227,modulation_spiral,0.749561,broken_beat,0.362386,0.104261,0.437248,0.096105,1.0763,147,5.1572,0.6895,2.4093,0
3135,125.4,217.36,54.34,modulation_spiral,0.749853,granular_texture,0.270826,0.160879,0.281943,0.286351,1.0993,150,5.0302,0.5948,1.8893,0
3136,125.44,217.4293,54.3573,modulation_spiral,0.750147,granular_texture,0.209329,0.337838,0.107898,0.344934,1.1065,157,5.0813,0.5799,1.3066,0
3137,125.48,217.4987,54.3747,modulation_spiral,0.750442,glassy_arps,0.199805,0.551382,0.124163,0.124651,1.0802,166,5.2581,0.6427,1.3614,0
3138,125.52,217.568,54.392,modulation_spiral,0.750738,glassy_arps,0.117388,0.441843,0.160612,0.280157,1.099,162,5.1664,0.5014,1.4839,1
3139,125.56,217.6373,54.4093,modulation_spiral,0.751035,broken_beat,0.071094,0.253872,0.3713,0.303735,1.1019,154,5.1077,0.3777,2.19,1
3140,125.6,217.7067,54.4267,modulation_spiral,0.751334,broken_beat,0.108107,0.234032,0.527867,0.129994,1.0812,153,5.2421,0.417,2.7148,0
3141,125.64,217.776,54.444,modulation_spiral,0.751633,granular_texture,0.183771,0.200906,0.242946,0.372377,1.1104,152,5.1113,0.5,1.7607,0
3142,125.68,217.8453,54.4613,modulation_spiral,0.751933,granular_texture,0.168691,0.114854,0.114834,0.601621,1.1381,148,5.3075,0.4511,1.3318,0
3143,125.72,217.9147,54.4787,modulation_spiral,0.752235,tension_chords,0.369909,0.186713,0.225011,0.218367,1.0922,151,5.1119,0.7277,1.7012,0
3144,125.76,217.984,54.496,modulation_spiral,0.752537,broken_beat,0.299727,0.173717,0.360843,0.165713,1.0861,151,5.1055,0.6355,2.1566,0
3145,125.8,218.0533,54.5133,modulation_spiral,0.752841,broken_beat,0.238321,0.18624,0.292433,0.283007,1.1003,151,5.0487,0.5631,1.9278,1
3146,125.84,218.1227,54.5307,modulation_spiral,0.753146,tension_chords,0.366139,0.344855,0.158085,0.130921,1.0822,158,5.1127,0.7784,1.478,1
3147,125.88,218.192,54.548,modulation_spiral,0.753452,tension_chords,0.440015,0.364462,0.085189,0.110335,1.0798,159,5.1769,0.8776,1.2342,0
3148,125.92,218.2613,54.5653,modulation_spiral,0.753758,granular_texture,0.32777,0.226246,0.077181,0.368803,1.111,153,5.1177,0.6889,1.2077,0
3149,125.96,218.3307,54.5827,modulation_spiral,0.754066,tension_chords,0.322673,0.198919,0.287006,0.191402,1.0898,152,5.0799,0.673,1.9109,0
3150,126.0,218.4,54.6,modulation_spiral,0.754375,broken_beat,0.276671,0.1383,0.465681,0.119347,1.0813,149,5.2028,0.5942,2.5098,0
3151,126.04,218.4693,54.6173,modulation_spiral,0.754685,granular_texture,0.20091,0.114696,0.231138,0.453256,1.1215,149,5.1936,0.4913,1.7245,0
3152,126.08,218.5387,54.6347,modulation_spiral,0.754996,granular_texture,0.207785,0.180128,0.174793,0.437295,1.1198,151,5.1814,0.5228,1.5361,1
3153,126.12,218.608,54.652,modulation_spiral,0.755308,glassy_arps,0.202888,0.336676,0.237203,0.223233,1.0942,158,5.0973,0.5714,1.7455,1
3154,126.16,218.6773,54.6693,modulation_spiral,0.755621,granular_texture,0.082183,0.255071,0.252353,0.410392,1.1168,155,5.1613,0.392,1.7966,0
3155,126.2,218.7467,54.6867,modulation_spiral,0.755935,broken_beat,0.08084,0.318694,0.347809,0.252657,1.098,157,5.1095,0.4126,2.1167,0
3156,126.24,218.816,54.704,modulation_spiral,0.75625,glassy_arps,0.161422,0.487291,0.245271,0.106016,1.0806,164,5.2295,0.5723,1.7735,0
3157,126.28,218.8853,54.7213,modulation_spiral,0.756566,glassy_arps,0.199555,0.419914,0.097965,0.282566,1.1019,162,5.1736,0.5964,1.2804,0
3158,126.32,218.9547,54.7387,modulation_spiral,0.756883,granular_texture,0.282702,0.240673,0.104445,0.37218,1.1128,154,5.1345,0.6376,1.3025,0
3159,126.36,219.024,54.756,modulation_spiral,0.757201,tension_chords,0.421031,0.147919,0.308673,0.122377,1.083,150,5.1774,0.7781,1.987,1
3160,126.4,219.0933,54.7733,modulation_spiral,0.757519,broken_beat,0.332797,0.082422,0.362098,0.222683,1.0952,148,5.1287,0.6448,2.1663,1
3161,126.44,219.1627,54.7907,modulation_spiral,0.757839,tension_chords,0.35167,0.085175,0.225092,0.338063,1.1092,148,5.1213,0.6694,1.7077,0
3162,126.48,219.232,54.808,modulation_spiral,0.75816,tension_chords,0.53079,0.187804,0.138376,0.14303,1.0859,152,5.275,0.9292,1.4175,0
3163,126.52,219.3013,54.8253,modulation_spiral,0.758482,tension_chords,0.41845,0.279766,0.104417,0.197367,1.0926,156,5.1809,0.821,1.3041,0
3164,126.56,219.3707,54.8427,modulation_spiral,0.758805,glassy_arps,0.22535,0.330325,0.14129,0.303035,1.1054,158,5.1075,0.5973,1.428,0
3165,126.6,219.44,54.86,modulation_spiral,0.759129,broken_beat,0.144246,0.367887,0.385142,0.102725,1.0815,160,5.1555,0.5091,2.2453,0
3166,126.64,219.5093,54.8773,modulation_spiral,0.759453,glassy_arps,0.132838,0.376781,0.331212,0.159169,1.0884,160,5.1498,0.4979,2.065,1
3167,126.68,219.5787,54.8947,modulation_spiral,0.759779,granular_texture,0.108934,0.258041,0.13246,0.500565,1.1296,155,5.2565,0.4265,1.3995,0
3168,126.72,219.648,54.912,modulation_spiral,0.760106,granular_texture,0.18171,0.266752,0.208929,0.342608,1.1108,156,5.1237,0.5205,1.656,0
3169,126.76,219.7173,54.9293,modulation_spiral,0.760433,broken_beat,0.196093,0.209307,0.340832,0.253768,1.1003,153,5.1236,0.5184,2.0983,0
3170,126.8,219.7867,54.9467,modulation_spiral,0.760762,granular_texture,0.113706,0.090759,0.381167,0.414369,1.1197,148,5.1876,0.3739,2.2337,0
3171,126.84,219.856,54.964,modulation_spiral,0.761091,broken_beat,0.196621,0.144955,0.423105,0.235319,1.0983,151,5.1965,0.4965,2.3746,0
3172,126.88,219.9253,54.9813,modulation_spiral,0.761422,tension_chords,0.385221,0.335996,0.154231,0.124552,1.0852,159,5.1658,0.7991,1.4742,0
3173,126.92,219.9947,54.9987,modulation_spiral,0.761753,granular_texture,0.297518,0.310732,0.079644,0.312106,1.1079,158,5.1051,0.6807,1.2247,0
3174,126.96,220.064,55.016,modulation_spiral,0.762085,glassy_arps,0.325126,0.352187,0.113612,0.209075,1.0956,160,5.1406,0.7297,1.3389,0
3175,127.0,220.1333,55.0333,modulation_spiral,0.762418,tension_chords,0.334663,0.291281,0.294619,0.079437,1.0802,157,5.1272,0.7203,1.9456,1
3176,127.04,220.2027,55.0507,modulation_spiral,0.762752,granular_texture,0.282085,0.162582,0.271336,0.283997,1.1049,152,5.0856,0.6095,1.868,0
3177,127.08,220.272,55.068,modulation_spiral,0.763087,granular_texture,0.350203,0.131237,0.158944,0.359616,1.1142,150,5.1514,0.6837,1.4919,0
3178,127.12,220.3413,55.0853,modulation_spiral,0.763423,tension_chords,0.486836,0.172361,0.170399,0.170404,1.0916,152,5.261,0.8689,1.5306,0
3179,127.16,220.4107,55.1027,modulation_spiral,0.76376,granular_texture,0.299281,0.135935,0.167634,0.397149,1.119,151,5.1863,0.6217,1.5217,0
3180,127.2,220.48,55.12,modulation_spiral,0.764097,granular_texture,0.157095,0.136873,0.341485,0.364547,1.1152,151,5.1601,0.4443,2.1045,0
3181,127.24,220.5493,55.1373,modulation_spiral,0.764436,broken_beat,0.117913,0.28296,0.479674,0.119452,1.086,157,5.2595,0.4464,2.5678,1
3182,127.28,220.6187,55.1547,modulation_spiral,0.764775,glassy_arps,0.093708,0.403014,0.183876,0.319402,1.1101,162,5.1958,0.4582,1.5772,1
3183,127.32,220.688,55.172,modulation_spiral,0.765115,granular_texture,0.085557,0.409399,0.093457,0.411587,1.1213,162,5.2046,0.4502,1.2747,0
3184,127.36,220.7573,55.1893,modulation_spiral,0.765456,glassy_arps,0.162846,0.526865,0.160974,0.149314,1.09,167,5.3041,0.588,1.5013,0
3185,127.4,220.8267,55.2067,modulation_spiral,0.765798,broken_beat,0.181576,0.291593,0.324176,0.202656,1.0966,158,5.1334,0.529,2.0484,0
3186,127.44,220.896,55.224,modulation_spiral,0.766141,granular_texture,0.202249,0.117055,0.339129,0.341567,1.1134,150,5.1497,0.4938,2.0988,0
3187,127.48,220.9653,55.2413,modulation_spiral,0.766484,tension_chords,0.464451,0.126502,0.246454,0.162592,1.0921,151,5.2556,0.8248,1.7888,0
3188,127.52,221.0347,55.2587,modulation_spiral,0.766829,tension_chords,0.574724,0.11308,0.112898,0.199298,1.0967,150,5.3509,0.958,1.3417,0
3189,127.56,221.104,55.276,modulation_spiral,0.767174,tension_chords,0.408417,0.111935,0.091553,0.388094,1.1195,150,5.2111,0.7497,1.2706,0
3190,127.6,221.1733,55.2933,modulation_spiral,0.76752,tension_chords,0.367198,0.20406,0.292794,0.135948,1.0894,154,5.1776,0.7304,1.9451,0
3191,127.64,221.2427,55.3107,modulation_spiral,0.767867,broken_beat,0.273588,0.281198,0.349887,0.095327,1.0847,157,5.1644,0.6404,2.1368,0
3192,127.68,221.312,55.328,modulation_spiral,0.768215,glassy_arps,0.198155,0.35311,0.15479,0.293945,1.1087,161,5.1687,0.5713,1.4836,0
3193,127.72,221.3813,55.3453,modulation_spiral,0.768563,glassy_arps,0.211124,0.472912,0.101156,0.214808,1.0993,166,5.2721,0.6294,1.3043,0
3194,127.76,221.4507,55.3627,modulation_spiral,0.768913,glassy_arps,0.235329,0.417371,0.165532,0.181768,1.0955,163,5.2264,0.6402,1.5203,0
3195,127.8,221.52,55.38,modulation_spiral,0.769263,granular_texture,0.11641,0.155772,0.270472,0.457346,1.1287,152,5.262,0.4,1.8723,1
3196,127.84,221.5893,55.3973,modulation_spiral,0.769614,broken_beat,0.088756,0.103,0.564004,0.244239,1.1033,150,5.3542,0.347,2.856,1
3197,127.88,221.6587,55.4147,modulation_spiral,0.769965,broken_beat,0.154924,0.172109,0.498353,0.174614,1.0951,153,5.2999,0.4539,2.6364,0
3198,127.92,221.728,55.432,modulation_spiral,0.770318,granular_texture,0.157523,0.177086,0.144616,0.520775,1.1368,153,5.3206,0.4589,1.4518,0
3199,127.96,221.7973,55.4493,modulation_spiral,0.770671,granular_texture,0.189009,0.290201,0.114008,0.406783,1.1233,158,5.2253,0.5378,1.3497,0
3200,128.0,221.8667,55.4667,modulation_spiral,0.771025,glassy_arps,0.240572,0.454586,0.205298,0.099544,1.0866,165,5.2675,0.6598,1.6559,0
3201,128.04,221.936,55.484,modulation_spiral,0.77138,glassy_arps,0.208277,0.298298,0.283794,0.209631,1.1,159,5.1362,0.5648,1.9192,0
3202,128.08,222.0053,55.5013,modulation_spiral,0.771736,tension_chords,0.268096,0.265867,0.234081,0.231956,1.1028,157,5.1121,0.6282,1.7531,1
3203,128.12,222.0747,55.5187,modulation_spiral,0.772092,tension_chords,0.500658,0.272042,0.121079,0.106221,1.0879,158,5.3114,0.921,1.3749,0
3204,128.16,222.144,55.536,modulation_spiral,0.772449,tension_chords,0.505005,0.13226,0.092509,0.270226,1.1078,152,5.3167,0.8775,1.2796,0
3205,128.2,222.2133,55.5533,modulation_spiral,0.772807,granular_texture,0.357432,0.084932,0.149588,0.408049,1.1245,150,5.2358,0.6765,1.4712,0
3206,128.24,222.2827,55.5707,modulation_spiral,0.773166,broken_beat,0.331545,0.107742,0.449077,0.111636,1.0891,151,5.2723,0.6521,2.4749,0
3207,128.28,222.352,55.588,modulation_spiral,0.773525,broken_beat,0.243913,0.148464,0.360642,0.246981,1.1055,153,5.1987,0.5569,2.179,0
3208,128.32,222.4213,55.6053,modulation_spiral,0.773886,granular_texture,0.164587,0.252009,0.132444,0.45096,1.1301,157,5.2771,0.4939,1.415,0
3209,128.36,222.4907,55.6227,modulation_spiral,0.774247,glassy_arps,0.155024,0.530591,0.146461,0.167924,1.0963,169,5.3464,0.5795,1.4623,0
3210,128.4,222.56,55.64,modulation_spiral,0.774608,glassy_arps,0.098715,0.493072,0.181467,0.226745,1.1035,167,5.3161,0.496,1.58,1
3211,128.44,222.6293,55.6573,modulation_spiral,0.77497,granular_texture,0.063211,0.279173,0.283751,0.373866,1.1214,158,5.2164,0.3767,1.923,1
3212,128.48,222.6987,55.6747,modulation_spiral,0.775333,broken_beat,0.135856,0.301828,0.408697,0.15362,1.0951,159,5.2476,0.4755,2.342,0
3213,128.52,222.768,55.692,modulation_spiral,0.775697,tension_chords,0.287287,0.253426,0.215687,0.2436,1.1061,157,5.146,0.6478,1.6958,0
3214,128.56,222.8373,55.7093,modulation_spiral,0.776062,granular_texture,0.269514,0.117202,0.113285,0.499999,1.137,152,5.3285,0.5779,1.3532,0
3215,128.6,222.9067,55.7267,modulation_spiral,0.776427,tension_chords,0.427897,0.136068,0.210687,0.225348,1.1042,153,5.2688,0.7825,1.6799,0
3216,128.64,222.976,55.744,modulation_spiral,0.776793,broken_beat,0.364276,0.11836,0.391857,0.125507,1.0924,152,5.2398,0.6968,2.2872,0
3217,128.68,223.0453,55.7613,modulation_spiral,0.777159,granular_texture,0.281354,0.146046,0.257383,0.315217,1.1153,153,5.1763,0.6028,1.8371,1
3218,128.72,223.1147,55.7787,modulation_spiral,0.777527,tension_chords,0.376894,0.315653,0.129242,0.178211,1.099,160,5.2304,0.7816,1.4082,0
3219,128.76,223.184,55.796,modulation_spiral,0.777894,glassy_arps,0.391164,0.414509,0.093065,0.101262,1.09,165,5.264,0.834,1.2875,0
3220,128.8,223.2533,55.8133,modulation_spiral,0.778263,glassy_arps,0.28834,0.324846,0.092295,0.294519,1.1133,161,5.1894,0.6741,1.2853,0
3221,128.84,223.3227,55.8307,modulation_spiral,0.778632,broken_beat,0.204867,0.257629,0.3321,0.205404,1.1028,158,5.1972,0.5463,2.089,0
3222,128.88,223.392,55.848,modulation_spiral,0.779002,broken_beat,0.178913,0.170233,0.536663,0.114191,1.092,154,5.3727,0.4832,2.7747,0
3223,128.92,223.4613,55.8653,modulation_spiral,0.779373,granular_texture,0.143121,0.134872,0.218579,0.503429,1.1389,153,5.3461,0.4261,1.7095,0
3224,128.96,223.5307,55.8827,modulation_spiral,0.779744,granular_texture,0.151981,0.171908,0.171568,0.504543,1.1392,155,5.3487,0.4501,1.5525,1
3225,129.0,223.6,55.9,modulation_spiral,0.780116,glassy_arps,0.205961,0.288401,0.272181,0.233457,1.1069,160,5.1667,0.5584,1.8899,1
3226,129.04,223.6693,55.9173,modulation_spiral,0.780489,granular_texture,0.109854,0.224041,0.329639,0.336466,1.1194,157,5.2092,0.4157,2.0828,0
3227,129.08,223.7387,55.9347,modulation_spiral,0.780862,broken_beat,0.112934,0.274276,0.338855,0.273935,1.1121,159,5.2129,0.4372,2.1141,0
3228,129.12,223.808,55.952,modulation_spiral,0.781235,glassy_arps,0.239991,0.488799,0.185381,0.085829,1.0897,168,5.342,0.6711,1.6004,0
3229,129.16,223.8773,55.9693,modulation_spiral,0.78161,glassy_arps,0.304697,0.368352,0.085574,0.241378,1.1085,163,5.2413,0.7098,1.2664,0
3230,129.2,223.9467,55.9867,modulation_spiral,0.781985,tension_chords,0.338375,0.2348,0.095206,0.331619,1.1195,158,5.2175,0.7051,1.2991,0
3231,129.24,224.016,56.004,modulation_spiral,0.782361,tension_chords,0.438561,0.154727,0.300161,0.106551,1.0927,154,5.3043,0.8024,1.9861,1
3232,129.28,224.0853,56.0213,modulation_spiral,0.782737,broken_beat,0.352884,0.085273,0.363663,0.198181,1.1038,151,5.2423,0.671,2.1993,1
3233,129.32,224.1547,56.0387,modulation_spiral,0.783114,granular_texture,0.313242,0.080694,0.18033,0.425734,1.1313,151,5.2967,0.6198,1.5855,0
3234,129.36,224.224,56.056,modulation_spiral,0.783491,tension_chords,0.486408,0.189947,0.152818,0.170827,1.1009,156,5.35,0.8745,1.4938,0
3235,129.4,224.2933,56.0733,modulation_spiral,0.78387,glassy_arps,0.314196,0.319999,0.129482,0.236323,1.1089,161,5.2102,0.7047,1.416,0
3236,129.44,224.3627,56.0907,modulation_spiral,0.784248,granular_texture,0.150862,0.301478,0.205829,0.341831,1.1218,161,5.2305,0.4941,1.6722,0
3237,129.48,224.432,56.108,modulation_spiral,0.784627,glassy_arps,0.103594,0.391803,0.391151,0.113452,1.0945,165,5.2746,0.4666,2.2934,0
3238,129.52,224.5013,56.1253,modulation_spiral,0.785007,glassy_arps,0.099913,0.450023,0.266482,0.183582,1.1031,167,5.3258,0.4824,1.8762,1
3239,129.56,224.5707,56.1427,modulation_spiral,0.785388,granular_texture,0.084855,0.262372,0.099375,0.553398,1.1477,159,5.4154,0.3979,1.3168,0
3240,129.6,224.64,56.16,modulation_spiral,0.785769,granular_texture,0.203424,0.293311,0.2001,0.303165,1.1178,161,5.2044,0.5569,1.6547,0
3241,129.64,224.7093,56.1773,modulation_spiral,0.78615,broken_beat,0.234744,0.160976,0.400424,0.203856,1.1061,155,5.2887,0.5498,2.3262,0
3242,129.68,224.7787,56.1947,modulation_spiral,0.786533,broken_beat,0.185109,0.082797,0.36969,0.362404,1.1253,152,5.2643,0.4604,2.2236,0
3243,129.72,224.848,56.212,modulation_spiral,0.786915,tension_chords,0.362645,0.137625,0.292108,0.207622,1.1069,154,5.26,0.7015,1.9642,0
3244,129.76,224.9173,56.2293,modulation_spiral,0.787299,tension_chords,0.525464,0.233982,0.114033,0.126521,1.0973,158,5.4001,0.9387,1.368,0
3245,129.8,224.9867,56.2467,modulation_spiral,0.787682,granular_texture,0.342621,0.243895,0.069334,0.34415,1.1236,159,5.2477,0.7136,1.2187,0
3246,129.84,225.056,56.264,modulation_spiral,0.788067,glassy_arps,0.325883,0.327131,0.177077,0.169909,1.1029,162,5.235,0.7218,1.5801,1
3247,129.88,225.1253,56.2813,modulation_spiral,0.788452,broken_beat,0.274714,0.283302,0.369511,0.072474,1.0914,161,5.2727,0.6425,2.2252,1
3248,129.92,225.1947,56.2987,modulation_spiral,0.788837,granular_texture,0.24901,0.225168,0.227724,0.298098,1.1186,158,5.2137,0.5901,1.7506,0
3249,129.96,225.264,56.316,modulation_spiral,0.789223,granular_texture,0.303334,0.212656,0.13648,0.34753,1.1247,158,5.2574,0.6536,1.4454,0
3250,130.0,225.3333,56.3333,modulation_spiral,0.789609,tension_chords,0.357199,0.218899,0.211578,0.212325,1.1087,158,5.2674,0.7231,1.6974,0
3251,130.04,225.4027,56.3507,modulation_spiral,0.789996,granular_texture,0.149135,0.127042,0.238968,0.484856,1.1416,154,5.3776,0.4309,1.7895,0
3252,130.08,225.472,56.368,modulation_spiral,0.790384,broken_beat,0.089505,0.120292,0.476707,0.313496,1.1212,154,5.3724,0.354,2.5864,0
3253,130.12,225.5413,56.3853,modulation_spiral,0.790772,broken_beat,0.109068,0.268122,0.498417,0.124393,1.0987,160,5.3926,0.4302,2.6595,1
3254,130.16,225.6107,56.4027,modulation_spiral,0.79116,glassy_arps,0.116807,0.402609,0.131958,0.348626,1.1258,166,5.3129,0.4869,1.4323,0
3255,130.2,225.68,56.42,modulation_spiral,0.791549,glassy_arps,0.131508,0.430352,0.088794,0.349345,1.126,167,5.3382,0.515,1.2882,0
3256,130.24,225.7493,56.4373,modulation_spiral,0.791939,glassy_arps,0.216287,0.517497,0.166162,0.100054,1.0963,171,5.414,0.6515,1.5478,0
3257,130.28,225.8187,56.4547,modulation_spiral,0.792329,broken_beat,0.234269,0.231529,0.323276,0.210927,1.1098,159,5.2506,0.5739,2.0745,0
3258,130.32,225.888,56.472,modulation_spiral,0.792719,granular_texture,0.291805,0.117125,0.285075,0.305995,1.1214,154,5.2377,0.6057,1.947,0
3259,130.36,225.9573,56.4893,modulation_spiral,0.79311,tension_chords,0.573545,0.128315,0.167347,0.130793,1.1005,155,5.4669,0.9618,1.553,0
3260,130.4,226.0267,56.5067,modulation_spiral,0.793501,tension_chords,0.569347,0.101832,0.10165,0.227171,1.1123,154,5.465,0.9473,1.3334,0
3261,130.44,226.096,56.524,modulation_spiral,0.793893,granular_texture,0.373473,0.097671,0.120825,0.408031,1.1342,154,5.3297,0.701,1.398,0
3262,130.48,226.1653,56.5413,modulation_spiral,0.794286,broken_beat,0.313108,0.211342,0.365352,0.110198,1.0986,158,5.2951,0.6654,2.2176,0
3263,130.52,226.2347,56.5587,modulation_spiral,0.794678,glassy_arps,0.197878,0.360908,0.295313,0.145901,1.1031,165,5.2931,0.5737,1.9834,0
3264,130.56,226.304,56.576,modulation_spiral,0.795072,glassy_arps,0.137943,0.396802,0.110321,0.354935,1.1283,166,5.3254,0.5113,1.3642,0
3265,130.6,226.3733,56.5933,modulation_spiral,0.795465,glassy_arps,0.153416,0.538724,0.131543,0.176317,1.1071,172,5.4477,0.5803,1.4357,0
3266,130.64,226.4427,56.6107,modulation_spiral,0.795859,glassy_arps,0.136395,0.412481,0.218349,0.232775,1.114,167,5.3422,0.5149,1.7269,0
3267,130.68,226.512,56.628,modulation_spiral,0.796254,granular_texture,0.072988,0.126513,0.316738,0.48376,1.1443,155,5.4045,0.3355,2.057,1
3268,130.72,226.5813,56.6453,modulation_spiral,0.796649,broken_beat,0.139457,0.133813,0.511257,0.215473,1.1123,156,5.4297,0.4212,2.709,1
3269,130.76,226.6507,56.6627,modulation_spiral,0.797044,tension_chords,0.295976,0.186705,0.278614,0.238705,1.1153,158,5.2484,0.6353,1.9301,0
3270,130.8,226.72,56.68,modulation_spiral,0.79744,granular_texture,0.246738,0.147494,0.112151,0.493618,1.1461,156,5.4182,0.56,1.3729,0
3271,130.84,226.7893,56.6973,modulation_spiral,0.797836,tension_chords,0.347168,0.272984,0.154573,0.225274,1.114,162,5.2955,0.7295,1.5154,0
3272,130.88,226.8587,56.7147,modulation_spiral,0.798233,broken_beat,0.293305,0.283296,0.334071,0.089328,1.0979,162,5.2861,0.6658,2.1172,0
3273,130.92,226.928,56.732,modulation_spiral,0.79863,granular_texture,0.23248,0.244302,0.231514,0.291704,1.1224,160,5.2519,0.5761,1.7741,0
3274,130.96,226.9973,56.7493,modulation_spiral,0.799027,tension_chords,0.351352,0.325468,0.132578,0.190602,1.1104,164,5.3043,0.7531,1.4431,0
3275,131.0,227.0667,56.7667,modulation_spiral,0.799425,tension_chords,0.478128,0.299495,0.109182,0.113196,1.1013,163,5.4139,0.9025,1.3651,0
3276,131.04,227.136,56.784,modulation_spiral,0.799823,tension_chords,0.391789,0.14278,0.108002,0.357428,1.1308,156,5.3422,0.7397,1.3616,0
3277,131.08,227.2053,56.8013,modulation_spiral,0.800222,broken_beat,0.28009,0.100446,0.350161,0.269303,1.1204,155,5.3086,0.5853,2.1733,0
3278,131.12,227.2747,56.8187,modulation_spiral,0.800621,broken_beat,0.191815,0.107863,0.592124,0.108198,1.1013,155,5.5161,0.4775,2.9843,0
3279,131.16,227.344,56.836,modulation_spiral,0.80102,granular_texture,0.141353,0.147541,0.225178,0.485928,1.1468,157,5.4276,0.4283,1.7555,0
3280,131.2,227.4133,56.8533,modulation_spiral,0.80142,granular_texture,0.124161,0.298862,0.136774,0.440203,1.1415,163,5.3905,0.4598,1.4598,0
3281,131.24,227.4827,56.8707,modulation_spiral,0.80182,glassy_arps,0.132301,0.546858,0.169262,0.15158,1.107,174,5.4829,0.5568,1.569,0
3282,131.28,227.552,56.888,modulation_spiral,0.80222,glassy_arps,0.086684,0.385002,0.260795,0.267519,1.1211,167,5.3471,0.4431,1.8761,1
3283,131.32,227.6213,56.9053,modulation_spiral,0.802621,broken_beat,0.104839,0.304249,0.326815,0.264096,1.1209,164,5.2995,0.4375,2.0977,1
3284,131.36,227.6907,56.9227,modulation_spiral,0.803022,glassy_arps,0.276515,0.357919,0.258438,0.107128,1.1022,166,5.3277,0.6709,1.8691,0
3285,131.4,227.76,56.94,modulation_spiral,0.803424,tension_chords,0.387376,0.178891,0.113727,0.320006,1.128,158,5.3545,0.7468,1.3848,0
3286,131.44,227.8293,56.9573,modulation_spiral,0.803825,granular_texture,0.386014,0.103841,0.107949,0.402197,1.138,155,5.3689,0.7189,1.3658,0
3287,131.48,227.8987,56.9747,modulation_spiral,0.804227,tension_chords,0.467962,0.110163,0.306702,0.115172,1.1038,156,5.4266,0.8235,2.0321,0
3288,131.52,227.968,56.992,modulation_spiral,0.80463,broken_beat,0.352889,0.100331,0.362715,0.184065,1.1122,155,5.3389,0.6762,2.2202,0
3289,131.56,228.0373,57.0093,modulation_spiral,0.805033,granular_texture,0.302695,0.165474,0.172409,0.359422,1.1334,158,5.3379,0.6363,1.5831,1
3290,131.6,228.1067,57.0267,modulation_spiral,0.805436,glassy_arps,0.360086,0.40761,0.107289,0.125015,1.1055,168,5.3807,0.7928,1.3654,0
3291,131.64,228.176,57.044,modulation_spiral,0.805839,glassy_arps,0.240359,0.503104,0.09078,0.165756,1.1106,172,5.4636,0.6765,1.3105,0
3292,131.68,228.2453,57.0613,modulation_spiral,0.806243,glassy_arps,0.154651,0.333715,0.187313,0.324321,1.1298,165,5.3214,0.5101,1.6344,0
3293,131.72,228.3147,57.0787,modulation_spiral,0.806647,broken_beat,0.129306,0.278075,0.459296,0.133323,1.1071,163,5.43,0.459,2.546,0
3294,131.76,228.384,57.096,modulation_spiral,0.807051,broken_beat,0.141142,0.230049,0.384656,0.244153,1.1205,161,5.3683,0.4569,2.2964,0
3295,131.8,228.4533,57.1133,modulation_spiral,0.807455,granular_texture,0.101885,0.120132,0.120928,0.657054,1.1703,157,5.6017,0.3694,1.4133,0
3296,131.84,228.5227,57.1307,modulation_spiral,0.80786,granular_texture,0.214227,0.214051,0.218774,0.352948,1.134,161,5.345,0.5427,1.7415,1
3297,131.88,228.592,57.148,modulation_spiral,0.808265,broken_beat,0.211428,0.188935,0.402835,0.196802,1.1154,160,5.3892,0.5304,2.3586,1
3298,131.92,228.6613,57.1653,modulation_spiral,0.808671,broken_beat,0.15346,0.193861,0.331775,0.320904,1.1305,160,5.3306,0.4597,2.121,0
3299,131.96,228.7307,57.1827,modulation_spiral,0.809076,glassy_arps,0.268426,0.345599,0.229424,0.156551,1.111,166,5.3441,0.6565,1.7786,0
3300,132.0,228.8,57.2,modulation_spiral,0.809482,tension_chords,0.414898,0.393054,0.091588,0.10046,1.1044,168,5.4049,0.8562,1.3173,0
3301,132.04,228.8693,57.2173,modulation_spiral,0.809889,granular_texture,0.319076,0.259549,0.064597,0.356778,1.1354,163,5.3573,0.6897,1.2273,0
3302,132.08,228.9387,57.2347,modulation_spiral,0.810295,tension_chords,0.38147,0.228482,0.191797,0.198251,1.1165,162,5.3801,0.7568,1.6538,0
3303,132.12,229.008,57.252,modulation_spiral,0.810702,broken_beat,0.330817,0.119902,0.464126,0.085155,1.1031,157,5.4521,0.6555,2.5666,1
3304,132.16,229.0773,57.2693,modulation_spiral,0.811109,granular_texture,0.295746,0.088587,0.268753,0.346914,1.1347,156,5.3543,0.6007,1.9125,1
3305,132.2,229.1467,57.2867,modulation_spiral,0.811516,granular_texture,0.352481,0.135843,0.149284,0.362392,1.1368,158,5.3693,0.6881,1.5128,0
3306,132.24,229.216,57.304,modulation_spiral,0.811923,tension_chords,0.353666,0.254347,0.195204,0.196783,1.1171,163,5.3637,0.7311,1.667,0
3307,132.28,229.2853,57.3213,modulation_spiral,0.812331,granular_texture,0.126475,0.229685,0.191744,0.452096,1.1479,162,5.4492,0.4385,1.6559,0
3308,132.32,229.3547,57.3387,modulation_spiral,0.812739,broken_beat,0.075484,0.297766,0.373037,0.253712,1.1243,165,5.3838,0.3986,2.2637,0
3309,132.36,229.424,57.356,modulation_spiral,0.813147,glassy_arps,0.083145,0.431023,0.390464,0.095368,1.1055,170,5.4349,0.4548,2.3225,0
3310,132.4,229.4933,57.3733,modulation_spiral,0.813555,glassy_arps,0.10517,0.426656,0.12404,0.344134,1.1355,170,5.433,0.4808,1.4304,0
3311,132.44,229.5627,57.3907,modulation_spiral,0.813963,granular_texture,0.160001,0.318729,0.113276,0.407994,1.1434,166,5.4189,0.5116,1.3948,0
3312,132.48,229.632,57.408,modulation_spiral,0.814372,tension_chords,0.325258,0.253697,0.265913,0.155132,1.1132,163,5.3504,0.6954,1.9066,1
3313,132.52,229.7013,57.4253,modulation_spiral,0.814781,broken_beat,0.259588,0.090642,0.373877,0.275893,1.1279,156,5.3936,0.5562,2.2687,0
3314,132.56,229.7707,57.4427,modulation_spiral,0.81519,granular_texture,0.307235,0.081773,0.291492,0.3195,1.1333,156,5.3492,0.6127,1.9932,0
3315,132.6,229.84,57.46,modulation_spiral,0.815599,tension_chords,0.565335,0.152897,0.157912,0.123856,1.11,159,5.56,0.9602,1.5462,0
3316,132.64,229.9093,57.4773,modulation_spiral,0.816009,tension_chords,0.501677,0.199508,0.087267,0.211548,1.1207,161,5.5077,0.8969,1.31,0
3317,132.68,229.9787,57.4947,modulation_spiral,0.816418,tension_chords,0.327002,0.255692,0.1075,0.309806,1.1327,164,5.361,0.6982,1.3782,0
3318,132.72,230.048,57.512,modulation_spiral,0.816828,glassy_arps,0.260395,0.355169,0.300227,0.084209,1.1058,168,5.3868,0.6498,2.0243,1
3319,132.76,230.1173,57.5293,modulation_spiral,0.817238,glassy_arps,0.194088,0.379231,0.273408,0.153273,1.1143,169,5.4091,0.5753,1.9349,1
3320,132.8,230.1867,57.5467,modulation_spiral,0.817648,granular_texture,0.172843,0.280591,0.1266,0.419966,1.1465,165,5.4455,0.5143,1.4435,0
3321,132.84,230.256,57.564,modulation_spiral,0.818058,glassy_arps,0.248432,0.296536,0.20266,0.252372,1.1266,166,5.3424,0.6143,1.6988,0
3322,132.88,230.3253,57.5813,modulation_spiral,0.818469,granular_texture,0.177611,0.196742,0.30015,0.325497,1.1356,161,5.3689,0.4909,2.0258,0
3323,132.92,230.3947,57.5987,modulation_spiral,0.818879,granular_texture,0.077695,0.089572,0.355881,0.476851,1.1539,157,5.4993,0.3285,2.213,0
3324,132.96,230.464,57.616,modulation_spiral,0.81929,broken_beat,0.132393,0.163705,0.501738,0.202165,1.1211,160,5.5223,0.4228,2.702,0
3325,133.0,230.5333,57.6333,modulation_spiral,0.819701,glassy_arps,0.221971,0.356096,0.213541,0.208392,1.1221,168,5.4004,0.6021,1.737,1
3326,133.04,230.6027,57.6507,modulation_spiral,0.820112,glassy_arps,0.171052,0.383423,0.080476,0.365049,1.1411,169,5.4254,0.548,1.2917,0
3327,133.08,230.672,57.668,modulation_spiral,0.820523,glassy_arps,0.260312,0.464163,0.120326,0.155199,1.1161,173,5.4959,0.6878,1.4257,0
3328,133.12,230.7413,57.6853,modulation_spiral,0.820934,broken_beat,0.27177,0.297481,0.341954,0.088794,1.1083,166,5.3938,0.6438,2.1686,0
3329,133.16,230.8107,57.7027,modulation_spiral,0.821345,granular_texture,0.253279,0.155926,0.256918,0.333878,1.1379,160,5.3888,0.5712,1.8842,0
3330,133.2,230.88,57.72,modulation_spiral,0.821757,tension_chords,0.458487,0.147637,0.163247,0.230629,1.1257,160,5.4965,0.8248,1.5708,0
3331,133.24,230.9493,57.7373,modulation_spiral,0.822168,tension_chords,0.596112,0.13273,0.130082,0.141075,1.1151,159,5.6153,0.9916,1.4602,0
3332,133.28,231.0187,57.7547,modulation_spiral,0.82258,tension_chords,0.412971,0.092201,0.11214,0.382688,1.1443,158,5.4615,0.7485,1.4005,0
3333,133.32,231.088,57.772,modulation_spiral,0.822992,broken_beat,0.285155,0.132333,0.343907,0.238605,1.1272,159,5.4046,0.6028,2.1774,1
3334,133.36,231.1573,57.7893,modulation_spiral,0.823404,broken_beat,0.16978,0.236129,0.501507,0.092584,1.1099,164,5.5404,0.4949,2.7058,0
3335,133.4,231.2267,57.8067,modulation_spiral,0.823815,granular_texture,0.104706,0.324327,0.157006,0.41396,1.1486,168,5.4678,0.4444,1.5522,0
3336,133.44,231.296,57.824,modulation_spiral,0.824227,glassy_arps,0.097079,0.478665,0.104911,0.319345,1.1375,174,5.5247,0.4889,1.3781,0
3337,133.48,231.3653,57.8413,modulation_spiral,0.824639,glassy_arps,0.123689,0.570776,0.163343,0.142192,1.1164,178,5.6048,0.5544,1.5743,0
3338,133.52,231.4347,57.8587,modulation_spiral,0.825051,granular_texture,0.096062,0.254963,0.312923,0.336052,1.1398,165,5.4071,0.4093,2.0758,0
3339,133.56,231.504,57.876,modulation_spiral,0.825464,broken_beat,0.134017,0.134156,0.417147,0.31468,1.1375,160,5.4779,0.4145,2.4255,1
3340,133.6,231.5733,57.8933,modulation_spiral,0.825876,tension_chords,0.372675,0.150379,0.33022,0.146726,1.1175,161,5.4419,0.7185,2.1347,1
3341,133.64,231.6427,57.9107,modulation_spiral,0.826288,granular_texture,0.37531,0.113846,0.113581,0.397263,1.1478,159,5.4647,0.709,1.4094,0
3342,133.68,231.712,57.928,modulation_spiral,0.8267,granular_texture,0.37817,0.130499,0.109168,0.382164,1.1461,160,5.4537,0.7184,1.3951,0
3343,133.72,231.7813,57.9453,modulation_spiral,0.827113,tension_chords,0.403103,0.222603,0.278868,0.095425,1.1119,164,5.4733,0.7818,1.964,0
3344,133.76,231.8507,57.9627,modulation_spiral,0.827525,broken_beat,0.289245,0.248132,0.294202,0.168421,1.1209,165,5.3826,0.6484,2.0159,0
3345,133.8,231.92,57.98,modulation_spiral,0.827938,glassy_arps,0.273612,0.301026,0.142902,0.28246,1.1347,167,5.3902,0.6474,1.5095,0
3346,133.84,231.9893,57.9973,modulation_spiral,0.82835,glassy_arps,0.360572,0.426366,0.102167,0.110896,1.1143,173,5.4986,0.7999,1.3734,0
3347,133.88,232.0587,58.0147,modulation_spiral,0.828763,glassy_arps,0.311282,0.333807,0.113144,0.241767,1.1302,169,5.4217,0.7059,1.4107,0
3348,133.92,232.128,58.032,modulation_spiral,0.829175,granular_texture,0.20622,0.13757,0.253267,0.402943,1.1498,160,5.4823,0.5059,1.8805,1
3349,133.96,232.1973,58.0493,modulation_spiral,0.829588,broken_beat,0.163407,0.125346,0.564472,0.146775,1.1192,160,5.6215,0.4481,2.9235,0
3350,134.0,232.2667,58.0667,modulation_spiral,0.83,broken_beat,0.151998,0.164038,0.390145,0.293819,1.1371,162,5.4751,0.4474,2.34,0
3351,134.04,232.336,58.084,modulation_spiral,0.830412,granular_texture,0.105214,0.15899,0.123809,0.611986,1.1754,162,5.6655,0.3872,1.4482,0
3352,134.08,232.4053,58.1013,modulation_spiral,0.830825,glassy_arps,0.165099,0.404081,0.174262,0.256558,1.133,172,5.4906,0.5478,1.6177,0
3353,134.12,232.4747,58.1187,modulation_spiral,0.831237,glassy_arps,0.138331,0.405588,0.304284,0.151797,1.1206,172,5.4938,0.5149,2.0537,0
3354,134.16,232.544,58.136,modulation_spiral,0.83165,glassy_arps,0.119663,0.337013,0.279197,0.264127,1.1343,169,5.4373,0.4675,1.9701,1
3355,134.2,232.6133,58.1533,modulation_spiral,0.832062,glassy_arps,0.263026,0.382658,0.217707,0.136608,1.1191,171,5.4779,0.6627,1.7646,1
3356,134.24,232.6827,58.1707,modulation_spiral,0.832475,tension_chords,0.493844,0.268641,0.107361,0.130154,1.1186,166,5.5743,0.9113,1.3954,0
3357,134.28,232.752,58.188,modulation_spiral,0.832887,granular_texture,0.383652,0.109946,0.078919,0.427482,1.1544,160,5.5197,0.718,1.3006,0
3358,134.32,232.8213,58.2053,modulation_spiral,0.8333,tension_chords,0.450038,0.100397,0.2294,0.220165,1.1297,160,5.5407,0.7977,1.8051,0
3359,134.36,232.8907,58.2227,modulation_spiral,0.833712,broken_beat,0.344175,0.082331,0.482396,0.091098,1.1144,159,5.5701,0.659,2.6531,0
3360,134.4,232.96,58.24,modulation_spiral,0.834124,granular_texture,0.288772,0.108793,0.25624,0.346195,1.1452,160,5.4561,0.599,1.8959,0
3361,134.44,233.0293,58.2573,modulation_spiral,0.834536,glassy_arps,0.299086,0.317361,0.118435,0.265118,1.1357,169,5.4334,0.6849,1.4347,0
3362,134.48,233.0987,58.2747,modulation_spiral,0.834949,glassy_arps,0.227173,0.531938,0.118747,0.122142,1.1187,178,5.6177,0.6701,1.4362,0
3363,134.52,233.168,58.292,modulation_spiral,0.835361,granular_texture,0.101257,0.35682,0.153221,0.388703,1.1509,171,5.4978,0.4515,1.5522,0
3364,134.56,233.2373,58.3093,modulation_spiral,0.835773,broken_beat,0.076381,0.317712,0.364751,0.241157,1.1334,169,5.4792,0.4067,2.2613,0
3365,134.6,233.3067,58.3267,modulation_spiral,0.836185,broken_beat,0.1049,0.310491,0.463725,0.120884,1.1192,169,5.5652,0.4398,2.5933,0
3366,134.64,233.376,58.344,modulation_spiral,0.836596,granular_texture,0.136824,0.197665,0.164034,0.501477,1.165,164,5.5991,0.4402,1.5898,0
3367,134.68,233.4453,58.3613,modulation_spiral,0.837008,granular_texture,0.2023,0.151116,0.148899,0.497685,1.1647,162,5.5977,0.5058,1.5395,0
3368,134.72,233.5147,58.3787,modulation_spiral,0.83742,tension_chords,0.34805,0.17254,0.308655,0.170755,1.1257,163,5.4724,0.6955,2.0752,1
3369,134.76,233.584,58.396,modulation_spiral,0.837832,broken_beat,0.231192,0.112605,0.349181,0.307022,1.1422,161,5.4752,0.5284,2.2114,1
3370,134.8,233.6533,58.4133,modulation_spiral,0.838243,granular_texture,0.277192,0.181867,0.257056,0.283884,1.1397,164,5.4215,0.6101,1.9032,0
3371,134.84,233.7227,58.4307,modulation_spiral,0.838655,tension_chords,0.437834,0.355064,0.114749,0.092353,1.1169,171,5.5542,0.8716,1.4269,0
3372,134.88,233.792,58.448,modulation_spiral,0.839066,tension_chords,0.415089,0.325791,0.070587,0.188533,1.1286,170,5.5367,0.8329,1.2794,0
3373,134.92,233.8613,58.4653,modulation_spiral,0.839477,tension_chords,0.329776,0.272552,0.111834,0.285837,1.1405,168,5.466,0.7076,1.4181,0
3374,134.96,233.9307,58.4827,modulation_spiral,0.839888,broken_beat,0.31653,0.229112,0.361337,0.09302,1.1175,166,5.4946,0.6759,2.2544,0
3375,135.0,234.0,58.5,modulation_spiral,0.840299,broken_beat,0.265298,0.146671,0.353461,0.23457,1.1347,163,5.4898,0.583,2.2284,1
3376,135.04,234.0693,58.5173,modulation_spiral,0.84071,granular_texture,0.222639,0.116712,0.150577,0.510071,1.1679,161,5.6247,0.5191,1.5492,1
3377,135.08,234.1387,58.5347,modulation_spiral,0.841121,tension_chords,0.288997,0.224894,0.223026,0.263083,1.1385,166,5.4386,0.64,1.7924,1
3378,135.12,234.208,58.552,modulation_spiral,0.841531,granular_texture,0.164388,0.231782,0.285153,0.318677,1.1453,166,5.4657,0.4866,2.0009,0
3379,135.16,234.2773,58.5693,modulation_spiral,0.841942,granular_texture,0.070139,0.196585,0.341719,0.391556,1.1543,165,5.5295,0.3565,2.1909,0
3380,135.2,234.3467,58.5867,modulation_spiral,0.842352,broken_beat,0.096002,0.375727,0.381658,0.146612,1.1251,172,5.5229,0.4515,2.3251,0
3381,135.24,234.416,58.604,modulation_spiral,0.842762,glassy_arps,0.154071,0.522506,0.155935,0.167487,1.1278,179,5.6444,0.5755,1.5694,0
3382,135.28,234.4853,58.6213,modulation_spiral,0.843172,glassy_arps,0.160542,0.394921,0.078868,0.365669,1.1517,173,5.5378,0.5389,1.3117,0
3383,135.32,234.5547,58.6387,modulation_spiral,0.843582,glassy_arps,0.323447,0.335323,0.152878,0.188353,1.1306,171,5.489,0.7217,1.5601,1
3384,135.36,234.624,58.656,modulation_spiral,0.843991,broken_beat,0.330839,0.126985,0.428347,0.11383,1.1219,162,5.5699,0.658,2.4834,1
3385,135.4,234.6933,58.6733,modulation_spiral,0.844401,granular_texture,0.283301,0.066959,0.308209,0.341531,1.1494,160,5.4979,0.5776,2.0813,0
3386,135.44,234.7627,58.6907,modulation_spiral,0.84481,tension_chords,0.478502,0.105598,0.168493,0.247407,1.1383,161,5.6161,0.8351,1.6137,0
3387,135.48,234.832,58.708,modulation_spiral,0.845219,tension_chords,0.580707,0.162554,0.121581,0.135158,1.125,164,5.7048,0.9828,1.457,0
3388,135.52,234.9013,58.7253,modulation_spiral,0.845628,tension_chords,0.371265,0.196803,0.095702,0.33623,1.1493,165,5.5286,0.733,1.3708,0
3389,135.56,234.9707,58.7427,modulation_spiral,0.846037,glassy_arps,0.227381,0.34373,0.253081,0.175809,1.1303,172,5.507,0.6045,1.8985,0
3390,135.6,235.04,58.76,modulation_spiral,0.846445,glassy_arps,0.144273,0.399329,0.382818,0.07358,1.1182,174,5.5561,0.5201,2.3335,1
3391,135.64,235.1093,58.7773,modulation_spiral,0.846853,granular_texture,0.107223,0.333234,0.161732,0.397811,1.1573,171,5.5566,0.4507,1.5933,1
3392,135.68,235.1787,58.7947,modulation_spiral,0.847261,granular_texture,0.122232,0.330297,0.127842,0.419629,1.1601,171,5.577,0.4684,1.4803,0
3393,135.72,235.248,58.812,modulation_spiral,0.847669,glassy_arps,0.196833,0.318461,0.258127,0.226579,1.1371,171,5.4928,0.5575,1.9172,0
3394,135.76,235.3173,58.8293,modulation_spiral,0.848077,granular_texture,0.109491,0.116698,0.368331,0.405481,1.1588,162,5.5686,0.3777,2.2868,0
3395,135.8,235.3867,58.8467,modulation_spiral,0.848484,broken_beat,0.132163,0.097026,0.439568,0.331244,1.1501,162,5.5994,0.3992,2.5259,0
3396,135.84,235.456,58.864,modulation_spiral,0.848891,tension_chords,0.339089,0.203797,0.31522,0.141894,1.1275,166,5.5158,0.6952,2.1098,0
3397,135.88,235.5253,58.8813,modulation_spiral,0.849298,granular_texture,0.292948,0.26027,0.092794,0.353988,1.1532,169,5.5303,0.6573,1.3651,0
3398,135.92,235.5947,58.8987,modulation_spiral,0.849705,granular_texture,0.288776,0.310522,0.084126,0.316576,1.1489,171,5.5003,0.6697,1.3365,0
3399,135.96,235.664,58.916,modulation_spiral,0.850111,glassy_arps,0.332982,0.361856,0.225982,0.079179,1.1206,173,5.5406,0.7429,1.8122,0
3400,136.0,235.7333,58.9333,modulation_spiral,0.850518,broken_beat,0.287159,0.256764,0.293323,0.162755,1.1308,169,5.4841,0.6488,2.0382,0
3401,136.04,235.8027,58.9507,modulation_spiral,0.850924,tension_chords,0.31995,0.192692,0.170047,0.317311,1.1495,166,5.5086,0.6674,1.6257,0
3402,136.08,235.872,58.968,modulation_spiral,0.851329,tension_chords,0.514636,0.195438,0.138771,0.151154,1.1297,166,5.6759,0.9117,1.5213,0
3403,136.12,235.9413,58.9853,modulation_spiral,0.851735,tension_chords,0.41374,0.132549,0.137268,0.316443,1.1498,164,5.5919,0.7636,1.5168,0
3404,136.16,236.0107,59.0027,modulation_spiral,0.85214,granular_texture,0.22976,0.092771,0.253959,0.42351,1.1628,162,5.602,0.5197,1.9081,1
3405,136.2,236.08,59.02,modulation_spiral,0.852545,broken_beat,0.167293,0.153477,0.536582,0.142648,1.1293,165,5.6999,0.4628,2.8554,1
3406,136.24,236.1493,59.0373,modulation_spiral,0.852949,broken_beat,0.126741,0.315366,0.336064,0.22183,1.139,171,5.5313,0.4688,2.1841,0
3407,136.28,236.2187,59.0547,modulation_spiral,0.853353,granular_texture,0.082257,0.368472,0.098291,0.45098,1.1667,174,5.6308,0.4318,1.388,0
3408,136.32,236.288,59.072,modulation_spiral,0.853757,glassy_arps,0.113193,0.563609,0.12293,0.200267,1.1368,182,5.7283,0.5388,1.471,0
3409,136.36,236.3573,59.0893,modulation_spiral,0.854161,glassy_arps,0.131626,0.432446,0.285524,0.150403,1.131,177,5.6186,0.5159,2.0161,0
3410,136.4,236.4267,59.1067,modulation_spiral,0.854564,broken_beat,0.128936,0.206596,0.353745,0.310723,1.1504,167,5.5535,0.4335,2.2451,0
3411,136.44,236.496,59.124,modulation_spiral,0.854967,tension_chords,0.322529,0.166823,0.313374,0.197274,1.137,166,5.5288,0.6615,2.1103,0
3412,136.48,236.5653,59.1413,modulation_spiral,0.85537,tension_chords,0.586914,0.128375,0.136184,0.148527,1.1313,164,5.7553,0.9786,1.5171,0
3413,136.52,236.6347,59.1587,modulation_spiral,0.855773,tension_chords,0.421488,0.085901,0.08585,0.40676,1.1625,162,5.6165,0.7569,1.3489,0
3414,136.56,236.704,59.176,modulation_spiral,0.856175,tension_chords,0.430281,0.121913,0.190615,0.257191,1.1447,164,5.6257,0.7805,1.7004,0
3415,136.6,236.7733,59.1933,modulation_spiral,0.856576,broken_beat,0.329696,0.180941,0.409699,0.079664,1.1236,166,5.61,0.6754,2.4347,0
3416,136.64,236.8427,59.2107,modulation_spiral,0.856978,granular_texture,0.240697,0.25177,0.245453,0.26208,1.1457,169,5.4863,0.589,1.8849,0
3417,136.68,236.912,59.228,modulation_spiral,0.857379,glassy_arps,0.237433,0.450175,0.091506,0.220885,1.1409,178,5.648,0.6544,1.3697,0
3418,136.72,236.9813,59.2453,modulation_spiral,0.85778,glassy_arps,0.231943,0.550368,0.108545,0.109145,1.1277,182,5.7349,0.6826,1.4272,0
3419,136.76,237.0507,59.2627,modulation_spiral,0.85818,granular_texture,0.144398,0.267523,0.173326,0.414753,1.1645,170,5.6214,0.4741,1.6446,1
3420,136.8,237.12,59.28,modulation_spiral,0.85858,broken_beat,0.095688,0.133374,0.405372,0.365567,1.1588,165,5.6152,0.3663,2.4224,1
3421,136.84,237.1893,59.2973,modulation_spiral,0.85898,broken_beat,0.127196,0.149002,0.577841,0.145961,1.1326,165,5.7636,0.4111,3.0006,0
3422,136.88,237.2587,59.3147,modulation_spiral,0.859379,granular_texture,0.142757,0.155185,0.206752,0.495306,1.1748,166,5.6952,0.4328,1.7579,0
3423,136.92,237.328,59.332,modulation_spiral,0.859778,granular_texture,0.168112,0.178016,0.13614,0.517732,1.1776,167,5.7161,0.4724,1.5218,0
3424,136.96,237.3973,59.3493,modulation_spiral,0.860177,glassy_arps,0.259381,0.380047,0.218884,0.141688,1.1327,175,5.6008,0.6572,1.7995,0
3425,137.0,237.4667,59.3667,modulation_spiral,0.860575,glassy_arps,0.180558,0.321521,0.279516,0.218406,1.1421,173,5.5529,0.5382,2.003,0
3426,137.04,237.536,59.384,modulation_spiral,0.860973,glassy_arps,0.209541,0.285222,0.228173,0.277064,1.1493,171,5.5238,0.5618,1.8315,1
3427,137.08,237.6053,59.4013,modulation_spiral,0.86137,tension_chords,0.410415,0.3687,0.12562,0.095266,1.1277,175,5.6319,0.8421,1.4883,0
3428,137.12,237.6747,59.4187,modulation_spiral,0.861767,tension_chords,0.50142,0.230008,0.084516,0.184056,1.1385,169,5.7111,0.9073,1.3511,0
3429,137.16,237.744,59.436,modulation_spiral,0.862164,tension_chords,0.411202,0.116921,0.112907,0.35897,1.1597,165,5.6362,0.7549,1.4466,0
3430,137.2,237.8133,59.4533,modulation_spiral,0.86256,tension_chords,0.392601,0.100914,0.383634,0.12285,1.1315,164,5.6221,0.7261,2.354,0
3431,137.24,237.8827,59.4707,modulation_spiral,0.862956,broken_beat,0.300007,0.097498,0.406097,0.196398,1.1405,164,5.6353,0.6091,2.4297,0
3432,137.28,237.952,59.488,modulation_spiral,0.863351,granular_texture,0.219285,0.136006,0.15656,0.48815,1.1757,165,5.7068,0.5217,1.5942,0
3433,137.32,238.0213,59.5053,modulation_spiral,0.863746,glassy_arps,0.232041,0.377099,0.156833,0.234027,1.1454,176,5.6142,0.622,1.5955,1
3434,137.36,238.0907,59.5227,modulation_spiral,0.864141,glassy_arps,0.135874,0.505986,0.173221,0.184919,1.1397,181,5.7255,0.5469,1.6508,1
3435,137.4,238.16,59.54,modulation_spiral,0.864535,granular_texture,0.060713,0.325245,0.287671,0.326371,1.1569,174,5.5746,0.3897,2.0347,0
3436,137.44,238.2293,59.5573,modulation_spiral,0.864928,broken_beat,0.078953,0.360699,0.385061,0.175287,1.1389,175,5.6262,0.4249,2.3614,0
3437,137.48,238.2987,59.5747,modulation_spiral,0.865322,glassy_arps,0.176626,0.396621,0.255866,0.170887,1.1386,177,5.6378,0.5596,1.929,0
3438,137.52,238.368,59.592,modulation_spiral,0.865714,granular_texture,0.201267,0.18132,0.111628,0.505786,1.1789,168,5.7323,0.515,1.4462,0
3439,137.56,238.4373,59.6093,modulation_spiral,0.866107,tension_chords,0.3646,0.146124,0.159248,0.330027,1.158,166,5.6141,0.7069,1.6062,0
3440,137.6,238.5067,59.6267,modulation_spiral,0.866499,broken_beat,0.379945,0.109896,0.395722,0.114437,1.1323,165,5.6423,0.7134,2.3988,1
3441,137.64,238.576,59.644,modulation_spiral,0.86689,broken_beat,0.270574,0.081067,0.377258,0.2711,1.1513,164,5.6283,0.5666,2.3374,1
3442,137.68,238.6453,59.6613,modulation_spiral,0.867281,tension_chords,0.365659,0.180262,0.172915,0.281164,1.1527,168,5.6202,0.7202,1.6533,0
3443,137.72,238.7147,59.6787,modulation_spiral,0.867671,tension_chords,0.456454,0.354099,0.094974,0.094473,1.1305,175,5.6991,0.8945,1.3926,0
3444,137.76,238.784,59.696,modulation_spiral,0.868061,tension_chords,0.35142,0.32616,0.073117,0.249302,1.1492,174,5.6116,0.7534,1.3198,0
3445,137.8,238.8533,59.7133,modulation_spiral,0.868451,glassy_arps,0.253259,0.327132,0.187987,0.231622,1.1473,174,5.5927,0.6311,1.7051,0
3446,137.84,238.9227,59.7307,modulation_spiral,0.86884,broken_beat,0.198272,0.295744,0.422825,0.08316,1.1296,173,5.6757,0.5513,2.4922,0
3447,137.88,238.992,59.748,modulation_spiral,0.869228,granular_texture,0.165766,0.170822,0.321779,0.341633,1.1608,168,5.6085,0.467,2.1541,0
3448,137.92,239.0613,59.7653,modulation_spiral,0.869616,granular_texture,0.128911,0.125512,0.124662,0.620915,1.1945,166,5.8476,0.4051,1.4942,0
3449,137.96,239.1307,59.7827,modulation_spiral,0.870004,granular_texture,0.223478,0.25444,0.260555,0.261527,1.1516,171,5.5438,0.5684,1.9499,1
3450,138.0,239.2,59.8,modulation_spiral,0.870391,granular_texture,0.127029,0.173983,0.344842,0.354146,1.1629,168,5.6243,0.4197,2.2326,0
3451,138.04,239.2693,59.8173,modulation_spiral,0.870777,broken_beat,0.092471,0.177108,0.377612,0.352809,1.1629,168,5.6459,0.3776,2.3429,0
3452,138.08,239.3387,59.8347,modulation_spiral,0.871163,glassy_arps,0.192799,0.406461,0.289347,0.111393,1.1341,178,5.6722,0.5833,2.0476,0
3453,138.12,239.408,59.852,modulation_spiral,0.871548,glassy_arps,0.238027,0.496653,0.089827,0.175493,1.142,182,5.7505,0.6714,1.3796,0
3454,138.16,239.4773,59.8693,modulation_spiral,0.871933,granular_texture,0.232203,0.312401,0.067331,0.388064,1.1677,174,5.66,0.5996,1.3047,0
3455,138.2,239.5467,59.8867,modulation_spiral,0.872318,tension_chords,0.390948,0.282283,0.197435,0.129334,1.1368,173,5.6641,0.7875,1.741,1
3456,138.24,239.616,59.904,modulation_spiral,0.872701,broken_beat,0.36907,0.132013,0.373761,0.125157,1.1365,167,5.6512,0.7075,2.3321,1
3457,138.28,239.6853,59.9213,modulation_spiral,0.873085,granular_texture,0.334047,0.077273,0.241025,0.347655,1.1633,164,5.6307,0.6446,1.8878,0
3458,138.32,239.7547,59.9387,modulation_spiral,0.873467,tension_chords,0.514658,0.124781,0.144412,0.216149,1.1477,167,5.7744,0.887,1.5646,0
3459,138.36,239.824,59.956,modulation_spiral,0.87385,tension_chords,0.500259,0.17215,0.141514,0.186078,1.1443,169,5.7639,0.8856,1.5553,0
3460,138.4,239.8933,59.9733,modulation_spiral,0.874231,granular_texture,0.2348,0.198837,0.155783,0.410579,1.1714,170,5.6893,0.5631,1.6035,0
3461,138.44,239.9627,59.9907,modulation_spiral,0.874612,broken_beat,0.151655,0.312332,0.359586,0.176426,1.1435,175,5.6477,0.4989,2.2867,0
3462,138.48,240.032,60.008,modulation_spiral,0.874993,glassy_arps,0.107484,0.442686,0.348818,0.101012,1.1346,180,5.72,0.4893,2.251,1
3463,138.52,240.1013,60.0253,modulation_spiral,0.875373,glassy_arps,0.082288,0.407578,0.119068,0.391066,1.1696,179,5.6918,0.4455,1.4818,0
3464,138.56,240.1707,60.0427,modulation_spiral,0.875752,glassy_arps,0.111912,0.391521,0.127108,0.369459,1.1672,178,5.6799,0.4769,1.5091,0
3465,138.6,240.24,60.06,modulation_spiral,0.87613,glassy_arps,0.200762,0.319729,0.290493,0.189015,1.1457,175,5.6206,0.5629,2.0569,0
3466,138.64,240.3093,60.0773,modulation_spiral,0.876509,broken_beat,0.132859,0.090553,0.443176,0.333412,1.1632,166,5.7272,0.3978,2.5688,0
3467,138.68,240.3787,60.0947,modulation_spiral,0.876886,broken_beat,0.218063,0.08946,0.38818,0.304297,1.1599,166,5.6821,0.5039,2.385,0
3468,138.72,240.448,60.112,modulation_spiral,0.877263,tension_chords,0.51866,0.154495,0.19579,0.131056,1.1393,168,5.7947,0.9024,1.7409,0
3469,138.76,240.5173,60.1293,modulation_spiral,0.877639,tension_chords,0.447822,0.18122,0.089531,0.281427,1.1575,170,5.7361,0.8232,1.3853,0
3470,138.8,240.5867,60.1467,modulation_spiral,0.878015,tension_chords,0.340234,0.249682,0.092148,0.317936,1.162,172,5.6464,0.7127,1.3945,0
3471,138.84,240.656,60.164,modulation_spiral,0.87839,glassy_arps,0.326998,0.327785,0.27198,0.073236,1.1328,176,5.6375,0.7235,1.9974,0
3472,138.88,240.7253,60.1813,modulation_spiral,0.878765,broken_beat,0.249443,0.266951,0.332459,0.151147,1.1424,173,5.6431,0.6052,2.2004,0
3473,138.92,240.7947,60.1987,modulation_spiral,0.879138,granular_texture,0.264376,0.258276,0.143615,0.333733,1.1645,173,5.6458,0.6209,1.5682,0
3474,138.96,240.864,60.216,modulation_spiral,0.879511,tension_chords,0.384159,0.304662,0.145582,0.165597,1.1444,175,5.6904,0.7868,1.5752,0
3475,139.0,240.9333,60.2333,modulation_spiral,0.879884,granular_texture,0.3055,0.18221,0.188851,0.323439,1.1636,170,5.6404,0.6456,1.7205,0
3476,139.04,241.0027,60.2507,modulation_spiral,0.880256,granular_texture,0.115023,0.088554,0.287246,0.509178,1.186,166,5.7999,0.3748,2.0506,1
3477,139.08,241.072,60.268,modulation_spiral,0.880627,broken_beat,0.112467,0.135939,0.572557,0.179038,1.1466,168,5.8555,0.3882,3.0068,1
3478,139.12,241.1413,60.2853,modulation_spiral,0.880998,broken_beat,0.130373,0.284418,0.361003,0.224206,1.1522,174,5.6773,0.4625,2.2985,1
3479,139.16,241.2107,60.3027,modulation_spiral,0.881368,granular_texture,0.100015,0.332571,0.099842,0.467572,1.1815,176,5.7695,0.4414,1.424,0
3480,139.2,241.28,60.32,modulation_spiral,0.881737,glassy_arps,0.15854,0.528805,0.115872,0.196783,1.1492,185,5.8232,0.5833,1.4781,0
3481,139.24,241.3493,60.3373,modulation_spiral,0.882106,glassy_arps,0.18138,0.487883,0.230568,0.100169,1.1378,183,5.7901,0.5975,1.8627,0
3482,139.28,241.4187,60.3547,modulation_spiral,0.882473,granular_texture,0.174853,0.220103,0.271003,0.334041,1.166,172,5.6609,0.4956,1.9986,0
3483,139.32,241.488,60.372,modulation_spiral,0.882841,tension_chords,0.363815,0.174822,0.233961,0.227402,1.1534,170,5.6879,0.716,1.8749,0
3484,139.36,241.5573,60.3893,modulation_spiral,0.883207,tension_chords,0.625786,0.13103,0.121644,0.121541,1.1409,168,5.9122,1.0281,1.499,0
3485,139.4,241.6267,60.4067,modulation_spiral,0.883573,tension_chords,0.493964,0.082589,0.084651,0.338796,1.1671,166,5.8018,0.8464,1.3755,0
3486,139.44,241.696,60.424,modulation_spiral,0.883938,tension_chords,0.418948,0.097022,0.215033,0.268997,1.1589,167,5.7396,0.7576,1.8127,0
3487,139.48,241.7653,60.4413,modulation_spiral,0.884303,broken_beat,0.329901,0.162358,0.419065,0.088675,1.1374,170,5.7414,0.6692,2.4966,0
3488,139.52,241.8347,60.4587,modulation_spiral,0.884667,granular_texture,0.19859,0.276037,0.214608,0.310765,1.1642,175,5.6509,0.5449,1.8121,0
3489,139.56,241.904,60.476,modulation_spiral,0.88503,glassy_arps,0.161196,0.438501,0.090477,0.309825,1.1643,181,5.7611,0.555,1.3966,0
3490,139.6,241.9733,60.4933,modulation_spiral,0.885392,glassy_arps,0.162401,0.589335,0.124036,0.124228,1.1422,188,5.8909,0.6093,1.5095,0
3491,139.64,242.0427,60.5107,modulation_spiral,0.885753,glassy_arps,0.099903,0.370896,0.231924,0.297277,1.1631,179,5.7069,0.4547,1.8713,1
3492,139.68,242.112,60.528,modulation_spiral,0.886114,broken_beat,0.070532,0.166242,0.41564,0.347586,1.1693,170,5.7465,0.3464,2.4871,1
3493,139.72,242.1813,60.5453,modulation_spiral,0.886475,broken_beat,0.14455,0.170834,0.525838,0.158778,1.1468,170,5.8418,0.4405,2.8567,0
3494,139.76,242.2507,60.5627,modulation_spiral,0.886834,granular_texture,0.22557,0.162896,0.202641,0.408893,1.177,170,5.744,0.539,1.7744,0
3495,139.8,242.32,60.58,modulation_spiral,0.887193,granular_texture,0.229027,0.122339,0.113699,0.534935,1.1923,168,5.8527,0.5291,1.4768,0
3496,139.84,242.3893,60.5973,modulation_spiral,0.887551,tension_chords,0.378768,0.245492,0.206701,0.169039,1.1486,174,5.7216,0.7594,1.7888,0
3497,139.88,242.4587,60.6147,modulation_spiral,0.887908,broken_beat,0.277049,0.231539,0.368961,0.122452,1.1431,173,5.7148,0.6273,2.3327,0
3498,139.92,242.528,60.632,modulation_spiral,0.888264,broken_beat,0.234503,0.236152,0.266394,0.262952,1.1602,173,5.6292,0.5758,1.9895,1
3499,139.96,242.5973,60.6493,modulation_spiral,0.88862,tension_chords,0.368809,0.36795,0.115824,0.147417,1.1465,179,5.7178,0.7898,1.4855,0
3500,140.0,242.6667,60.6667,modulation_spiral,0.888975,tension_chords,0.458663,0.334629,0.08965,0.117057,1.143,178,5.7958,0.8904,1.3982,0
3501,140.04,242.736,60.684,modulation_spiral,0.889329,tension_chords,0.381657,0.170121,0.097558,0.350665,1.1712,171,5.7319,0.7366,1.4251,0
3502,140.08,242.8053,60.7013,modulation_spiral,0.889682,broken_beat,0.320308,0.121283,0.349439,0.20897,1.1543,169,5.7061,0.6428,2.2693,0
3503,140.12,242.8747,60.7187,modulation_spiral,0.890035,broken_beat,0.241208,0.10935,0.533521,0.115921,1.1433,168,5.8641,0.5398,2.8863,0
3504,140.16,242.944,60.736,modulation_spiral,0.890386,granular_texture,0.160364,0.113958,0.233271,0.492407,1.1887,169,5.8308,0.4403,1.8809,0
3505,140.2,243.0133,60.7533,modulation_spiral,0.890737,granular_texture,0.140578,0.21316,0.13878,0.507482,1.1906,173,5.8451,0.4503,1.5647,1
3506,140.24,243.0827,60.7707,modulation_spiral,0.891087,glassy_arps,0.149684,0.484521,0.193857,0.171937,1.1505,184,5.8272,0.5567,1.7496,1
3507,140.28,243.152,60.788,modulation_spiral,0.891437,glassy_arps,0.076424,0.357603,0.26502,0.300953,1.1662,179,5.7209,0.4207,1.9884,0
3508,140.32,243.2213,60.8053,modulation_spiral,0.891785,glassy_arps,0.08606,0.335644,0.326793,0.251503,1.1604,178,5.7037,0.4251,2.1957,0
3509,140.36,243.2907,60.8227,modulation_spiral,0.892133,glassy_arps,0.214873,0.452571,0.232304,0.100252,1.1424,183,5.8047,0.627,1.8796,0
3510,140.4,243.36,60.84,modulation_spiral,0.89248,granular_texture,0.294564,0.290629,0.100933,0.313874,1.1682,176,5.6883,0.6699,1.4399,0
3511,140.44,243.4293,60.8573,modulation_spiral,0.892826,granular_texture,0.316125,0.118991,0.092531,0.472353,1.1874,169,5.8246,0.6368,1.4121,0
3512,140.48,243.4987,60.8747,modulation_spiral,0.893171,tension_chords,0.474342,0.112501,0.292732,0.120426,1.1453,169,5.8278,0.8323,2.0831,0
3513,140.52,243.568,60.892,modulation_spiral,0.893516,broken_beat,0.367432,0.080643,0.380337,0.171588,1.1516,168,5.7494,0.6875,2.377,1
3514,140.56,243.6373,60.9093,modulation_spiral,0.893859,granular_texture,0.33983,0.104699,0.208478,0.346993,1.1728,169,5.7226,0.6614,1.8016,1
3515,140.6,243.7067,60.9267,modulation_spiral,0.894202,tension_chords,0.452709,0.286666,0.116717,0.143908,1.1486,176,5.814,0.8662,1.4946,0
3516,140.64,243.776,60.944,modulation_spiral,0.894544,glassy_arps,0.328313,0.419216,0.092357,0.160113,1.1507,182,5.7871,0.7571,1.4134,0
3517,140.68,243.8453,60.9613,modulation_spiral,0.894885,glassy_arps,0.173391,0.360781,0.139446,0.326382,1.1708,180,5.7389,0.543,1.5715,0
3518,140.72,243.9147,60.9787,modulation_spiral,0.895225,broken_beat,0.142907,0.348634,0.37135,0.13711,1.1483,179,5.7494,0.5007,2.3488,0
3519,140.76,243.984,60.996,modulation_spiral,0.895564,broken_beat,0.133421,0.317352,0.405715,0.143511,1.1492,178,5.7801,0.4778,2.4643,0
3520,140.8,244.0533,61.0133,modulation_spiral,0.895903,granular_texture,0.109709,0.178072,0.147303,0.564916,1.1999,172,5.9169,0.3995,1.599,1
3521,140.84,244.1227,61.0307,modulation_spiral,0.89624,granular_texture,0.164073,0.189805,0.186109,0.460012,1.1875,173,5.8293,0.4715,1.7293,1
3522,140.88,244.192,61.048,modulation_spiral,0.896577,broken_beat,0.223445,0.208256,0.351465,0.216834,1.1584,173,5.7385,0.5522,2.2836,0
3523,140.92,244.2613,61.0653,modulation_spiral,0.896913,broken_beat,0.12295,0.10288,0.430143,0.344027,1.1739,169,5.8069,0.3897,2.5476,0
3524,140.96,244.3307,61.0827,modulation_spiral,0.897248,broken_beat,0.191702,0.224297,0.336392,0.247608,1.1624,174,5.7287,0.5181,2.2339,0
3525,141.0,244.4,61.1,modulation_spiral,0.897582,glassy_arps,0.372074,0.401863,0.133348,0.092715,1.144,182,5.7858,0.8057,1.5541,0
3526,141.04,244.4693,61.1173,modulation_spiral,0.897915,tension_chords,0.353472,0.340948,0.070474,0.235106,1.1613,179,5.7462,0.7612,1.3438,0
3527,141.08,244.5387,61.1347,modulation_spiral,0.898247,tension_chords,0.326942,0.296328,0.089547,0.287182,1.1677,177,5.7251,0.7124,1.4081,0
3528,141.12,244.608,61.152,modulation_spiral,0.898578,tension_chords,0.374941,0.234487,0.30833,0.082242,1.1432,175,5.7674,0.7507,2.1413,1
3529,141.16,244.6773,61.1693,modulation_spiral,0.898909,broken_beat,0.305767,0.113628,0.393818,0.186787,1.1559,170,5.7849,0.622,2.4281,0
3530,141.2,244.7467,61.1867,modulation_spiral,0.899238,granular_texture,0.322987,0.093663,0.179962,0.403389,1.1821,169,5.7945,0.6365,1.712,0
3531,141.24,244.816,61.204,modulation_spiral,0.899567,tension_chords,0.464453,0.168893,0.169045,0.197609,1.1575,172,5.8479,0.8397,1.6758,0
3532,141.28,244.8853,61.2213,modulation_spiral,0.899894,tension_chords,0.316689,0.200871,0.182199,0.300241,1.17,174,5.7237,0.6662,1.7203,0
3533,141.32,244.9547,61.2387,modulation_spiral,0.900221,granular_texture,0.112898,0.176486,0.257081,0.453535,1.1885,173,5.8415,0.4029,1.9715,0
3534,141.36,245.024,61.256,modulation_spiral,0.900547,broken_beat,0.086064,0.32557,0.4332,0.155167,1.1529,179,5.8257,0.4215,2.5618,1
3535,141.4,245.0933,61.2733,modulation_spiral,0.900871,glassy_arps,0.091366,0.494982,0.272478,0.141174,1.1513,186,5.8796,0.4875,2.0238,1
3536,141.44,245.1627,61.2907,modulation_spiral,0.901195,granular_texture,0.086729,0.403752,0.091405,0.418114,1.1847,182,5.8157,0.4497,1.4175,0
3537,141.48,245.232,61.308,modulation_spiral,0.901518,glassy_arps,0.173277,0.422606,0.130252,0.273865,1.1676,183,5.821,0.5645,1.548,0
3538,141.52,245.3013,61.3253,modulation_spiral,0.90184,broken_beat,0.269313,0.268967,0.321627,0.140093,1.1517,177,5.7366,0.6308,2.1895,0
3539,141.56,245.3707,61.3427,modulation_spiral,0.902161,granular_texture,0.209511,0.080017,0.341919,0.368552,1.1792,169,5.7779,0.4899,2.2578,0
3540,141.6,245.44,61.36,modulation_spiral,0.902481,tension_chords,0.342865,0.08835,0.267757,0.301028,1.1713,169,5.7575,0.6595,2.0097,0
3541,141.64,245.5093,61.3773,modulation_spiral,0.902799,tension_chords,0.615669,0.132506,0.132414,0.119411,1.1496,171,5.9908,1.016,1.5567,0
3542,141.68,245.5787,61.3947,modulation_spiral,0.903117,tension_chords,0.491032,0.148474,0.080047,0.280446,1.1691,172,5.8863,0.8658,1.3816,0
3543,141.72,245.648,61.412,modulation_spiral,0.903434,tension_chords,0.355274,0.233918,0.142568,0.26824,1.1678,176,5.7723,0.726,1.5914,0
3544,141.76,245.7173,61.4293,modulation_spiral,0.90375,glassy_arps,0.279348,0.329226,0.320498,0.070928,1.1442,180,5.7515,0.6644,2.1878,0
3545,141.8,245.7867,61.4467,modulation_spiral,0.904065,glassy_arps,0.197146,0.357268,0.236926,0.20866,1.1609,181,5.7768,0.5715,1.9082,0
3546,141.84,245.856,61.464,modulation_spiral,0.904379,granular_texture,0.171672,0.344215,0.101157,0.382956,1.182,180,5.8,0.5351,1.4537,0
3547,141.88,245.9253,61.4813,modulation_spiral,0.904692,glassy_arps,0.256509,0.371223,0.173508,0.19876,1.16,181,5.7914,0.6506,1.6964,0
3548,141.92,245.9947,61.4987,modulation_spiral,0.905004,granular_texture,0.181937,0.208833,0.27325,0.33598,1.1766,175,5.7629,0.5005,2.0309,0
3549,141.96,246.064,61.516,modulation_spiral,0.905315,broken_beat,0.075222,0.086052,0.423748,0.414977,1.1862,170,5.8388,0.3241,2.5354,1
3550,142.0,246.1333,61.5333,modulation_spiral,0.905625,broken_beat,0.114846,0.131346,0.557017,0.19679,1.1602,172,5.9535,0.3895,2.9822,1
3551,142.04,246.2027,61.5507,modulation_spiral,0.905934,broken_beat,0.205564,0.271063,0.278212,0.24516,1.1661,177,5.7179,0.5518,2.0485,0
3552,142.08,246.272,61.568,modulation_spiral,0.906242,granular_texture,0.160759,0.298413,0.090208,0.45062,1.1909,179,5.8658,0.5054,1.4191,0
3553,142.12,246.3413,61.5853,modulation_spiral,0.906548,glassy_arps,0.222275,0.48798,0.100577,0.189169,1.1597,187,5.8989,0.6486,1.4541,0
3554,142.16,246.4107,61.6027,modulation_spiral,0.906854,glassy_arps,0.260796,0.392134,0.266887,0.080184,1.1468,183,5.8188,0.6632,2.0116,0
3555,142.2,246.48,61.62,modulation_spiral,0.907159,broken_beat,0.226965,0.2115,0.333262,0.228272,1.1647,175,5.7701,0.5577,2.2343,0
3556,142.24,246.5493,61.6373,modulation_spiral,0.907463,tension_chords,0.365048,0.186421,0.185467,0.263064,1.169,174,5.7985,0.7216,1.7395,1
3557,142.28,246.6187,61.6547,modulation_spiral,0.907765,tension_chords,0.600187,0.157664,0.122008,0.120141,1.152,173,5.9997,1.0054,1.5273,0
3558,142.32,246.688,61.672,modulation_spiral,0.908067,tension_chords,0.492692,0.092079,0.095002,0.320228,1.1761,170,5.9097,0.8481,1.4371,0
3559,142.36,246.7573,61.6893,modulation_spiral,0.908367,tension_chords,0.359719,0.086913,0.217867,0.335501,1.1781,170,5.798,0.6801,1.8491,0
3560,142.4,246.8267,61.7067,modulation_spiral,0.908666,broken_beat,0.262583,0.15313,0.484518,0.099769,1.15,173,5.9054,0.5818,2.7427,0
3561,142.44,246.896,61.724,modulation_spiral,0.908965,broken_beat,0.165559,0.26552,0.333099,0.235822,1.1664,178,5.778,0.4999,2.2357,0
3562,142.48,246.9653,61.7413,modulation_spiral,0.909262,granular_texture,0.099571,0.347139,0.094071,0.459219,1.1934,181,5.8866,0.446,1.4353,0
3563,142.52,247.0347,61.7587,modulation_spiral,0.909558,glassy_arps,0.113243,0.603629,0.124922,0.158206,1.1574,192,6.0106,0.5528,1.539,0
3564,142.56,247.104,61.776,modulation_spiral,0.909853,glassy_arps,0.099881,0.485501,0.215536,0.199082,1.1624,187,5.9115,0.4948,1.8429,1
3565,142.6,247.1733,61.7933,modulation_spiral,0.910147,granular_texture,0.07756,0.211,0.344023,0.367418,1.1828,176,5.8125,0.3708,2.2736,0
3566,142.64,247.2427,61.8107,modulation_spiral,0.910439,broken_beat,0.18648,0.178444,0.437848,0.197228,1.1625,174,5.8736,0.4956,2.5883,0
3567,142.68,247.312,61.828,modulation_spiral,0.910731,tension_chords,0.420117,0.1658,0.218507,0.195576,1.1624,174,5.8599,0.7832,1.8538,0
3568,142.72,247.3813,61.8453,modulation_spiral,0.911022,granular_texture,0.295743,0.090615,0.090369,0.523273,1.2019,171,5.9488,0.6014,1.4249,0
3569,142.76,247.4507,61.8627,modulation_spiral,0.911311,tension_chords,0.419654,0.132392,0.152249,0.295706,1.1747,172,5.862,0.7709,1.6325,0
3570,142.8,247.52,61.88,modulation_spiral,0.911599,tension_chords,0.386198,0.189569,0.336848,0.087385,1.1498,175,5.8349,0.7491,2.2512,1
3571,142.84,247.5893,61.8973,modulation_spiral,0.911887,tension_chords,0.280982,0.221493,0.264438,0.233086,1.1674,176,5.7467,0.6288,2.0089,1
3572,142.88,247.6587,61.9147,modulation_spiral,0.912173,glassy_arps,0.31008,0.32927,0.122374,0.238276,1.1682,181,5.789,0.7028,1.5333,0
3573,142.92,247.728,61.932,modulation_spiral,0.912457,glassy_arps,0.372785,0.439002,0.094139,0.094074,1.151,185,5.8836,0.8196,1.4391,0
3574,142.96,247.7973,61.9493,modulation_spiral,0.912741,glassy_arps,0.283677,0.313046,0.095938,0.307339,1.1767,180,5.7778,0.6642,1.4454,0
3575,143.0,247.8667,61.9667,modulation_spiral,0.913024,granular_texture,0.205661,0.158471,0.274068,0.3618,1.1834,174,5.8205,0.5125,2.0425,0
3576,143.04,247.936,61.984,modulation_spiral,0.913305,broken_beat,0.178416,0.127573,0.567387,0.126624,1.1553,173,5.9965,0.4677,3.0254,0
3577,143.08,248.0053,62.0013,modulation_spiral,0.913585,broken_beat,0.154897,0.152803,0.377589,0.314711,1.178,174,5.8364,0.4471,2.3899,1
3578,143.12,248.0747,62.0187,modulation_spiral,0.913864,granular_texture,0.111317,0.141476,0.131709,0.615497,1.2142,173,6.0399,0.3887,1.5665,0
3579,143.16,248.144,62.036,modulation_spiral,0.914142,glassy_arps,0.17213,0.349422,0.192497,0.285951,1.1748,182,5.8149,0.5375,1.7704,1
3580,143.2,248.2133,62.0533,modulation_spiral,0.914419,glassy_arps,0.13923,0.388393,0.293632,0.178744,1.1621,184,5.8493,0.51,2.1095,0
3581,143.24,248.2827,62.0707,modulation_spiral,0.914695,broken_beat,0.098636,0.288163,0.337436,0.275766,1.1739,179,5.8072,0.4242,2.2566,0
3582,143.28,248.352,62.088,modulation_spiral,0.914969,glassy_arps,0.190623,0.422332,0.236747,0.150298,1.1589,185,5.8806,0.5861,1.9196,0
3583,143.32,248.4213,62.1053,modulation_spiral,0.915242,tension_chords,0.417793,0.371874,0.110749,0.099584,1.153,183,5.878,0.8524,1.4978,0
3584,143.36,248.4907,62.1227,modulation_spiral,0.915514,tension_chords,0.408161,0.17455,0.080141,0.337147,1.1816,175,5.871,0.7713,1.3955,0
3585,143.4,248.56,62.14,modulation_spiral,0.915785,tension_chords,0.431605,0.108554,0.144493,0.315348,1.1791,172,5.8921,0.7775,1.6114,1
3586,143.44,248.6293,62.1573,modulation_spiral,0.916054,tension_chords,0.420834,0.08963,0.400054,0.089483,1.1521,171,5.8841,0.7574,2.4678,1
3587,143.48,248.6987,62.1747,modulation_spiral,0.916322,broken_beat,0.306401,0.074271,0.381188,0.23814,1.1701,171,5.8516,0.609,2.4049,0
3588,143.52,248.768,62.192,modulation_spiral,0.91659,granular_texture,0.323448,0.145202,0.150888,0.380462,1.1873,174,5.8522,0.6551,1.6337,0
3589,143.56,248.8373,62.2093,modulation_spiral,0.916855,glassy_arps,0.323946,0.425299,0.122166,0.128589,1.1572,186,5.8915,0.7538,1.5378,0
3590,143.6,248.9067,62.2267,modulation_spiral,0.91712,glassy_arps,0.183491,0.476962,0.118867,0.22068,1.1684,188,5.9366,0.5963,1.527,0
3591,143.64,248.976,62.244,modulation_spiral,0.917383,granular_texture,0.085491,0.321775,0.224286,0.368447,1.1862,181,5.8455,0.4195,1.8805,0
3592,143.68,249.0453,62.2613,modulation_spiral,0.917646,broken_beat,0.082309,0.363801,0.422779,0.131111,1.1579,183,5.8929,0.4302,2.5457,1
3593,143.72,249.1147,62.2787,modulation_spiral,0.917906,glassy_arps,0.117267,0.354903,0.330382,0.197448,1.1659,183,5.8364,0.4708,2.2365,1
3594,143.76,249.184,62.296,modulation_spiral,0.918166,granular_texture,0.120422,0.174095,0.123377,0.582106,1.2122,175,6.0306,0.4115,1.5433,0
3595,143.8,249.2533,62.3133,modulation_spiral,0.918424,granular_texture,0.251989,0.182935,0.186062,0.379014,1.188,176,5.8592,0.579,1.7536,0
3596,143.84,249.3227,62.3307,modulation_spiral,0.918682,broken_beat,0.314295,0.150012,0.375388,0.160305,1.1618,174,5.8572,0.6454,2.3881,0
3597,143.88,249.392,62.348,modulation_spiral,0.918937,granular_texture,0.207034,0.09388,0.336314,0.362772,1.1862,172,5.8476,0.4917,2.2575,0
3598,143.92,249.4613,62.3653,modulation_spiral,0.919192,tension_chords,0.301169,0.181345,0.24108,0.276405,1.176,176,5.7964,0.6399,1.9387,0
3599,143.96,249.5307,62.3827,modulation_spiral,0.919445,tension_chords,0.462288,0.34484,0.102686,0.090185,1.1538,183,5.9345,0.8986,1.4754,0
3600,144.0,249.6,62.4,modulation_spiral,0.919697,tension_chords,0.407912,0.314635,0.065393,0.212061,1.1685,181,5.8894,0.82,1.3507,0
3601,144.04,249.6693,62.4173,modulation_spiral,0.919948,tension_chords,0.331142,0.287342,0.117248,0.264268,1.1749,180,5.8252,0.7145,1.5247,0
3602,144.08,249.7387,62.4347,modulation_spiral,0.920197,broken_beat,0.319279,0.252232,0.345799,0.082689,1.1532,179,5.8388,0.6874,2.2906,0
3603,144.12,249.808,62.452,modulation_spiral,0.920446,broken_beat,0.270785,0.164263,0.344263,0.220689,1.1699,175,5.8386,0.596,2.2858,0
3604,144.16,249.8773,62.4693,modulation_spiral,0.920692,granular_texture,0.224846,0.109312,0.144615,0.521227,1.2061,173,5.9901,0.5193,1.6172,0
3605,144.2,249.9467,62.4867,modulation_spiral,0.920938,tension_chords,0.31192,0.200237,0.200243,0.287601,1.1781,177,5.8133,0.66,1.8038,0
3606,144.24,250.016,62.504,modulation_spiral,0.921182,granular_texture,0.220177,0.227824,0.26432,0.287679,1.1783,178,5.7938,0.555,2.0188,1
3607,144.28,250.0853,62.5213,modulation_spiral,0.921425,granular_texture,0.07415,0.154452,0.368387,0.403011,1.1922,175,5.8929,0.3467,2.3677,1
3608,144.32,250.1547,62.5387,modulation_spiral,0.921667,broken_beat,0.078309,0.285459,0.431551,0.204681,1.1685,180,5.9182,0.3978,2.5795,0
3609,144.36,250.224,62.556,modulation_spiral,0.921907,glassy_arps,0.129938,0.510133,0.242401,0.117528,1.1582,190,5.9861,0.541,1.9461,0
3610,144.4,250.2933,62.5733,modulation_spiral,0.922146,glassy_arps,0.135623,0.425251,0.082222,0.356904,1.187,186,5.915,0.5184,1.4098,0
3611,144.44,250.3627,62.5907,modulation_spiral,0.922383,glassy_arps,0.207389,0.41388,0.089083,0.289649,1.1791,186,5.9064,0.6041,1.433,0
3612,144.48,250.432,62.608,modulation_spiral,0.922619,tension_chords,0.35194,0.263735,0.277469,0.106856,1.1572,180,5.8548,0.7322,2.0644,0
3613,144.52,250.5013,62.6253,modulation_spiral,0.922854,broken_beat,0.280229,0.086306,0.427698,0.205767,1.1692,172,5.9202,0.5805,2.5679,1
3614,144.56,250.5707,62.6427,modulation_spiral,0.923088,granular_texture,0.332643,0.071958,0.255826,0.339573,1.1854,172,5.8464,0.641,1.9924,1
3615,144.6,250.64,62.66,modulation_spiral,0.92332,tension_chords,0.595345,0.124219,0.13937,0.141066,1.1617,174,6.0648,0.9877,1.6025,1
3616,144.64,250.7093,62.6773,modulation_spiral,0.923551,tension_chords,0.542807,0.149603,0.102958,0.204632,1.1694,175,6.0212,0.9309,1.4808,0
3617,144.68,250.7787,62.6947,modulation_spiral,0.92378,granular_texture,0.344069,0.19358,0.117286,0.345065,1.1863,177,5.8541,0.6978,1.5291,0
3618,144.72,250.848,62.712,modulation_spiral,0.924008,glassy_arps,0.222778,0.357705,0.304479,0.115038,1.1588,184,5.8659,0.6037,2.1564,0
3619,144.76,250.9173,62.7293,modulation_spiral,0.924235,glassy_arps,0.147216,0.425082,0.340234,0.087468,1.1556,187,5.9242,0.5328,2.2764,0
3620,144.8,250.9867,62.7467,modulation_spiral,0.92446,granular_texture,0.108017,0.348983,0.139514,0.403486,1.1937,183,5.9068,0.4572,1.6043,0
3621,144.84,251.056,62.764,modulation_spiral,0.924684,granular_texture,0.121574,0.35381,0.123711,0.400905,1.1935,184,5.9056,0.4758,1.5516,0
3622,144.88,251.1253,62.7813,modulation_spiral,0.924906,glassy_arps,0.188191,0.338706,0.255202,0.217901,1.1716,183,5.8537,0.5538,1.9923,1
3623,144.92,251.1947,62.7987,modulation_spiral,0.925127,granular_texture,0.103071,0.116276,0.369337,0.411317,1.1949,174,5.9164,0.3695,2.3749,0
3624,144.96,251.264,62.816,modulation_spiral,0.925347,broken_beat,0.115911,0.091415,0.442381,0.350293,1.1877,173,5.9438,0.3769,2.6199,0
3625,145.0,251.3333,62.8333,modulation_spiral,0.925565,broken_beat,0.31573,0.176586,0.36038,0.147303,1.1634,176,5.8751,0.6565,2.3454,0
3626,145.04,251.4027,62.8507,modulation_spiral,0.925782,tension_chords,0.330587,0.262739,0.110939,0.295736,1.1813,180,5.8507,0.7052,1.51,0
3627,145.08,251.472,62.868,modulation_spiral,0.925997,granular_texture,0.254198,0.264699,0.070963,0.410139,1.1952,180,5.9193,0.6104,1.3763,0
3628,145.12,251.5413,62.8853,modulation_spiral,0.926211,glassy_arps,0.340025,0.37694,0.178407,0.104627,1.1586,185,5.892,0.757,1.7365,1
3629,145.16,251.6107,62.9027,modulation_spiral,0.926424,broken_beat,0.299634,0.30047,0.303239,0.096656,1.1578,182,5.8303,0.6797,2.1549,1
3630,145.2,251.68,62.92,modulation_spiral,0.926635,granular_texture,0.283916,0.212352,0.212119,0.291612,1.1812,178,5.8214,0.6292,1.8499,0
3631,145.24,251.7493,62.9373,modulation_spiral,0.926845,tension_chords,0.442166,0.210407,0.127623,0.219804,1.1727,178,5.9503,0.8263,1.5671,0
3632,145.28,251.8187,62.9547,modulation_spiral,0.927053,tension_chords,0.531748,0.171345,0.143046,0.153861,1.1649,176,6.0274,0.9247,1.619,0
3633,145.32,251.888,62.972,modulation_spiral,0.92726,granular_texture,0.293511,0.092452,0.148738,0.4653,1.2024,173,5.9718,0.5992,1.6383,0
3634,145.36,251.9573,62.9893,modulation_spiral,0.927465,broken_beat,0.206314,0.096481,0.385489,0.311717,1.184,173,5.9049,0.4917,2.4316,0
3635,145.4,252.0267,63.0067,modulation_spiral,0.927669,broken_beat,0.1551,0.187452,0.538716,0.118732,1.161,177,6.036,0.4595,2.9451,1
3636,145.44,252.096,63.024,modulation_spiral,0.927871,granular_texture,0.108825,0.330847,0.217154,0.343174,1.188,183,5.8707,0.4518,1.8681,1
3637,145.48,252.1653,63.0413,modulation_spiral,0.928072,granular_texture,0.081239,0.401493,0.093701,0.423567,1.1977,186,5.94,0.4421,1.4548,0
3638,145.52,252.2347,63.0587,modulation_spiral,0.928271,glassy_arps,0.118156,0.602608,0.132684,0.146553,1.1646,195,6.093,0.5586,1.5856,0
3639,145.56,252.304,63.076,modulation_spiral,0.928469,glassy_arps,0.120867,0.391272,0.307055,0.180806,1.1688,186,5.9143,0.488,2.1699,0
3640,145.6,252.3733,63.0933,modulation_spiral,0.928666,broken_beat,0.125204,0.197175,0.366866,0.310755,1.1845,178,5.8944,0.4255,2.3705,0
3641,145.64,252.4427,63.1107,modulation_spiral,0.928861,tension_chords,0.322078,0.17362,0.312836,0.191466,1.1703,177,5.8572,0.6634,2.1897,0
3642,145.68,252.512,63.128,modulation_spiral,0.929054,tension_chords,0.591679,0.128714,0.137268,0.142339,1.1644,175,6.0872,0.9846,1.6018,1
3643,145.72,252.5813,63.1453,modulation_spiral,0.929246,tension_chords,0.446881,0.084752,0.084756,0.383611,1.1935,173,5.965,0.7883,1.4261,0
3644,145.76,252.6507,63.1627,modulation_spiral,0.929436,tension_chords,0.425898,0.105176,0.153177,0.315749,1.1854,174,5.948,0.7692,1.6555,0
3645,145.8,252.72,63.18,modulation_spiral,0.929625,broken_beat,0.371327,0.169523,0.380287,0.078863,1.1571,177,5.9101,0.7235,2.4165,0
3646,145.84,252.7893,63.1973,modulation_spiral,0.929813,broken_beat,0.255535,0.222081,0.323631,0.198753,1.1716,179,5.8628,0.5971,2.227,0
3647,145.88,252.8587,63.2147,modulation_spiral,0.929999,glassy_arps,0.237308,0.360194,0.109957,0.292541,1.1829,185,5.8947,0.6227,1.5114,0
3648,145.92,252.928,63.232,modulation_spiral,0.930183,glassy_arps,0.239179,0.567497,0.092588,0.100736,1.16,194,6.0717,0.6976,1.4534,0
3649,145.96,252.9973,63.2493,modulation_spiral,0.930366,glassy_arps,0.202738,0.437344,0.132299,0.227618,1.1753,188,5.9619,0.6065,1.5866,0
3650,146.0,253.0667,63.2667,modulation_spiral,0.930547,granular_texture,0.098965,0.158749,0.256132,0.486154,1.2064,176,6.0042,0.3793,2.0016,1
3651,146.04,253.136,63.284,modulation_spiral,0.930727,broken_beat,0.105114,0.132383,0.560166,0.202337,1.1724,175,6.0679,0.3777,3.0204,1
3652,146.08,253.2053,63.3013,modulation_spiral,0.930905,broken_beat,0.146252,0.167832,0.484302,0.201613,1.1724,177,6.0042,0.4416,2.7664,0
3653,146.12,253.2747,63.3187,modulation_spiral,0.931081,granular_texture,0.13035,0.136675,0.138027,0.594947,1.2197,176,6.099,0.4108,1.6066,0
3654,146.16,253.344,63.336,modulation_spiral,0.931256,granular_texture,0.203383,0.231833,0.147104,0.41768,1.1985,180,5.9491,0.5354,1.6372,0
3655,146.2,253.4133,63.3533,modulation_spiral,0.93143,glassy_arps,0.243855,0.395755,0.243087,0.117303,1.1625,186,5.9313,0.6433,1.9589,0
3656,146.24,253.4827,63.3707,modulation_spiral,0.931602,glassy_arps,0.171216,0.309505,0.272121,0.247158,1.1782,183,5.8587,0.5223,2.0564,0
3657,146.28,253.552,63.388,modulation_spiral,0.931772,glassy_arps,0.219919,0.294685,0.21877,0.266627,1.1806,182,5.8469,0.578,1.8778,1
3658,146.32,253.6213,63.4053,modulation_spiral,0.931941,tension_chords,0.417809,0.3686,0.120544,0.093047,1.1599,185,5.9523,0.8513,1.549,0
3659,146.36,253.6907,63.4227,modulation_spiral,0.932108,tension_chords,0.51329,0.232071,0.083654,0.170986,1.1693,180,6.0342,0.9228,1.4256,0
3660,146.4,253.76,63.44,modulation_spiral,0.932273,tension_chords,0.425498,0.112941,0.098814,0.362747,1.1924,175,5.9603,0.7714,1.4765,0
3661,146.44,253.8293,63.4573,modulation_spiral,0.932437,tension_chords,0.406591,0.096466,0.338704,0.158239,1.1679,174,5.9449,0.742,2.2803,0
3662,146.48,253.8987,63.4747,modulation_spiral,0.9326,broken_beat,0.326096,0.095653,0.456111,0.122141,1.1637,174,5.9878,0.6411,2.6738,0
3663,146.52,253.968,63.492,modulation_spiral,0.93276,granular_texture,0.228651,0.114451,0.204408,0.452491,1.2034,175,5.9854,0.5259,1.8308,0
3664,146.56,254.0373,63.5093,modulation_spiral,0.932919,granular_texture,0.219061,0.281599,0.129599,0.369742,1.1935,182,5.9158,0.5724,1.5804,0
3665,146.6,254.1067,63.5267,modulation_spiral,0.933077,glassy_arps,0.173087,0.527094,0.151897,0.147922,1.167,192,6.0502,0.6008,1.6552,1
3666,146.64,254.176,63.544,modulation_spiral,0.933233,glassy_arps,0.077556,0.403631,0.235664,0.283149,1.1833,187,5.946,0.4382,1.936,0
3667,146.68,254.2453,63.5613,modulation_spiral,0.933387,broken_beat,0.057372,0.313943,0.333511,0.295174,1.1848,183,5.8871,0.3816,2.264,0
3668,146.72,254.3147,63.5787,modulation_spiral,0.93354,glassy_arps,0.111961,0.387064,0.381301,0.119674,1.1638,186,5.9333,0.4754,2.4243,0
3669,146.76,254.384,63.596,modulation_spiral,0.933691,glassy_arps,0.214629,0.314511,0.181621,0.289239,1.1842,183,5.8723,0.5784,1.7555,0
3670,146.8,254.4533,63.6133,modulation_spiral,0.93384,granular_texture,0.228228,0.138351,0.106614,0.526807,1.2128,176,6.0534,0.5337,1.5044,0
3671,146.84,254.5227,63.6307,modulation_spiral,0.933988,tension_chords,0.416718,0.14086,0.192367,0.250055,1.1796,176,5.9605,0.7702,1.7918,1
3672,146.88,254.592,63.648,modulation_spiral,0.934134,broken_beat,0.361022,0.09717,0.433411,0.108397,1.1627,174,5.9753,0.6853,2.5995,1
3673,146.92,254.6613,63.6653,modulation_spiral,0.934278,broken_beat,0.274032,0.08892,0.350372,0.286677,1.1842,174,5.9054,0.5737,2.3215,0
3674,146.96,254.7307,63.6827,modulation_spiral,0.934421,tension_chords,0.354569,0.193606,0.160323,0.291502,1.1848,178,5.9096,0.711,1.6849,0
3675,147.0,254.8,63.7,modulation_spiral,0.934562,tension_chords,0.445437,0.372159,0.091889,0.090514,1.1608,186,5.9874,0.8871,1.4558,0
3676,147.04,254.8693,63.7173,modulation_spiral,0.934701,tension_chords,0.362115,0.349996,0.072603,0.215286,1.1758,185,5.9172,0.7751,1.3914,0
3677,147.08,254.9387,63.7347,modulation_spiral,0.934839,glassy_arps,0.267677,0.30622,0.147403,0.2787,1.1835,183,5.8703,0.6418,1.6421,0
3678,147.12,255.008,63.752,modulation_spiral,0.934975,broken_beat,0.210513,0.298401,0.399771,0.091314,1.161,183,5.9504,0.5676,2.4877,1
3679,147.16,255.0773,63.7693,modulation_spiral,0.935109,broken_beat,0.178706,0.184947,0.457524,0.178823,1.1716,178,6.0001,0.4881,2.6813,1
3680,147.2,255.1467,63.7867,modulation_spiral,0.935242,granular_texture,0.118428,0.107949,0.131042,0.642581,1.2273,175,6.158,0.3858,1.5878,0
3681,147.24,255.216,63.804,modulation_spiral,0.935373,granular_texture,0.179572,0.196751,0.19675,0.426927,1.2015,179,5.9753,0.4933,1.808,0
3682,147.28,255.2853,63.8213,modulation_spiral,0.935502,broken_beat,0.198057,0.251339,0.3096,0.241004,1.1793,181,5.8761,0.5355,2.1862,0
3683,147.32,255.3547,63.8387,modulation_spiral,0.935629,granular_texture,0.093153,0.169543,0.353332,0.383971,1.1965,178,5.9399,0.3758,2.3329,0
3684,147.36,255.424,63.856,modulation_spiral,0.935755,broken_beat,0.110572,0.251163,0.365274,0.272991,1.1832,181,5.9246,0.4261,2.373,0
3685,147.4,255.4933,63.8733,modulation_spiral,0.935879,glassy_arps,0.218369,0.484195,0.208899,0.088538,1.1611,191,6.0262,0.6424,1.8493,0
3686,147.44,255.5627,63.8907,modulation_spiral,0.936001,glassy_arps,0.249375,0.445654,0.073916,0.231056,1.1783,189,5.994,0.6677,1.3972,0
3687,147.48,255.632,63.908,modulation_spiral,0.936122,granular_texture,0.27517,0.294943,0.072141,0.357745,1.1935,183,5.9198,0.6472,1.3914,0
3688,147.52,255.7013,63.9253,modulation_spiral,0.936241,tension_chords,0.417917,0.237237,0.215272,0.129573,1.1662,181,5.9715,0.8054,1.871,0
3689,147.56,255.7707,63.9427,modulation_spiral,0.936358,broken_beat,0.387071,0.113183,0.387523,0.112222,1.1642,175,5.9462,0.7235,2.4482,0
3690,147.6,255.84,63.96,modulation_spiral,0.936473,granular_texture,0.3329,0.071895,0.258302,0.336903,1.1912,174,5.9037,0.6413,2.0154,0
3691,147.64,255.9093,63.9773,modulation_spiral,0.936587,tension_chords,0.457477,0.107647,0.142401,0.292476,1.1859,175,6.0067,0.8095,1.6273,0
3692,147.68,255.9787,63.9947,modulation_spiral,0.936699,tension_chords,0.52153,0.186437,0.145415,0.146618,1.1685,178,6.0616,0.9172,1.6375,0
3693,147.72,256.048,64.012,modulation_spiral,0.936809,granular_texture,0.274807,0.247664,0.128266,0.349263,1.1928,181,5.9157,0.6302,1.5802,0
3694,147.76,256.1173,64.0293,modulation_spiral,0.936917,glassy_arps,0.154898,0.295848,0.258258,0.290996,1.1859,183,5.8708,0.4972,2.0158,1
3695,147.8,256.1867,64.0467,modulation_spiral,0.937023,glassy_arps,0.108833,0.404017,0.398404,0.088746,1.1617,188,5.9632,0.4774,2.4854,0
3696,147.84,256.256,64.064,modulation_spiral,0.937128,glassy_arps,0.093372,0.473211,0.235078,0.198339,1.1749,191,6.0225,0.4823,1.9384,0
3697,147.88,256.3253,64.0813,modulation_spiral,0.937231,granular_texture,0.081102,0.331336,0.096207,0.491355,1.2101,185,6.0383,0.4173,1.4732,0
3698,147.92,256.3947,64.0987,modulation_spiral,0.937332,granular_texture,0.153997,0.337615,0.163,0.345388,1.1926,185,5.9147,0.5107,1.6971,0
3699,147.96,256.464,64.116,modulation_spiral,0.937432,broken_beat,0.213515,0.198846,0.403328,0.184311,1.1733,179,5.9644,0.5365,2.5023,0
3700,148.0,256.5333,64.1333,modulation_spiral,0.937529,broken_beat,0.153916,0.079697,0.423987,0.3424,1.1924,174,5.9824,0.4203,2.5716,1
3701,148.04,256.6027,64.1507,modulation_spiral,0.937625,broken_beat,0.253097,0.092427,0.354437,0.30004,1.1873,175,5.9237,0.5487,2.3388,1
3702,148.08,256.672,64.168,modulation_spiral,0.937719,tension_chords,0.519805,0.181918,0.176643,0.121635,1.1659,178,6.0647,0.9134,1.7432,0
3703,148.12,256.7413,64.1853,modulation_spiral,0.937811,tension_chords,0.46478,0.217409,0.082547,0.235264,1.1796,180,6.0183,0.8571,1.4281,0
3704,148.16,256.8107,64.2027,modulation_spiral,0.937902,granular_texture,0.316413,0.244666,0.071091,0.36783,1.1956,181,5.9363,0.6811,1.3898,0
3705,148.2,256.88,64.22,modulation_spiral,0.93799,glassy_arps,0.329648,0.33475,0.24097,0.094633,1.1628,185,5.9086,0.7292,1.959,0
3706,148.24,256.9493,64.2373,modulation_spiral,0.938077,broken_beat,0.262473,0.269929,0.384176,0.083423,1.1615,182,5.951,0.6226,2.4389,0
3707,148.28,257.0187,64.2547,modulation_spiral,0.938162,granular_texture,0.252202,0.224689,0.198479,0.32463,1.1905,180,5.9008,0.5939,1.8169,1
3708,148.32,257.088,64.272,modulation_spiral,0.938245,tension_chords,0.329987,0.2372,0.125159,0.307654,1.1885,181,5.9057,0.6955,1.5714,0
3709,148.36,257.1573,64.2893,modulation_spiral,0.938326,tension_chords,0.391654,0.219352,0.19442,0.194574,1.175,180,5.9585,0.7663,1.8035,0
3710,148.4,257.2267,64.3067,modulation_spiral,0.938405,granular_texture,0.164558,0.118024,0.206578,0.51084,1.213,176,6.0601,0.447,1.8443,0
3711,148.44,257.296,64.324,modulation_spiral,0.938482,granular_texture,0.091041,0.096289,0.395593,0.417078,1.2018,175,5.9808,0.3475,2.4776,0
3712,148.48,257.3653,64.3413,modulation_spiral,0.938558,broken_beat,0.100072,0.192775,0.578803,0.12835,1.1671,179,6.1186,0.3926,3.0914,0
3713,148.52,257.4347,64.3587,modulation_spiral,0.938632,glassy_arps,0.119293,0.388114,0.259144,0.233449,1.1798,187,5.9568,0.485,2.0206,0
3714,148.56,257.504,64.376,modulation_spiral,0.938704,granular_texture,0.102668,0.383389,0.086682,0.42726,1.2031,187,5.9904,0.4625,1.443,0
3715,148.6,257.5733,64.3933,modulation_spiral,0.938774,glassy_arps,0.16616,0.524864,0.103172,0.205804,1.1765,193,6.0737,0.5914,1.4983,0
3716,148.64,257.6427,64.4107,modulation_spiral,0.938842,glassy_arps,0.213197,0.466155,0.230151,0.090497,1.1627,191,6.0241,0.6297,1.9237,1
3717,148.68,257.712,64.428,modulation_spiral,0.938908,broken_beat,0.214239,0.197143,0.312382,0.276237,1.185,179,5.8937,0.5368,2.1993,0
3718,148.72,257.7813,64.4453,modulation_spiral,0.938972,tension_chords,0.323312,0.121635,0.260918,0.294135,1.1872,176,5.9032,0.6467,2.0269,0
3719,148.76,257.8507,64.4627,modulation_spiral,0.939035,tension_chords,0.60028,0.125456,0.151532,0.122732,1.1667,176,6.1389,0.9943,1.6606,0
3720,148.8,257.92,64.48,modulation_spiral,0.939095,tension_chords,0.590836,0.096534,0.096513,0.216117,1.1779,175,6.1312,0.9723,1.4763,0
3721,148.84,257.9893,64.4973,modulation_spiral,0.939154,tension_chords,0.426478,0.085372,0.105596,0.382554,1.1979,175,5.9917,0.763,1.5068,0
3722,148.88,258.0587,64.5147,modulation_spiral,0.93921,tension_chords,0.353386,0.162371,0.320235,0.164008,1.1717,178,5.9299,0.6986,2.2259,1
3723,148.92,258.128,64.532,modulation_spiral,0.939265,broken_beat,0.244635,0.295885,0.368553,0.090927,1.163,183,5.943,0.6094,2.3878,1
3724,148.96,258.1973,64.5493,modulation_spiral,0.939318,glassy_arps,0.153958,0.397415,0.152803,0.295824,1.1876,188,5.9678,0.5315,1.6651,0
3725,149.0,258.2667,64.5667,modulation_spiral,0.939369,glassy_arps,0.139122,0.470571,0.091817,0.298491,1.1879,191,6.0302,0.5386,1.4609,0
3726,149.04,258.336,64.584,modulation_spiral,0.939418,glassy_arps,0.151989,0.564717,0.142793,0.140502,1.169,195,6.1104,0.5876,1.6317,0
3727,149.08,258.4053,64.6013,modulation_spiral,0.939465,granular_texture,0.105581,0.302111,0.27095,0.321357,1.1907,184,5.9038,0.4377,2.0611,0
3728,149.12,258.4747,64.6187,modulation_spiral,0.93951,granular_texture,0.067427,0.108645,0.359158,0.46477,1.2079,176,6.0259,0.3223,2.3566,0
3729,149.16,258.544,64.636,modulation_spiral,0.939553,broken_beat,0.14417,0.132769,0.523783,0.199277,1.1761,177,6.0762,0.4267,2.9082,1
3730,149.2,258.6133,64.6533,modulation_spiral,0.939594,tension_chords,0.303831,0.182631,0.279549,0.233989,1.1803,179,5.8895,0.6437,2.09,1
3731,149.24,258.6827,64.6707,modulation_spiral,0.939634,granular_texture,0.24839,0.139612,0.109286,0.502712,1.2126,177,6.0587,0.5594,1.5197,0
3732,149.28,258.752,64.688,modulation_spiral,0.939671,tension_chords,0.317313,0.25077,0.118997,0.312921,1.1898,182,5.9013,0.6844,1.5523,0
3733,149.32,258.8213,64.7053,modulation_spiral,0.939706,tension_chords,0.315357,0.298718,0.304129,0.081796,1.1621,184,5.8997,0.6987,2.1725,0
3734,149.36,258.8907,64.7227,modulation_spiral,0.93974,broken_beat,0.245636,0.258689,0.302171,0.193504,1.1755,182,5.8887,0.5976,2.166,0
3735,149.4,258.96,64.74,modulation_spiral,0.939771,granular_texture,0.263861,0.265859,0.17109,0.299189,1.1882,182,5.8863,0.6229,1.7269,0
3736,149.44,259.0293,64.7573,modulation_spiral,0.9398,tension_chords,0.431582,0.344517,0.104671,0.11923,1.1666,186,5.999,0.8601,1.5044,0
3737,149.48,259.0987,64.7747,modulation_spiral,0.939828,tension_chords,0.495187,0.250658,0.105831,0.148325,1.1701,182,6.0531,0.9067,1.5083,0
3738,149.52,259.168,64.792,modulation_spiral,0.939853,granular_texture,0.372183,0.113387,0.121244,0.393186,1.1995,176,5.9666,0.7049,1.56,0
3739,149.56,259.2373,64.8093,modulation_spiral,0.939876,broken_beat,0.279707,0.090049,0.380847,0.249397,1.1823,175,5.9562,0.5812,2.4297,0
3740,149.6,259.3067,64.8267,modulation_spiral,0.939898,broken_beat,0.19132,0.099784,0.609841,0.099055,1.1642,175,6.1509,0.4741,3.1969,0
3741,149.64,259.376,64.844,modulation_spiral,0.939917,granular_texture,0.148232,0.148397,0.273791,0.42958,1.2039,177,5.9978,0.4372,2.0711,0
3742,149.68,259.4453,64.8613,modulation_spiral,0.939934,granular_texture,0.107741,0.252395,0.116464,0.5234,1.2152,182,6.0776,0.423,1.5441,0
3743,149.72,259.5147,64.8787,modulation_spiral,0.93995,glassy_arps,0.12791,0.539368,0.148914,0.183808,1.1744,194,6.0912,0.5487,1.6528,1
3744,149.76,259.584,64.896,modulation_spiral,0.939963,glassy_arps,0.101253,0.519176,0.219271,0.1603,1.1716,193,6.0741,0.5083,1.8885,1
3745,149.8,259.6533,64.9133,modulation_spiral,0.939974,glassy_arps,0.079424,0.311859,0.297748,0.310968,1.1897,184,5.898,0.4084,2.1514,0
3746,149.84,259.7227,64.9307,modulation_spiral,0.939984,broken_beat,0.139226,0.298708,0.342396,0.219671,1.1788,184,5.924,0.4786,2.301,0
3747,149.88,259.792,64.948,modulation_spiral,0.939991,tension_chords,0.365246,0.311251,0.20928,0.114223,1.1661,184,5.9434,0.7655,1.8551,0
3748,149.92,259.8613,64.9653,modulation_spiral,0.939996,tension_chords,0.423736,0.136404,0.102857,0.337002,1.1928,177,5.9932,0.7774,1.4986,0
3749,149.96,259.9307,64.9827,modulation_spiral,0.939999,granular_texture,0.39882,0.091726,0.099477,0.409978,1.2016,175,5.9815,0.7306,1.4872,0
3750,150.0,260.0,65.0,final_peak,0.9,tension_chords,0.522573,0.119872,0.282987,0.074569,1.1429,170,5.8992,0.8952,2.058,1
3751,150.04,260.0693,65.0173,final_peak,0.900001,tension_chords,0.41415,0.116494,0.391164,0.078192,1.1434,170,5.807,0.7585,2.4204,1
3752,150.08,260.1387,65.0347,final_peak,0.900005,tension_chords,0.315323,0.155978,0.218973,0.309725,1.1712,172,5.723,0.6487,1.8436,1
3753,150.12,260.208,65.052,final_peak,0.900011,tension_chords,0.35165,0.318562,0.10705,0.222738,1.1607,179,5.754,0.7511,1.4686,0
3754,150.16,260.2773,65.0693,final_peak,0.900019,glassy_arps,0.332068,0.528185,0.094332,0.045416,1.1395,187,5.904,0.7999,1.426,0
3755,150.2,260.3467,65.0867,final_peak,0.90003,glassy_arps,0.221005,0.477514,0.101403,0.200078,1.158,185,5.861,0.6434,1.4497,0
3756,150.24,260.416,65.104,final_peak,0.900043,glassy_arps,0.164229,0.29377,0.253198,0.288803,1.1687,178,5.7049,0.5081,1.9583,0
3757,150.28,260.4853,65.1213,final_peak,0.900058,broken_beat,0.166665,0.246521,0.507663,0.07915,1.1435,176,5.8868,0.4946,2.8107,0
3758,150.32,260.5547,65.1387,final_peak,0.900076,broken_beat,0.206961,0.223742,0.417193,0.152104,1.1523,175,5.81,0.537,2.5077,1
3759,150.36,260.624,65.156,final_peak,0.900096,granular_texture,0.141001,0.126767,0.120243,0.611989,1.2075,171,5.9756,0.4206,1.5129,0
3760,150.4,260.6933,65.1733,final_peak,0.900118,granular_texture,0.235345,0.192402,0.169069,0.403184,1.1824,173,5.7982,0.5615,1.6765,0
3761,150.44,260.7627,65.1907,final_peak,0.900143,broken_beat,0.322133,0.261964,0.32871,0.087192,1.1445,176,5.735,0.6944,2.2113,0
3762,150.48,260.832,65.208,final_peak,0.90017,broken_beat,0.205642,0.231944,0.357552,0.204863,1.1587,175,5.7597,0.5382,2.308,0
3763,150.52,260.9013,65.2253,final_peak,0.900199,glassy_arps,0.195988,0.286178,0.272431,0.245404,1.1635,177,5.6991,0.5451,2.0229,0
3764,150.56,260.9707,65.2427,final_peak,0.900231,glassy_arps,0.348552,0.417326,0.1644,0.069722,1.1425,183,5.8108,0.7818,1.661,0
3765,150.6,261.04,65.26,final_peak,0.900265,tension_chords,0.462869,0.383652,0.081048,0.07243,1.1428,181,5.8496,0.9129,1.3818,0
3766,150.64,261.1093,65.2773,final_peak,0.900301,tension_chords,0.403424,0.241998,0.066422,0.288156,1.1687,175,5.7992,0.789,1.3328,0
3767,150.68,261.1787,65.2947,final_peak,0.900339,tension_chords,0.425792,0.185521,0.188618,0.20007,1.1582,173,5.8184,0.7972,1.7422,0
3768,150.72,261.248,65.312,final_peak,0.900379,broken_beat,0.390002,0.116343,0.453932,0.039724,1.1389,170,5.8425,0.7282,2.6311,0
3769,150.76,261.3173,65.3293,final_peak,0.900422,broken_beat,0.354416,0.099622,0.361267,0.184695,1.1564,169,5.764,0.6779,2.3207,0
3770,150.8,261.3867,65.3467,final_peak,0.900467,granular_texture,0.315415,0.110511,0.155832,0.418242,1.1844,170,5.8126,0.6329,1.6326,0
3771,150.84,261.456,65.364,final_peak,0.900514,tension_chords,0.401356,0.242894,0.163028,0.192721,1.1574,175,5.7984,0.7867,1.6567,0
3772,150.88,261.5253,65.3813,final_peak,0.900564,glassy_arps,0.304908,0.400375,0.179022,0.115695,1.1481,182,5.7978,0.7213,1.7103,1
3773,150.92,261.5947,65.3987,final_peak,0.900615,granular_texture,0.124186,0.321925,0.227289,0.3266,1.1735,179,5.7353,0.4679,1.8721,1
3774,150.96,261.664,65.416,final_peak,0.900669,broken_beat,0.085768,0.322114,0.397623,0.194494,1.1576,179,5.796,0.42,2.4428,0
3775,151.0,261.7333,65.4333,final_peak,0.900725,glassy_arps,0.118608,0.44659,0.389197,0.045605,1.1398,184,5.8378,0.5046,2.4146,0
3776,151.04,261.8027,65.4507,final_peak,0.900783,glassy_arps,0.175776,0.456078,0.160758,0.207388,1.1592,184,5.8462,0.5793,1.6494,0
3777,151.08,261.872,65.468,final_peak,0.900843,granular_texture,0.178027,0.236122,0.093666,0.492185,1.1935,175,5.8771,0.5052,1.4247,0
3778,151.12,261.9413,65.4853,final_peak,0.900906,tension_chords,0.373175,0.228318,0.17157,0.226937,1.1616,175,5.7762,0.7464,1.6858,0
3779,151.16,262.0107,65.5027,final_peak,0.90097,tension_chords,0.414383,0.14207,0.376054,0.067493,1.1425,171,5.8115,0.7677,2.3708,1
3780,151.2,262.08,65.52,final_peak,0.901037,broken_beat,0.304139,0.083467,0.368056,0.244339,1.1638,169,5.7725,0.6094,2.3441,1
3781,151.24,262.1493,65.5373,final_peak,0.901106,tension_chords,0.361726,0.10255,0.280381,0.255343,1.1651,170,5.7674,0.6881,2.0505,0
3782,151.28,262.2187,65.5547,final_peak,0.901176,tension_chords,0.570024,0.236753,0.133166,0.060057,1.1417,175,5.9448,0.9954,1.5574,0
3783,151.32,262.288,65.572,final_peak,0.901249,tension_chords,0.500698,0.297366,0.084062,0.117874,1.1487,178,5.8862,0.9299,1.393,0
3784,151.36,262.3573,65.5893,final_peak,0.901324,tension_chords,0.335037,0.268615,0.07546,0.320888,1.1731,177,5.7457,0.7128,1.3642,0
3785,151.4,262.4267,65.6067,final_peak,0.901401,glassy_arps,0.293659,0.346887,0.232823,0.12663,1.1498,180,5.7561,0.6885,1.8915,0
3786,151.44,262.496,65.624,final_peak,0.901481,glassy_arps,0.238851,0.368254,0.356593,0.036303,1.139,181,5.7746,0.6275,2.3062,0
3787,151.48,262.5653,65.6413,final_peak,0.901562,glassy_arps,0.218888,0.280388,0.250718,0.250006,1.1647,177,5.7003,0.5717,1.9516,1
3788,151.52,262.6347,65.6587,final_peak,0.901645,granular_texture,0.211461,0.189453,0.134428,0.464658,1.1905,173,5.8573,0.5306,1.5621,1
3789,151.56,262.704,65.676,final_peak,0.90173,tension_chords,0.3223,0.268203,0.231308,0.178189,1.1562,177,5.7367,0.6967,1.8868,0
3790,151.6,262.7733,65.6933,final_peak,0.901818,broken_beat,0.257899,0.230595,0.308684,0.202822,1.1592,175,5.7255,0.6031,2.1461,0
3791,151.64,262.8427,65.7107,final_peak,0.901907,granular_texture,0.119201,0.118871,0.354599,0.407329,1.1838,170,5.8097,0.3906,2.3,0
3792,151.68,262.912,65.728,final_peak,0.901998,broken_beat,0.142108,0.187396,0.434883,0.235614,1.1632,173,5.8335,0.4432,2.5691,0
3793,151.72,262.9813,65.7453,final_peak,0.902092,glassy_arps,0.258034,0.407983,0.276978,0.057005,1.1418,183,5.8111,0.6653,2.0402,0
3794,151.76,263.0507,65.7627,final_peak,0.902187,glassy_arps,0.249996,0.48794,0.090747,0.171317,1.1556,186,5.8795,0.6833,1.4164,0
3795,151.8,263.12,65.78,final_peak,0.902284,glassy_arps,0.232883,0.405013,0.067177,0.294927,1.1704,183,5.8094,0.6329,1.3376,0
3796,151.84,263.1893,65.7973,final_peak,0.902383,glassy_arps,0.351392,0.371581,0.157088,0.11994,1.1495,181,5.7814,0.7693,1.6389,0
3797,151.88,263.2587,65.8147,final_peak,0.902485,tension_chords,0.382413,0.233601,0.336724,0.047262,1.1408,175,5.7911,0.7598,2.2408,0
3798,151.92,263.328,65.832,final_peak,0.902588,tension_chords,0.343465,0.117198,0.305837,0.2335,1.1632,171,5.7585,0.6704,2.1374,0
3799,151.96,263.3973,65.8493,final_peak,0.902693,tension_chords,0.430768,0.102789,0.180628,0.285816,1.1695,170,5.8331,0.7744,1.7181,0
3800,152.0,263.4667,65.8667,final_peak,0.9028,tension_chords,0.63313,0.15289,0.138814,0.075166,1.1443,172,6.0056,1.0449,1.5781,0
3801,152.04,263.536,65.884,final_peak,0.902909,tension_chords,0.55211,0.156858,0.130396,0.160636,1.1546,172,5.9372,0.945,1.55,0
3802,152.08,263.6053,65.9013,final_peak,0.90302,granular_texture,0.294826,0.15107,0.158975,0.395129,1.1828,172,5.8043,0.6214,1.6459,1
3803,152.12,263.6747,65.9187,final_peak,0.903133,broken_beat,0.199042,0.252274,0.375858,0.172826,1.1562,176,5.7884,0.5371,2.3726,0
3804,152.16,263.744,65.936,final_peak,0.903247,broken_beat,0.162772,0.396051,0.398579,0.042598,1.1406,182,5.8082,0.5421,2.4488,0
3805,152.2,263.8133,65.9533,final_peak,0.903364,glassy_arps,0.130695,0.460097,0.180184,0.229025,1.163,185,5.8611,0.5244,1.7173,0
3806,152.24,263.8827,65.9707,final_peak,0.903482,glassy_arps,0.116815,0.416029,0.093556,0.3736,1.1804,183,5.8241,0.4916,1.4272,0
3807,152.28,263.952,65.988,final_peak,0.903602,glassy_arps,0.196958,0.504607,0.156941,0.141494,1.1526,187,5.8999,0.6228,1.6397,0
3808,152.32,264.0213,66.0053,final_peak,0.903725,glassy_arps,0.235991,0.324428,0.324133,0.115448,1.1496,179,5.7473,0.6085,2.1999,1
3809,152.36,264.0907,66.0227,final_peak,0.903849,broken_beat,0.140397,0.096643,0.391868,0.371093,1.1803,170,5.8052,0.4093,2.427,1
3810,152.4,264.16,66.04,final_peak,0.903974,broken_beat,0.210759,0.092349,0.434775,0.262116,1.1673,170,5.8422,0.4958,2.5709,0
3811,152.44,264.2293,66.0573,final_peak,0.904102,tension_chords,0.515246,0.15828,0.257186,0.069288,1.1442,172,5.9112,0.8995,1.9761,0
3812,152.48,264.2987,66.0747,final_peak,0.904231,tension_chords,0.560478,0.170768,0.110471,0.158282,1.1549,173,5.9502,0.9604,1.4847,0
3813,152.52,264.368,66.092,final_peak,0.904363,tension_chords,0.39993,0.194558,0.077717,0.327795,1.1753,174,5.8144,0.768,1.3751,0
3814,152.56,264.4373,66.1093,final_peak,0.904496,tension_chords,0.398558,0.302487,0.157764,0.141191,1.153,179,5.8138,0.8041,1.6435,0
3815,152.6,264.5067,66.1267,final_peak,0.904631,tension_chords,0.33956,0.325474,0.302251,0.032715,1.1401,180,5.7642,0.7384,2.1276,1
3816,152.64,264.576,66.144,final_peak,0.904767,broken_beat,0.271198,0.275191,0.280668,0.172944,1.1569,177,5.7148,0.6353,2.0555,1
3817,152.68,264.6453,66.1613,final_peak,0.904906,tension_chords,0.292208,0.272955,0.148638,0.286199,1.1706,177,5.7252,0.6608,1.6133,0
3818,152.72,264.7147,66.1787,final_peak,0.905046,tension_chords,0.423154,0.34041,0.127434,0.109002,1.1494,180,5.8371,0.8481,1.5425,0
3819,152.76,264.784,66.196,final_peak,0.905188,tension_chords,0.441294,0.264677,0.174032,0.119997,1.1508,177,5.8532,0.8443,1.6987,0
3820,152.8,264.8533,66.2133,final_peak,0.905331,granular_texture,0.222323,0.127046,0.228365,0.422267,1.1871,171,5.8377,0.5224,1.8809,0
3821,152.84,264.9227,66.2307,final_peak,0.905477,broken_beat,0.144838,0.105404,0.413482,0.336277,1.1769,170,5.8308,0.4179,2.5012,0
3822,152.88,264.992,66.248,final_peak,0.905624,broken_beat,0.174529,0.179501,0.575139,0.070831,1.1451,174,5.9689,0.481,3.0429,0
3823,152.92,265.0613,66.2653,final_peak,0.905772,glassy_arps,0.187348,0.311789,0.288664,0.212199,1.1621,179,5.7457,0.5433,2.0834,1
3824,152.96,265.1307,66.2827,final_peak,0.905923,granular_texture,0.136772,0.337415,0.100246,0.425567,1.1878,180,5.8431,0.4891,1.4523,0
3825,153.0,265.2,66.3,final_peak,0.906075,glassy_arps,0.185308,0.504171,0.109896,0.200625,1.1609,187,5.9106,0.6081,1.4848,0
3826,153.04,265.2693,66.3173,final_peak,0.906229,glassy_arps,0.218543,0.543423,0.192368,0.045666,1.1423,189,5.9446,0.6634,1.7613,0
3827,153.08,265.3387,66.3347,final_peak,0.906384,glassy_arps,0.196412,0.348187,0.283545,0.171855,1.1576,181,5.7794,0.5674,2.0669,0
3828,153.12,265.408,66.352,final_peak,0.906542,granular_texture,0.229694,0.187887,0.253916,0.328503,1.1764,174,5.7633,0.5529,1.9678,0
3829,153.16,265.4773,66.3693,final_peak,0.9067,tension_chords,0.500301,0.187275,0.200148,0.112276,1.1506,174,5.9101,0.8909,1.7879,0
3830,153.2,265.5467,66.3867,final_peak,0.906861,tension_chords,0.674387,0.138601,0.116359,0.070653,1.1456,172,6.0588,1.0915,1.5073,0
3831,153.24,265.616,66.404,final_peak,0.907023,tension_chords,0.537658,0.092558,0.083786,0.285997,1.1716,170,5.9433,0.9045,1.3984,0
3832,153.28,265.6853,66.4213,final_peak,0.907187,tension_chords,0.455323,0.098025,0.170915,0.275737,1.1704,170,5.874,0.8035,1.6905,0
3833,153.32,265.7547,66.4387,final_peak,0.907352,tension_chords,0.402785,0.152186,0.392828,0.052202,1.1436,173,5.8301,0.7567,2.4341,0
3834,153.36,265.824,66.456,final_peak,0.907519,broken_beat,0.295989,0.245675,0.35348,0.104857,1.15,177,5.7889,0.656,2.3024,0
3835,153.4,265.8933,66.4733,final_peak,0.907687,glassy_arps,0.189424,0.348489,0.131596,0.330491,1.1772,181,5.7854,0.5588,1.5593,0
3836,153.44,265.9627,66.4907,final_peak,0.907858,glassy_arps,0.191983,0.505704,0.090902,0.211411,1.163,188,5.9198,0.617,1.4232,0
3837,153.48,266.032,66.508,final_peak,0.908029,glassy_arps,0.206032,0.605492,0.127641,0.060835,1.145,192,6.0054,0.6695,1.5464,0
3838,153.52,266.1013,66.5253,final_peak,0.908202,glassy_arps,0.150656,0.401468,0.232658,0.215217,1.1636,183,5.8327,0.5288,1.8984,1
3839,153.56,266.1707,66.5427,final_peak,0.908377,broken_beat,0.099089,0.176612,0.3825,0.341799,1.1789,174,5.8174,0.3857,2.4006,0
3840,153.6,266.24,66.56,final_peak,0.908554,broken_beat,0.147743,0.156145,0.516562,0.179549,1.1595,173,5.9321,0.4393,2.8499,0
3841,153.64,266.3093,66.5773,final_peak,0.908731,broken_beat,0.298111,0.208407,0.39983,0.093652,1.1493,175,5.8337,0.6456,2.459,0
3842,153.68,266.3787,66.5947,final_peak,0.908911,granular_texture,0.287208,0.156153,0.142959,0.41368,1.1877,173,5.8463,0.6137,1.5987,0
3843,153.72,266.448,66.612,final_peak,0.909092,granular_texture,0.298579,0.157665,0.110754,0.433003,1.1901,173,5.8635,0.6284,1.491,0
3844,153.76,266.5173,66.6293,final_peak,0.909274,tension_chords,0.413444,0.290854,0.195984,0.099718,1.1502,179,5.8477,0.8186,1.7767,1
3845,153.8,266.5867,66.6467,final_peak,0.909458,broken_beat,0.317708,0.270113,0.359074,0.053106,1.1447,178,5.8023,0.6917,2.3233,1
3846,153.84,266.656,66.664,final_peak,0.909644,broken_beat,0.250292,0.242774,0.304068,0.202866,1.1628,177,5.7564,0.5978,2.1392,0
3847,153.88,266.7253,66.6813,final_peak,0.909831,tension_chords,0.304322,0.296327,0.151269,0.248081,1.1683,179,5.7574,0.6841,1.6276,0
3848,153.92,266.7947,66.6987,final_peak,0.910019,tension_chords,0.466959,0.384792,0.097485,0.050764,1.1447,183,5.8965,0.9184,1.4476,0
3849,153.96,266.864,66.716,final_peak,0.910209,tension_chords,0.506748,0.285007,0.096125,0.112119,1.1522,179,5.9312,0.9332,1.4432,0
3850,154.0,266.9333,66.7333,final_peak,0.9104,tension_chords,0.408632,0.14497,0.113213,0.333185,1.1788,173,5.8486,0.7615,1.5007,0
3851,154.04,267.0027,66.7507,final_peak,0.910593,tension_chords,0.349048,0.11253,0.326682,0.21174,1.1643,171,5.7988,0.6757,2.216,1
3852,154.08,267.072,66.768,final_peak,0.910787,broken_beat,0.2704,0.115152,0.565339,0.049108,1.1449,172,5.9835,0.5783,3.0158,1
3853,154.12,267.1413,66.7853,final_peak,0.910982,broken_beat,0.221418,0.135112,0.403302,0.240168,1.1679,173,5.8467,0.5241,2.4731,1
3854,154.16,267.2107,66.8027,final_peak,0.911179,granular_texture,0.150177,0.161487,0.118345,0.569991,1.2075,174,5.9892,0.4442,1.5188,0
3855,154.2,267.28,66.82,final_peak,0.911378,glassy_arps,0.195763,0.400307,0.151889,0.252041,1.1695,184,5.8459,0.5848,1.6313,0
3856,154.24,267.3493,66.8373,final_peak,0.911578,glassy_arps,0.181072,0.569185,0.179643,0.070101,1.1477,191,5.9903,0.6256,1.7245,0
3857,154.28,267.4187,66.8547,final_peak,0.911779,glassy_arps,0.113591,0.408347,0.262463,0.215599,1.1653,184,5.8545,0.4849,2.0022,0
3858,154.32,267.488,66.872,final_peak,0.911981,glassy_arps,0.10833,0.313841,0.313409,0.26442,1.1712,180,5.7751,0.4453,2.1731,0
3859,154.36,267.5573,66.8893,final_peak,0.912185,glassy_arps,0.21398,0.375972,0.314297,0.095751,1.1511,183,5.8288,0.5991,2.1763,1
3860,154.4,267.6267,66.9067,final_peak,0.91239,tension_chords,0.413011,0.349743,0.16608,0.071165,1.1482,182,5.8612,0.8387,1.68,1
3861,154.44,267.696,66.924,final_peak,0.912597,tension_chords,0.398565,0.151003,0.094534,0.355899,1.1825,173,5.8498,0.7511,1.4405,0
3862,154.48,267.7653,66.9413,final_peak,0.912805,tension_chords,0.432241,0.110383,0.10641,0.350966,1.182,172,5.8794,0.7789,1.4806,0
3863,154.52,267.8347,66.9587,final_peak,0.913014,tension_chords,0.524473,0.120437,0.280275,0.074815,1.149,172,5.9587,0.8977,2.0632,0
3864,154.56,267.904,66.976,final_peak,0.913225,tension_chords,0.429328,0.104922,0.398036,0.067715,1.1482,172,5.8788,0.7734,2.458,0
3865,154.6,267.9733,66.9933,final_peak,0.913437,tension_chords,0.342518,0.12792,0.263246,0.266317,1.1721,173,5.8059,0.6729,2.0067,0
3866,154.64,268.0427,67.0107,final_peak,0.91365,tension_chords,0.357211,0.239011,0.125846,0.277933,1.1736,177,5.8194,0.7302,1.5466,0
3867,154.68,268.112,67.028,final_peak,0.913864,glassy_arps,0.392349,0.452834,0.099567,0.055249,1.147,186,5.9016,0.8489,1.4588,0
3868,154.72,268.1813,67.0453,final_peak,0.91408,glassy_arps,0.280243,0.52784,0.089003,0.102914,1.1528,189,5.9663,0.735,1.4236,0
3869,154.76,268.2507,67.0627,final_peak,0.914297,glassy_arps,0.184406,0.38658,0.145014,0.284,1.1747,184,5.8472,0.5658,1.6115,0
3870,154.8,268.32,67.08,final_peak,0.914515,broken_beat,0.163189,0.288358,0.352418,0.196035,1.1642,179,5.8191,0.5049,2.3066,0
3871,154.84,268.3893,67.0973,final_peak,0.914735,broken_beat,0.173654,0.256291,0.512955,0.057099,1.1476,178,5.9566,0.5068,2.8446,0
3872,154.88,268.4587,67.1147,final_peak,0.914955,broken_beat,0.200562,0.215149,0.319246,0.265043,1.1727,176,5.7929,0.526,2.1959,0
3873,154.92,268.528,67.132,final_peak,0.915177,granular_texture,0.138702,0.124762,0.112957,0.623578,1.2158,173,6.0526,0.417,1.5051,0
3874,154.96,268.5973,67.1493,final_peak,0.915401,granular_texture,0.241436,0.197936,0.17522,0.385409,1.1873,176,5.8511,0.5711,1.7139,1
3875,155.0,268.6667,67.1667,final_peak,0.915625,broken_beat,0.319137,0.250051,0.341623,0.089188,1.1519,178,5.8149,0.6864,2.2716,0
3876,155.04,268.736,67.184,final_peak,0.915851,broken_beat,0.209771,0.210201,0.385322,0.194706,1.1647,176,5.8531,0.5358,2.4183,0
3877,155.08,268.8053,67.2013,final_peak,0.916077,broken_beat,0.18394,0.25846,0.293535,0.264065,1.1731,178,5.776,0.5204,2.111,0
3878,155.12,268.8747,67.2187,final_peak,0.916305,glassy_arps,0.295479,0.389783,0.202056,0.112682,1.155,184,5.8589,0.7058,1.8048,0
3879,155.16,268.944,67.236,final_peak,0.916534,tension_chords,0.438564,0.425648,0.0946,0.041188,1.1465,186,5.9014,0.8972,1.4451,0
3880,155.2,269.0133,67.2533,final_peak,0.916765,tension_chords,0.417853,0.29318,0.066043,0.222924,1.1685,180,5.8848,0.8249,1.3497,0
3881,155.24,269.0827,67.2707,final_peak,0.916996,tension_chords,0.396245,0.216197,0.085988,0.301571,1.178,177,5.8674,0.771,1.4168,0
3882,155.28,269.152,67.288,final_peak,0.917229,tension_chords,0.42593,0.163621,0.31547,0.09498,1.1533,175,5.8937,0.7897,2.1858,0
3883,155.32,269.2213,67.3053,final_peak,0.917463,broken_beat,0.37676,0.105981,0.473507,0.043751,1.1473,172,5.9352,0.708,2.7155,0
3884,155.36,269.2907,67.3227,final_peak,0.917697,tension_chords,0.339074,0.097166,0.305636,0.258124,1.1731,172,5.822,0.6579,2.1533,0
3885,155.4,269.36,67.34,final_peak,0.917933,granular_texture,0.325566,0.116835,0.143945,0.413653,1.1919,173,5.8864,0.6478,1.6119,0
3886,155.44,269.4293,67.3573,final_peak,0.91817,tension_chords,0.410186,0.251004,0.166449,0.172361,1.163,178,5.8845,0.8006,1.6876,0
3887,155.48,269.4987,67.3747,final_peak,0.918409,glassy_arps,0.314588,0.397033,0.17881,0.109569,1.1556,185,5.8744,0.7322,1.7293,0
3888,155.52,269.568,67.392,final_peak,0.918648,glassy_arps,0.136847,0.330907,0.213485,0.318762,1.1808,182,5.8193,0.4869,1.8457,1
3889,155.56,269.6373,67.4093,final_peak,0.918888,broken_beat,0.086338,0.312662,0.353448,0.247552,1.1724,181,5.8395,0.4174,2.3148,1
3890,155.6,269.7067,67.4267,final_peak,0.91913,broken_beat,0.100958,0.398879,0.440224,0.059938,1.15,185,5.9143,0.4658,2.6058,0
3891,155.64,269.776,67.444,final_peak,0.919372,glassy_arps,0.162421,0.508971,0.243939,0.08467,1.1531,189,5.9738,0.5812,1.9485,0
3892,155.68,269.8453,67.4613,final_peak,0.919616,granular_texture,0.17306,0.319244,0.105492,0.402204,1.1913,182,5.8842,0.5281,1.485,0
3893,155.72,269.9147,67.4787,final_peak,0.91986,granular_texture,0.224415,0.20545,0.10255,0.467584,1.1992,177,5.9408,0.5524,1.4754,0
3894,155.76,269.984,67.496,final_peak,0.920106,tension_chords,0.446804,0.204886,0.244031,0.10428,1.1558,177,5.9243,0.8302,1.9496,0
3895,155.8,270.0533,67.5133,final_peak,0.920352,broken_beat,0.387258,0.120571,0.402648,0.089522,1.1541,173,5.8878,0.7263,2.4813,1
3896,155.84,270.1227,67.5307,final_peak,0.9206,broken_beat,0.300263,0.079566,0.35525,0.26492,1.1753,172,5.8486,0.6032,2.3227,1
3897,155.88,270.192,67.548,final_peak,0.920848,tension_chords,0.373084,0.110317,0.270445,0.246154,1.1731,173,5.8649,0.705,2.0389,0
3898,155.92,270.2613,67.5653,final_peak,0.921098,tension_chords,0.561442,0.244543,0.131673,0.062342,1.1512,179,6.0261,0.9874,1.5743,0
3899,155.96,270.3307,67.5827,final_peak,0.921348,tension_chords,0.5097,0.312666,0.087119,0.090515,1.1547,181,5.9832,0.9466,1.4253,0
3900,156.0,270.4,67.6,final_peak,0.9216,tension_chords,0.35379,0.274617,0.067426,0.304168,1.1804,180,5.8518,0.7384,1.3596,0
3901,156.04,270.4693,67.6173,final_peak,0.921852,glassy_arps,0.304936,0.323358,0.170509,0.201197,1.1682,182,5.8271,0.6943,1.7052,0
3902,156.08,270.5387,67.6347,final_peak,0.922106,glassy_arps,0.254786,0.363481,0.342185,0.039548,1.1489,184,5.8623,0.6457,2.2806,1
3903,156.12,270.608,67.652,final_peak,0.92236,broken_beat,0.232306,0.330665,0.346791,0.090238,1.1551,182,5.8493,0.6061,2.2963,1
3904,156.16,270.6773,67.6693,final_peak,0.922616,granular_texture,0.203501,0.203606,0.184714,0.408179,1.1934,177,5.9026,0.5256,1.7537,0
3905,156.2,270.7467,67.6867,final_peak,0.922872,granular_texture,0.227568,0.186112,0.147505,0.438815,1.1972,176,5.9298,0.5496,1.6293,0
3906,156.24,270.816,67.704,final_peak,0.923129,tension_chords,0.328691,0.28192,0.252762,0.136626,1.161,180,5.8373,0.7095,1.9822,0
3907,156.28,270.8853,67.7213,final_peak,0.923387,broken_beat,0.231263,0.210256,0.324713,0.233768,1.1728,177,5.8351,0.5627,2.2235,0
3908,156.32,270.9547,67.7387,final_peak,0.923646,granular_texture,0.119377,0.129475,0.366526,0.384622,1.191,174,5.8872,0.3945,2.3639,0
3909,156.36,271.024,67.756,final_peak,0.923906,broken_beat,0.137106,0.19736,0.415954,0.24958,1.1749,177,5.9149,0.4405,2.5297,1
3910,156.4,271.0933,67.7733,final_peak,0.924166,glassy_arps,0.243317,0.403413,0.295725,0.057545,1.152,186,5.9054,0.6453,2.1273,1
3911,156.44,271.1627,67.7907,final_peak,0.924428,glassy_arps,0.273714,0.517118,0.105426,0.103742,1.1577,191,6.0033,0.7231,1.49,0
3912,156.48,271.232,67.808,final_peak,0.92469,glassy_arps,0.231517,0.414225,0.065309,0.288948,1.18,186,5.917,0.6344,1.3559,0
3913,156.52,271.3013,67.8253,final_peak,0.924954,glassy_arps,0.297298,0.344443,0.089469,0.268791,1.1777,183,5.8588,0.6922,1.4372,0
3914,156.56,271.3707,67.8427,final_peak,0.925218,tension_chords,0.412025,0.286593,0.254547,0.046836,1.1512,181,5.9174,0.8153,1.9905,0
3915,156.6,271.44,67.86,final_peak,0.925483,tension_chords,0.38785,0.155567,0.369111,0.087472,1.1562,176,5.8981,0.7393,2.3746,0
3916,156.64,271.5093,67.8773,final_peak,0.925748,tension_chords,0.35452,0.091001,0.271184,0.283295,1.1798,173,5.8709,0.675,2.0468,1
3917,156.68,271.5787,67.8947,final_peak,0.926015,tension_chords,0.463626,0.106125,0.161083,0.269165,1.1783,174,5.9648,0.8167,1.6782,1
3918,156.72,271.648,67.912,final_peak,0.926282,tension_chords,0.627866,0.157796,0.14044,0.073898,1.155,176,6.1056,1.0401,1.6094,0
3919,156.76,271.7173,67.9293,final_peak,0.92655,tension_chords,0.531634,0.18028,0.13342,0.154666,1.1648,177,6.025,0.9276,1.5862,0
3920,156.8,271.7867,67.9467,final_peak,0.926819,granular_texture,0.267843,0.179282,0.145347,0.407527,1.1952,177,5.9207,0.5976,1.6264,0
3921,156.84,271.856,67.964,final_peak,0.927089,broken_beat,0.19454,0.273091,0.307511,0.224858,1.1734,181,5.8369,0.5388,2.17,0
3922,156.88,271.9253,67.9813,final_peak,0.927359,broken_beat,0.157881,0.390069,0.406471,0.045579,1.1521,186,5.9222,0.5339,2.5018,0
3923,156.92,271.9947,67.9987,final_peak,0.92763,glassy_arps,0.138719,0.485783,0.278982,0.096516,1.1583,190,5.9909,0.5434,2.075,0
3924,156.96,272.064,68.016,final_peak,0.927902,glassy_arps,0.114895,0.41656,0.109773,0.358772,1.1899,187,5.9332,0.4894,1.5084,0
3925,157.0,272.1333,68.0333,final_peak,0.928175,glassy_arps,0.140922,0.39176,0.11159,0.355727,1.1896,186,5.9134,0.5133,1.5148,0
3926,157.04,272.2027,68.0507,final_peak,0.928448,glassy_arps,0.254595,0.42364,0.208057,0.113707,1.1607,187,5.9417,0.6665,1.8383,0
3927,157.08,272.272,68.068,final_peak,0.928722,broken_beat,0.239241,0.208053,0.401343,0.151363,1.1654,178,5.924,0.5719,2.4861,0
3928,157.12,272.3413,68.0853,final_peak,0.928997,broken_beat,0.161662,0.08619,0.448259,0.30389,1.1838,173,5.9651,0.4322,2.6436,0
3929,157.16,272.4107,68.1027,final_peak,0.929273,broken_beat,0.238894,0.094055,0.388138,0.278914,1.1809,173,5.9152,0.5315,2.4425,0
3930,157.2,272.48,68.12,final_peak,0.929549,tension_chords,0.496144,0.16159,0.260461,0.081805,1.1574,176,6.0082,0.8767,2.015,0
3931,157.24,272.5493,68.1373,final_peak,0.929826,tension_chords,0.592341,0.205633,0.115454,0.086572,1.1581,178,6.0912,1.0124,1.5296,0
3932,157.28,272.6187,68.1547,final_peak,0.930103,tension_chords,0.433675,0.215811,0.073712,0.276802,1.1811,179,5.9576,0.8176,1.39,0
3933,157.32,272.688,68.172,final_peak,0.930381,tension_chords,0.355031,0.268921,0.089376,0.286672,1.1824,181,5.892,0.7379,1.4428,0
3934,157.36,272.7573,68.1893,final_peak,0.93066,tension_chords,0.36112,0.34355,0.237637,0.057693,1.155,184,5.8984,0.7716,1.9398,0
3935,157.4,272.8267,68.2067,final_peak,0.930939,broken_beat,0.296958,0.295669,0.366611,0.040762,1.1531,182,5.9043,0.6747,2.3722,0
3936,157.44,272.896,68.224,final_peak,0.931219,broken_beat,0.271237,0.246987,0.272165,0.209611,1.1735,180,5.8253,0.6255,2.0561,0
3937,157.48,272.9653,68.2413,final_peak,0.9315,granular_texture,0.30893,0.239504,0.129005,0.322562,1.1872,180,5.8694,0.67,1.5768,0
3938,157.52,273.0347,68.2587,final_peak,0.931781,tension_chords,0.440001,0.274302,0.148766,0.136932,1.1651,181,5.9704,0.846,1.6433,1
3939,157.56,273.104,68.276,final_peak,0.932063,tension_chords,0.449762,0.23843,0.199844,0.111963,1.1622,180,5.98,0.8457,1.8147,1
3940,157.6,273.1733,68.2933,final_peak,0.932346,granular_texture,0.208219,0.131857,0.212877,0.447047,1.2025,176,5.9789,0.5064,1.8587,0
3941,157.64,273.2427,68.3107,final_peak,0.932629,granular_texture,0.123985,0.099956,0.346716,0.429343,1.2005,174,5.9651,0.39,2.3074,0
3942,157.68,273.312,68.328,final_peak,0.932912,broken_beat,0.139994,0.167604,0.561097,0.131304,1.1649,177,6.0784,0.4337,3.0259,0
3943,157.72,273.3813,68.3453,final_peak,0.933196,broken_beat,0.164062,0.315527,0.454913,0.065498,1.1571,183,5.9894,0.5155,2.6705,0
3944,157.76,273.4507,68.3627,final_peak,0.933481,glassy_arps,0.154644,0.413945,0.143823,0.287588,1.1839,188,5.9558,0.5382,1.6286,0
3945,157.8,273.52,68.38,final_peak,0.933766,glassy_arps,0.141802,0.406681,0.084583,0.366934,1.1936,187,5.9509,0.5196,1.4305,0
3946,157.84,273.5893,68.3973,final_peak,0.934052,glassy_arps,0.208335,0.531783,0.104624,0.155258,1.1683,193,6.0585,0.6465,1.4979,0
3947,157.88,273.6587,68.4147,final_peak,0.934338,glassy_arps,0.250816,0.499729,0.206619,0.042836,1.1549,191,6.0326,0.6884,1.8399,0
3948,157.92,273.728,68.432,final_peak,0.934625,broken_beat,0.248605,0.267341,0.316251,0.167802,1.1701,182,5.8779,0.6043,2.2075,0
3949,157.96,273.7973,68.4493,final_peak,0.934912,broken_beat,0.275822,0.137503,0.295416,0.291259,1.185,176,5.8615,0.5929,2.138,0
3950,158.0,273.8667,68.4667,final_peak,0.9352,tension_chords,0.453061,0.12586,0.230973,0.190105,1.173,176,5.9967,0.8104,1.9225,0
3951,158.04,273.936,68.484,final_peak,0.935488,tension_chords,0.666825,0.138037,0.136726,0.058412,1.1573,176,6.1797,1.0818,1.6071,0
3952,158.08,274.0053,68.5013,final_peak,0.935777,tension_chords,0.632132,0.113144,0.099878,0.154845,1.169,175,6.1515,1.0298,1.4839,0
3953,158.12,274.0747,68.5187,final_peak,0.936066,tension_chords,0.470176,0.09558,0.090316,0.343928,1.1919,175,6.0151,0.8212,1.4522,0
3954,158.16,274.144,68.536,final_peak,0.936356,tension_chords,0.383213,0.144894,0.211862,0.260031,1.1819,177,5.9425,0.7297,1.8597,1
3955,158.2,274.2133,68.5533,final_peak,0.936646,broken_beat,0.315332,0.258521,0.384062,0.042085,1.1559,181,5.9445,0.6846,2.4369,0
3956,158.24,274.2827,68.5707,final_peak,0.936936,glassy_arps,0.226903,0.388363,0.305409,0.079325,1.1605,187,5.9495,0.6196,2.1737,0
3957,158.28,274.352,68.588,final_peak,0.937227,glassy_arps,0.16473,0.42494,0.135913,0.274417,1.1841,189,5.9819,0.5546,1.6063,0
3958,158.32,274.4213,68.6053,final_peak,0.937519,glassy_arps,0.161897,0.456602,0.09176,0.289741,1.186,190,6.0101,0.5622,1.4587,0
3959,158.36,274.4907,68.6227,final_peak,0.93781,glassy_arps,0.205928,0.560503,0.140423,0.093146,1.1626,194,6.0997,0.6536,1.622,0
3960,158.4,274.56,68.64,final_peak,0.938102,glassy_arps,0.209376,0.441159,0.2291,0.120364,1.166,189,5.9995,0.6161,1.9194,1
3961,158.44,274.6293,68.6573,final_peak,0.938395,granular_texture,0.117441,0.158964,0.299427,0.424168,1.2026,178,5.9864,0.4024,2.1553,1
3962,158.48,274.6987,68.6747,final_peak,0.938688,broken_beat,0.111346,0.101717,0.409333,0.377604,1.1971,175,5.9751,0.3748,2.5238,0
3963,158.52,274.768,68.692,final_peak,0.938981,broken_beat,0.21592,0.146862,0.505598,0.131621,1.1677,177,6.0582,0.5213,2.8466,0
3964,158.56,274.8373,68.7093,final_peak,0.939275,tension_chords,0.398444,0.202258,0.306892,0.092405,1.1632,180,5.9684,0.7688,2.1813,0
3965,158.6,274.9067,68.7267,final_peak,0.939569,tension_chords,0.351614,0.189845,0.126,0.332541,1.1921,179,5.93,0.706,1.5756,0
3966,158.64,274.976,68.744,final_peak,0.939863,granular_texture,0.297856,0.232055,0.088035,0.382055,1.1982,181,5.9571,0.6535,1.4488,0
3967,158.68,275.0453,68.7613,final_peak,0.940157,tension_chords,0.36338,0.336571,0.147113,0.152935,1.1708,185,5.9426,0.772,1.647,1
3968,158.72,275.1147,68.7787,final_peak,0.940452,glassy_arps,0.340662,0.341827,0.2821,0.035412,1.1569,186,5.9256,0.7455,2.0995,1
3969,158.76,275.184,68.796,final_peak,0.940748,glassy_arps,0.29188,0.294341,0.29146,0.122319,1.1674,184,5.8865,0.6679,2.1312,0
3970,158.8,275.2533,68.8133,final_peak,0.941043,tension_chords,0.287925,0.259111,0.205789,0.247174,1.1825,182,5.8824,0.6506,1.8445,0
3971,158.84,275.3227,68.8307,final_peak,0.941339,tension_chords,0.398854,0.282571,0.128547,0.190028,1.1758,183,5.978,0.7975,1.5861,0
3972,158.88,275.392,68.848,final_peak,0.941635,tension_chords,0.550306,0.275839,0.11618,0.057676,1.1601,183,6.108,0.9844,1.545,0
3973,158.92,275.4613,68.8653,final_peak,0.941931,tension_chords,0.547025,0.189902,0.123816,0.139256,1.17,179,6.1066,0.9502,1.5709,0
3974,158.96,275.5307,68.8827,final_peak,0.942228,granular_texture,0.367406,0.105579,0.141881,0.385134,1.1996,176,5.9703,0.6962,1.6318,1
3975,159.0,275.6,68.9,final_peak,0.942525,broken_beat,0.249478,0.084924,0.333358,0.33224,1.1934,175,5.9276,0.5416,2.2735,1
3976,159.04,275.6693,68.9173,final_peak,0.942822,broken_beat,0.230876,0.119897,0.573591,0.075637,1.1628,177,6.1331,0.5306,3.0786,0
3977,159.08,275.7387,68.9347,final_peak,0.943119,broken_beat,0.218465,0.207304,0.488596,0.085635,1.1641,180,6.0622,0.5456,2.7942,0
3978,159.12,275.808,68.952,final_peak,0.943417,granular_texture,0.157715,0.285583,0.187633,0.369069,1.1983,184,5.9619,0.4971,1.7863,0
3979,159.16,275.8773,68.9693,final_peak,0.943715,granular_texture,0.125066,0.365763,0.100007,0.409164,1.2032,187,5.9973,0.4843,1.4931,0
3980,159.2,275.9467,68.9867,final_peak,0.944013,glassy_arps,0.15312,0.571198,0.121209,0.154473,1.1728,196,6.1364,0.5913,1.5645,0
3981,159.24,276.016,69.004,final_peak,0.944311,glassy_arps,0.164204,0.600727,0.177505,0.057563,1.1613,197,6.1628,0.6155,1.7534,1
3982,159.28,276.0853,69.0213,final_peak,0.944609,glassy_arps,0.132587,0.36203,0.292012,0.213371,1.1801,187,5.9612,0.4924,2.1373,1
3983,159.32,276.1547,69.0387,final_peak,0.944908,broken_beat,0.123995,0.210878,0.363273,0.301853,1.1909,181,5.9636,0.4288,2.3764,0
3984,159.36,276.224,69.056,final_peak,0.945207,broken_beat,0.239288,0.216942,0.356884,0.186886,1.1772,181,5.9595,0.575,2.3553,0
3985,159.4,276.2933,69.0733,final_peak,0.945505,tension_chords,0.519335,0.198262,0.219633,0.062771,1.1625,180,6.0989,0.9186,1.8958,0
3986,159.44,276.3627,69.0907,final_peak,0.945804,tension_chords,0.613357,0.133373,0.116942,0.136327,1.1714,178,6.1802,1.0134,1.5521,0
3987,159.48,276.432,69.108,final_peak,0.946104,tension_chords,0.477038,0.095351,0.084626,0.342986,1.1964,176,6.0656,0.8297,1.4442,0
3988,159.52,276.5013,69.1253,final_peak,0.946403,tension_chords,0.46854,0.103545,0.122046,0.305869,1.192,176,6.0598,0.8219,1.5699,0
3989,159.56,276.5707,69.1427,final_peak,0.946702,tension_chords,0.48107,0.147315,0.297066,0.074549,1.1644,178,6.0717,0.8529,2.1565,1
3990,159.6,276.64,69.16,final_peak,0.947002,broken_beat,0.373818,0.187514,0.390627,0.048041,1.1614,180,5.9962,0.7329,2.4703,1
3991,159.64,276.7093,69.1773,final_peak,0.947301,broken_beat,0.280408,0.227402,0.304079,0.188111,1.1783,182,5.924,0.6301,2.1807,0
3992,159.68,276.7787,69.1947,final_peak,0.947601,glassy_arps,0.263833,0.322068,0.13669,0.277409,1.1892,186,5.9406,0.6425,1.6203,0
3993,159.72,276.848,69.212,final_peak,0.947901,glassy_arps,0.282362,0.50501,0.086522,0.126106,1.1712,193,6.0974,0.7297,1.4525,0
3994,159.76,276.9173,69.2293,final_peak,0.9482,glassy_arps,0.26867,0.58433,0.099284,0.047716,1.1619,197,6.1662,0.7404,1.4956,0
3995,159.8,276.9867,69.2467,final_peak,0.9485,glassy_arps,0.23346,0.426497,0.140866,0.199176,1.1802,190,6.0333,0.6411,1.6353,0
3996,159.84,277.056,69.264,final_peak,0.9488,granular_texture,0.137955,0.188798,0.236197,0.437051,1.2089,180,6.0437,0.4385,1.9549,1
3997,159.88,277.1253,69.2813,final_peak,0.9491,broken_beat,0.124711,0.131597,0.429777,0.313915,1.1943,178,6.0388,0.4019,2.6038,1
3998,159.92,277.1947,69.2987,final_peak,0.9494,broken_beat,0.16808,0.154437,0.602281,0.075202,1.1657,179,6.1868,0.4642,3.182,0
3999,159.96,277.264,69.316,final_peak,0.9497,broken_beat,0.21972,0.195323,0.442483,0.142473,1.174,181,6.0523,0.543,2.647,0
4000,160.0,277.3333,69.3333,final_peak,0.95,granular_texture,0.19226,0.163971,0.154545,0.489224,1.2157,179,6.0933,0.4977,1.6827,0
4001,160.04,277.4027,69.3507,final_peak,0.9503,granular_texture,0.203215,0.190206,0.12107,0.485509,1.2154,181,6.0915,0.5206,1.5709,0
4002,160.08,277.472,69.368,final_peak,0.9506,glassy_arps,0.304139,0.36548,0.162473,0.167907,1.1774,188,5.9908,0.7081,1.7099,0
4003,160.12,277.5413,69.3853,final_peak,0.9509,glassy_arps,0.271386,0.439642,0.240546,0.048425,1.1632,191,6.0552,0.6931,1.9718,1
4004,160.16,277.6107,69.4027,final_peak,0.9512,glassy_arps,0.207967,0.352985,0.273258,0.16579,1.1774,188,5.9829,0.5835,2.0817,1
4005,160.2,277.68,69.42,final_peak,0.9515,glassy_arps,0.214914,0.287755,0.24494,0.252392,1.188,185,5.9288,0.5694,1.9872,0
4006,160.24,277.7493,69.4373,final_peak,0.9518,glassy_arps,0.321503,0.322903,0.18679,0.168804,1.1781,186,5.96,0.7149,1.7927,0
4007,160.28,277.8187,69.4547,final_peak,0.952099,tension_chords,0.495781,0.339148,0.117056,0.048015,1.1637,187,6.1083,0.9384,1.5594,0
4008,160.32,277.888,69.472,final_peak,0.952399,tension_chords,0.584608,0.233575,0.093998,0.087819,1.1686,183,6.1851,1.0125,1.4825,0
4009,160.36,277.9573,69.4893,final_peak,0.952699,tension_chords,0.510242,0.122679,0.080813,0.286266,1.1926,178,6.1232,0.8807,1.4387,0
4010,160.4,278.0267,69.5067,final_peak,0.952998,tension_chords,0.436266,0.090772,0.14649,0.326472,1.1976,177,6.0617,0.7771,1.659,1
4011,160.44,278.096,69.524,final_peak,0.953298,tension_chords,0.411883,0.102539,0.36344,0.122137,1.1732,177,6.0423,0.7507,2.3862,1
4012,160.48,278.1653,69.5413,final_peak,0.953597,broken_beat,0.355956,0.11284,0.482919,0.048285,1.1644,178,6.104,0.6844,2.7867,0
4013,160.52,278.2347,69.5587,final_peak,0.953896,broken_beat,0.291508,0.152839,0.338688,0.216965,1.1848,180,5.9827,0.6179,2.3039,0
4014,160.56,278.304,69.576,final_peak,0.954196,granular_texture,0.213639,0.227214,0.142972,0.416176,1.2089,183,6.0499,0.5466,1.6486,0
4015,160.6,278.3733,69.5933,final_peak,0.954495,glassy_arps,0.203473,0.391879,0.115082,0.289565,1.1938,190,6.0306,0.5915,1.5555,0
4016,160.64,278.4427,69.6107,final_peak,0.954793,glassy_arps,0.194585,0.598556,0.135061,0.071798,1.1678,198,6.2076,0.6527,1.6227,0
4017,160.68,278.512,69.628,final_peak,0.955092,glassy_arps,0.146631,0.57811,0.174633,0.100625,1.1714,198,6.1916,0.5856,1.7556,1
4018,160.72,278.5813,69.6453,final_peak,0.955391,glassy_arps,0.089787,0.351954,0.234963,0.323296,1.1983,188,6.0006,0.4354,1.9581,1
4019,160.76,278.6507,69.6627,final_peak,0.955689,granular_texture,0.085696,0.265208,0.320433,0.328662,1.1991,185,5.9822,0.3999,2.2447,0
4020,160.8,278.72,69.68,final_peak,0.955987,broken_beat,0.158179,0.289858,0.420263,0.1317,1.1756,186,6.0614,0.4992,2.5795,0
4021,160.84,278.7893,69.6973,final_peak,0.956285,tension_chords,0.320736,0.286535,0.320027,0.072702,1.1686,186,5.9781,0.7012,2.244,0
4022,160.88,278.8587,69.7147,final_peak,0.956583,tension_chords,0.388226,0.191554,0.156364,0.263857,1.1917,182,6.0368,0.7523,1.6961,0
4023,160.92,278.928,69.732,final_peak,0.956881,granular_texture,0.328895,0.116941,0.102758,0.451406,1.2143,179,6.0918,0.652,1.5168,0
4024,160.96,278.9973,69.7493,final_peak,0.957178,tension_chords,0.41576,0.124437,0.127109,0.332694,1.2002,179,6.0628,0.7633,1.5987,0
4025,161.0,279.0667,69.7667,final_peak,0.957475,tension_chords,0.484422,0.140049,0.301857,0.073672,1.1693,180,6.1225,0.8545,2.1844,1
4026,161.04,279.136,69.784,final_peak,0.957772,tension_chords,0.404515,0.147837,0.387502,0.060147,1.1678,180,6.0559,0.7574,2.4717,1
4027,161.08,279.2053,69.8013,final_peak,0.958069,tension_chords,0.32148,0.170827,0.304085,0.203608,1.1851,181,5.9867,0.6616,2.1926,0
4028,161.12,279.2747,69.8187,final_peak,0.958365,tension_chords,0.31521,0.23589,0.185043,0.263857,1.1925,184,5.9827,0.6766,1.7941,0
4029,161.16,279.344,69.836,final_peak,0.958661,tension_chords,0.387279,0.369462,0.105749,0.13751,1.1775,189,6.0452,0.8134,1.5288,0
4030,161.2,279.4133,69.8533,final_peak,0.958957,glassy_arps,0.418134,0.451571,0.087981,0.042314,1.1662,193,6.1012,0.8807,1.4696,0
4031,161.24,279.4827,69.8707,final_peak,0.959252,glassy_arps,0.385988,0.416431,0.088093,0.109488,1.1744,191,6.0726,0.8282,1.4703,0
4032,161.28,279.552,69.888,final_peak,0.959548,granular_texture,0.290595,0.288225,0.112241,0.308939,1.1985,186,5.9826,0.6641,1.5515,0
4033,161.32,279.6213,69.9053,final_peak,0.959843,granular_texture,0.220782,0.186836,0.272679,0.319703,1.1999,182,5.993,0.5414,2.0893,1
4034,161.36,279.6907,69.9227,final_peak,0.960137,broken_beat,0.221317,0.150665,0.527091,0.100928,1.1738,180,6.1706,0.5294,2.9419,0
4035,161.4,279.76,69.94,final_peak,0.960431,broken_beat,0.226189,0.152814,0.557054,0.063944,1.1695,181,6.1974,0.5362,3.0426,0
4036,161.44,279.8293,69.9573,final_peak,0.960725,broken_beat,0.207409,0.16444,0.317682,0.310469,1.1992,181,5.9953,0.5168,2.241,0
4037,161.48,279.8987,69.9747,final_peak,0.961019,granular_texture,0.160189,0.144124,0.137936,0.557752,1.229,180,6.2006,0.4507,1.6392,0
4038,161.52,279.968,69.992,final_peak,0.961312,granular_texture,0.194875,0.21701,0.154621,0.433494,1.2142,183,6.0963,0.5195,1.6954,0
4039,161.56,280.0373,70.0093,final_peak,0.961605,glassy_arps,0.258234,0.409906,0.21268,0.11918,1.1766,192,6.0776,0.6663,1.8902,1
4040,161.6,280.1067,70.0267,final_peak,0.961898,glassy_arps,0.200727,0.420709,0.282821,0.095743,1.174,192,6.088,0.5982,2.1255,1
4041,161.64,280.176,70.044,final_peak,0.96219,broken_beat,0.124185,0.292079,0.325443,0.258293,1.1936,187,6.0084,0.4575,2.2686,0
4042,161.68,280.2453,70.0613,final_peak,0.962481,broken_beat,0.125328,0.299952,0.331428,0.243293,1.1919,187,6.0148,0.4616,2.289,0
4043,161.72,280.3147,70.0787,final_peak,0.962773,glassy_arps,0.205184,0.423846,0.244503,0.126468,1.1781,192,6.0946,0.6048,1.9981,0
4044,161.76,280.384,70.096,final_peak,0.963064,glassy_arps,0.370102,0.446025,0.141559,0.042314,1.1681,193,6.1148,0.8187,1.6536,0
4045,161.8,280.4533,70.1133,final_peak,0.963354,tension_chords,0.502942,0.306486,0.093214,0.097359,1.1748,187,6.1644,0.9359,1.492,0
4046,161.84,280.5227,70.1307,final_peak,0.963644,tension_chords,0.460143,0.166824,0.077858,0.295176,1.1987,182,6.1293,0.8336,1.4408,0
4047,161.88,280.592,70.148,final_peak,0.963934,tension_chords,0.443959,0.112417,0.098486,0.345138,1.2048,179,6.1169,0.7943,1.5103,0
4048,161.92,280.6613,70.1653,final_peak,0.964223,tension_chords,0.496461,0.106492,0.247553,0.149494,1.1815,179,6.1628,0.8578,2.0099,0
4049,161.96,280.7307,70.1827,final_peak,0.964512,tension_chords,0.439644,0.095831,0.423729,0.040796,1.1686,179,6.1158,0.7831,2.6005,0
4050,162.0,280.8,70.2,final_peak,0.9648,broken_beat,0.352334,0.085887,0.444137,0.117642,1.1779,178,6.1209,0.6705,2.6691,0
4051,162.04,280.8693,70.2173,final_peak,0.965088,tension_chords,0.318337,0.11113,0.256991,0.313541,1.2016,180,6.0152,0.6368,2.0425,0
4052,162.08,280.9387,70.2347,final_peak,0.965375,tension_chords,0.334692,0.21983,0.124868,0.32061,1.2025,184,6.0304,0.6953,1.6002,0
4053,162.12,281.008,70.252,final_peak,0.965662,glassy_arps,0.332141,0.456363,0.110387,0.101109,1.1763,194,6.1351,0.7749,1.552,0
4054,162.16,281.0773,70.2693,final_peak,0.965948,glassy_arps,0.256446,0.582613,0.107297,0.053644,1.1708,199,6.2437,0.7245,1.542,0
4055,162.2,281.1467,70.2867,final_peak,0.966234,glassy_arps,0.169245,0.486219,0.127886,0.21665,1.1905,195,6.163,0.5817,1.6113,0
4056,162.24,281.216,70.304,final_peak,0.966519,granular_texture,0.099533,0.324363,0.198865,0.37724,1.2099,189,6.0717,0.4379,1.8494,0
4057,162.28,281.2853,70.3213,final_peak,0.966804,broken_beat,0.097011,0.308946,0.357122,0.236922,1.1932,188,6.0558,0.4294,2.3798,0
4058,162.32,281.3547,70.3387,final_peak,0.967088,broken_beat,0.123876,0.309785,0.497727,0.068612,1.1731,188,6.1766,0.4633,2.8512,0
4059,162.36,281.424,70.356,final_peak,0.967371,broken_beat,0.180072,0.295311,0.444129,0.080489,1.1746,188,6.1323,0.5284,2.6719,0
4060,162.4,281.4933,70.3733,final_peak,0.967654,granular_texture,0.211108,0.212868,0.191593,0.384431,1.2113,184,6.0828,0.5384,1.8263,0
4061,162.44,281.5627,70.3907,final_peak,0.967937,granular_texture,0.200302,0.138434,0.11949,0.541775,1.2303,181,6.2178,0.4988,1.585,0
4062,162.48,281.632,70.408,final_peak,0.968219,granular_texture,0.300345,0.161308,0.145651,0.392696,1.2125,182,6.0924,0.6319,1.673,1
4063,162.52,281.7013,70.4253,final_peak,0.9685,tension_chords,0.439691,0.195577,0.262146,0.102586,1.1778,184,6.1336,0.8181,2.0635,0
4064,162.56,281.7707,70.4427,final_peak,0.968781,broken_beat,0.367257,0.177824,0.374796,0.080123,1.1753,183,6.0797,0.7213,2.4412,0
4065,162.6,281.84,70.46,final_peak,0.969061,broken_beat,0.275664,0.16637,0.346978,0.210987,1.1911,182,6.0573,0.6028,2.3483,0
4066,162.64,281.9093,70.4773,final_peak,0.96934,tension_chords,0.268327,0.198063,0.266471,0.26714,1.198,184,5.9916,0.6047,2.079,0
4067,162.68,281.9787,70.4947,final_peak,0.969619,tension_chords,0.348257,0.303371,0.186724,0.161648,1.1854,188,6.0608,0.7415,1.8121,0
4068,162.72,282.048,70.512,final_peak,0.969897,tension_chords,0.443724,0.410538,0.102181,0.043557,1.1714,193,6.1432,0.8983,1.5292,0
4069,162.76,282.1173,70.5293,final_peak,0.970174,tension_chords,0.469362,0.394683,0.077537,0.058417,1.1733,192,6.1662,0.9248,1.4469,0
4070,162.8,282.1867,70.5467,final_peak,0.970451,tension_chords,0.423,0.288046,0.066622,0.222332,1.1931,188,6.1281,0.8296,1.4107,0
4071,162.84,282.256,70.564,final_peak,0.970727,tension_chords,0.353391,0.198772,0.09535,0.352488,1.2088,184,6.0701,0.7113,1.5072,0
4072,162.88,282.3253,70.5813,final_peak,0.971003,tension_chords,0.367109,0.178432,0.26068,0.193779,1.1899,183,6.083,0.7213,2.0614,0
4073,162.92,282.3947,70.5987,final_peak,0.971278,broken_beat,0.346511,0.146818,0.458512,0.048159,1.1726,182,6.1619,0.6845,2.7244,0
4074,162.96,282.464,70.616,final_peak,0.971552,broken_beat,0.31699,0.127992,0.470509,0.084509,1.1771,181,6.1733,0.641,2.7649,0
4075,163.0,282.5333,70.6333,final_peak,0.971825,granular_texture,0.257179,0.122254,0.274673,0.345893,1.2085,181,6.0686,0.5643,2.1092,1
4076,163.04,282.6027,70.6507,final_peak,0.972098,granular_texture,0.215042,0.131293,0.14408,0.509586,1.2283,181,6.209,0.5148,1.672,1
4077,163.08,282.672,70.668,final_peak,0.97237,granular_texture,0.252072,0.223179,0.165098,0.359651,1.2104,185,6.0827,0.5932,1.7427,0
4078,163.12,282.7413,70.6853,final_peak,0.972641,glassy_arps,0.276112,0.403008,0.211798,0.109082,1.1805,193,6.1208,0.6862,1.8994,0
4079,163.16,282.8107,70.7027,final_peak,0.972911,glassy_arps,0.190703,0.440228,0.231493,0.137577,1.184,194,6.1536,0.5925,1.9657,0
4080,163.2,282.88,70.72,final_peak,0.973181,glassy_arps,0.105718,0.335086,0.265293,0.293903,1.2029,190,6.0655,0.4494,2.0792,0
4081,163.24,282.9493,70.7373,final_peak,0.97345,glassy_arps,0.088018,0.312619,0.310362,0.289001,1.2025,189,6.0476,0.4194,2.2305,0
4082,163.28,283.0187,70.7547,final_peak,0.973718,glassy_arps,0.122189,0.379533,0.335747,0.162531,1.1874,192,6.1056,0.4856,2.3158,1
4083,163.32,283.088,70.772,final_peak,0.973985,glassy_arps,0.215078,0.472823,0.261625,0.050473,1.1741,196,6.1861,0.6343,2.0678,1
4084,163.36,283.1573,70.7893,final_peak,0.974252,glassy_arps,0.314827,0.467854,0.14033,0.07699,1.1774,196,6.1831,0.7573,1.6618,0
4085,163.4,283.2267,70.8067,final_peak,0.974517,tension_chords,0.322492,0.303923,0.091925,0.28166,1.2021,189,6.0607,0.7095,1.4999,0
4086,163.44,283.296,70.824,final_peak,0.974782,granular_texture,0.319485,0.159091,0.081427,0.439997,1.2212,183,6.1618,0.655,1.465,0
4087,163.48,283.3653,70.8413,final_peak,0.975046,tension_chords,0.428941,0.126555,0.135593,0.30891,1.2056,182,6.1536,0.7805,1.6468,0
4088,163.52,283.4347,70.8587,final_peak,0.97531,tension_chords,0.516903,0.120879,0.299814,0.062404,1.1761,181,6.2295,0.8884,2.1972,0
4089,163.56,283.504,70.876,final_peak,0.975572,tension_chords,0.447621,0.097554,0.399323,0.055502,1.1754,180,6.1718,0.7937,2.5309,1
4090,163.6,283.5733,70.8933,final_peak,0.975834,tension_chords,0.376485,0.085358,0.346804,0.191353,1.1918,180,6.1125,0.7005,2.3552,1
4091,163.64,283.6427,70.9107,final_peak,0.976094,tension_chords,0.358453,0.107163,0.223929,0.310456,1.2063,181,6.0983,0.6856,1.9439,1
4092,163.68,283.712,70.928,final_peak,0.976354,tension_chords,0.424503,0.199366,0.135702,0.240429,1.198,185,6.1556,0.8004,1.6486,0
4093,163.72,283.7813,70.9453,final_peak,0.976613,tension_chords,0.469468,0.353657,0.105929,0.070945,1.1778,191,6.195,0.9106,1.5491,0
4094,163.76,283.8507,70.9627,final_peak,0.976871,glassy_arps,0.392781,0.455513,0.096817,0.054888,1.1759,196,6.1843,0.8504,1.5189,0
4095,163.8,283.92,70.98,final_peak,0.977128,glassy_arps,0.259792,0.443912,0.086048,0.210249,1.1947,195,6.1755,0.6801,1.4831,0
4096,163.84,283.9893,70.9973,final_peak,0.977384,glassy_arps,0.184213,0.389298,0.143506,0.282983,1.2036,193,6.1303,0.5665,1.6759,0
4097,163.88,284.0587,71.0147,final_peak,0.97764,glassy_arps,0.165832,0.342442,0.275736,0.215991,1.1956,191,6.0916,0.5271,2.1191,1
4098,163.92,284.128,71.032,final_peak,0.977894,broken_beat,0.164461,0.314241,0.443571,0.077726,1.1792,190,6.1787,0.5156,2.6816,1
4099,163.96,284.1973,71.0493,final_peak,0.978148,broken_beat,0.175841,0.287718,0.477903,0.058538,1.177,189,6.209,0.5205,2.7969,0
4100,164.0,284.2667,71.0667,final_peak,0.9784,broken_beat,0.191216,0.237637,0.313121,0.258026,1.201,187,6.07,0.5222,2.2452,0
4101,164.04,284.336,71.084,final_peak,0.978652,granular_texture,0.157138,0.152856,0.141427,0.548579,1.236,183,6.2713,0.4499,1.6703,0
4102,164.08,284.4053,71.1013,final_peak,0.978902,granular_texture,0.157723,0.139239,0.123029,0.580009,1.2399,183,6.2991,0.4459,1.6089,0
4103,164.12,284.4747,71.1187,final_peak,0.979152,granular_texture,0.273376,0.220678,0.19981,0.306136,1.2071,186,6.0674,0.619,1.8664,0
4104,164.16,284.544,71.136,final_peak,0.9794,broken_beat,0.324359,0.244021,0.337899,0.093721,1.1818,187,6.0955,0.6909,2.3293,1
4105,164.2,284.6133,71.1533,final_peak,0.979648,broken_beat,0.233191,0.194396,0.435648,0.136766,1.187,185,6.1797,0.5595,2.657,1
4106,164.24,284.6827,71.1707,final_peak,0.979894,broken_beat,0.180232,0.197847,0.362029,0.259891,1.2019,185,6.1183,0.4945,2.4107,0
4107,164.28,284.752,71.188,final_peak,0.98014,broken_beat,0.189589,0.26714,0.28653,0.25674,1.2017,188,6.0552,0.5305,2.158,0
4108,164.32,284.8213,71.2053,final_peak,0.980384,glassy_arps,0.272798,0.377125,0.214451,0.135625,1.1873,193,6.1333,0.673,1.9168,0
4109,164.36,284.8907,71.2227,final_peak,0.980628,glassy_arps,0.393722,0.442039,0.122598,0.041642,1.1761,196,6.1895,0.8469,1.6094,0
4110,164.4,284.96,71.24,final_peak,0.98087,tension_chords,0.461174,0.39712,0.078599,0.063107,1.1788,194,6.2069,0.9155,1.4623,0
4111,164.44,285.0293,71.2573,final_peak,0.981112,tension_chords,0.418667,0.279911,0.062755,0.238667,1.2,189,6.1718,0.8213,1.4095,0
4112,164.48,285.0987,71.2747,final_peak,0.981352,tension_chords,0.400087,0.215698,0.071446,0.312768,1.209,186,6.1571,0.7756,1.4388,0
4113,164.52,285.168,71.292,final_peak,0.981591,tension_chords,0.42887,0.179804,0.176541,0.214785,1.1973,185,6.1826,0.799,1.7912,0
4114,164.56,285.2373,71.3093,final_peak,0.98183,tension_chords,0.412112,0.129241,0.400887,0.05776,1.1786,183,6.1694,0.7604,2.543,0
4115,164.6,285.3067,71.3267,final_peak,0.982067,broken_beat,0.383815,0.100876,0.473104,0.042204,1.1768,182,6.2223,0.7151,2.7852,0
4116,164.64,285.376,71.344,final_peak,0.982303,broken_beat,0.357294,0.097489,0.377428,0.167789,1.192,181,6.1421,0.6807,2.4649,0
4117,164.68,285.4453,71.3613,final_peak,0.982537,granular_texture,0.307753,0.098,0.211355,0.382892,1.2179,182,6.1477,0.619,1.9088,0
4118,164.72,285.5147,71.3787,final_peak,0.982771,granular_texture,0.29625,0.126818,0.124849,0.452083,1.2263,183,6.2076,0.6147,1.6193,0
4119,164.76,285.584,71.396,final_peak,0.983004,tension_chords,0.351882,0.258231,0.14729,0.242596,1.2013,188,6.1235,0.7302,1.6947,1
4120,164.8,285.6533,71.4133,final_peak,0.983235,glassy_arps,0.325412,0.423699,0.169627,0.081262,1.182,195,6.1855,0.7551,1.7698,0
4121,164.84,285.7227,71.4307,final_peak,0.983466,glassy_arps,0.214098,0.46696,0.17403,0.144912,1.1898,197,6.2233,0.6311,1.7848,0
4122,164.88,285.792,71.448,final_peak,0.983695,glassy_arps,0.114358,0.369786,0.226393,0.289463,1.2072,193,6.1418,0.4724,1.9605,0
4123,164.92,285.8613,71.4653,final_peak,0.983923,broken_beat,0.077777,0.310705,0.336989,0.274529,1.2055,191,6.1149,0.406,2.3312,0
4124,164.96,285.9307,71.4827,final_peak,0.984149,broken_beat,0.083095,0.341224,0.416653,0.159027,1.1918,192,6.1836,0.4233,2.5984,0
4125,165.0,286.0,71.5,final_peak,0.984375,glassy_arps,0.123482,0.432243,0.387559,0.056715,1.1796,196,6.1979,0.5056,2.5011,1
4126,165.04,286.0693,71.5173,final_peak,0.984599,glassy_arps,0.192612,0.467877,0.267792,0.071719,1.1815,197,6.2292,0.6045,2.1002,1
4127,165.08,286.1387,71.5347,final_peak,0.984823,granular_texture,0.215108,0.317637,0.134519,0.332735,1.2129,191,6.1153,0.5801,1.6539,1
4128,165.12,286.208,71.552,final_peak,0.985045,granular_texture,0.216911,0.18425,0.096981,0.501858,1.2333,186,6.26,0.5356,1.5284,0
4129,165.16,286.2773,71.5693,final_peak,0.985265,granular_texture,0.307839,0.154981,0.113765,0.423415,1.224,184,6.1943,0.639,1.5849,0
4130,165.2,286.3467,71.5867,final_peak,0.985485,tension_chords,0.467311,0.162581,0.195702,0.174406,1.1943,185,6.2326,0.841,1.8596,0
4131,165.24,286.416,71.604,final_peak,0.985703,tension_chords,0.46752,0.135293,0.339627,0.057559,1.1803,184,6.2338,0.8318,2.342,0
4132,165.28,286.4853,71.6213,final_peak,0.98592,broken_beat,0.370569,0.097457,0.439616,0.092358,1.1846,182,6.211,0.6973,2.6772,0
4133,165.32,286.5547,71.6387,final_peak,0.986136,broken_beat,0.297997,0.086427,0.400223,0.215353,1.1995,182,6.1785,0.6027,2.5455,1
4134,165.36,286.624,71.656,final_peak,0.98635,tension_chords,0.318109,0.123512,0.260918,0.297461,1.2094,183,6.1097,0.6409,2.0791,1
4135,165.4,286.6933,71.6733,final_peak,0.986563,tension_chords,0.401847,0.2214,0.1486,0.228154,1.2012,187,6.1818,0.7798,1.703,0
4136,165.44,286.7627,71.6907,final_peak,0.986775,tension_chords,0.484055,0.36004,0.098997,0.056908,1.1807,193,6.2526,0.9311,1.5371,0
4137,165.48,286.832,71.708,final_peak,0.986986,tension_chords,0.455667,0.411538,0.08442,0.048375,1.1798,195,6.2294,0.9136,1.4885,0
4138,165.52,286.9013,71.7253,final_peak,0.987195,tension_chords,0.389392,0.377086,0.073292,0.160229,1.1933,194,6.174,0.8187,1.4514,0
4139,165.56,286.9707,71.7427,final_peak,0.987403,tension_chords,0.320238,0.315831,0.091965,0.271966,1.2068,191,6.1161,0.7108,1.5142,0
4140,165.6,287.04,71.76,final_peak,0.98761,glassy_arps,0.277743,0.299649,0.191268,0.231339,1.2021,191,6.0996,0.6521,1.8471,1
4141,165.64,287.1093,71.7773,final_peak,0.987815,broken_beat,0.247062,0.28752,0.374752,0.090665,1.1853,190,6.1643,0.6095,2.462,1
4142,165.68,287.1787,71.7947,final_peak,0.988019,broken_beat,0.215137,0.213058,0.530464,0.041341,1.1794,187,6.2976,0.5435,2.9839,0
4143,165.72,287.248,71.812,final_peak,0.988221,broken_beat,0.213727,0.167203,0.474361,0.144709,1.1919,185,6.2508,0.5257,2.7962,0
4144,165.76,287.3173,71.8293,final_peak,0.988422,granular_texture,0.17273,0.129045,0.203684,0.494542,1.234,184,6.2688,0.4611,1.8896,0
4145,165.8,287.3867,71.8467,final_peak,0.988622,granular_texture,0.163802,0.135067,0.127739,0.573392,1.2436,184,6.3368,0.452,1.6354,0
4146,165.84,287.456,71.864,final_peak,0.988821,granular_texture,0.220409,0.197112,0.17311,0.409369,1.224,187,6.1982,0.5445,1.7876,0
4147,165.88,287.5253,71.8813,final_peak,0.989018,glassy_arps,0.301948,0.306052,0.249457,0.142544,1.1921,191,6.1113,0.6846,2.0436,1
4148,165.92,287.5947,71.8987,final_peak,0.989213,glassy_arps,0.249483,0.329561,0.31115,0.109805,1.1882,192,6.1321,0.6272,2.2505,1
4149,165.96,287.664,71.916,final_peak,0.989407,broken_beat,0.153788,0.267469,0.340522,0.238221,1.2037,190,6.1423,0.4858,2.3491,0
4150,166.0,287.7333,71.9333,final_peak,0.9896,broken_beat,0.117714,0.243311,0.33157,0.307406,1.2121,189,6.1356,0.4323,2.3193,0
4151,166.04,287.8027,71.9507,final_peak,0.989791,broken_beat,0.131103,0.28952,0.322479,0.256899,1.2061,191,6.1287,0.4652,2.2891,0
4152,166.08,287.872,71.968,final_peak,0.989981,glassy_arps,0.197981,0.42685,0.276305,0.098865,1.1873,196,6.2182,0.5969,2.1346,0
4153,166.12,287.9413,71.9853,final_peak,0.990169,glassy_arps,0.303711,0.519523,0.139515,0.037251,1.1799,200,6.2978,0.7615,1.6766,0
4154,166.16,288.0107,72.0027,final_peak,0.990356,glassy_arps,0.39286,0.429376,0.083993,0.09377,1.1868,197,6.2221,0.8414,1.4908,0
4155,166.2,288.08,72.02,final_peak,0.990542,tension_chords,0.388533,0.27454,0.073432,0.263495,1.2073,190,6.1882,0.7818,1.4556,0
4156,166.24,288.1493,72.0373,final_peak,0.990726,tension_chords,0.396689,0.190093,0.079612,0.333605,1.2158,187,6.1959,0.7624,1.4765,0
4157,166.28,288.2187,72.0547,final_peak,0.990908,tension_chords,0.47915,0.15382,0.159431,0.207599,1.2007,185,6.2668,0.8528,1.7441,0
4158,166.32,288.288,72.072,final_peak,0.991089,tension_chords,0.502514,0.118505,0.324128,0.054853,1.1825,184,6.2875,0.8696,2.296,0
4159,166.36,288.3573,72.0893,final_peak,0.991269,tension_chords,0.441752,0.094303,0.41425,0.049695,1.1819,183,6.2366,0.7852,2.5981,0
4160,166.4,288.4267,72.1067,final_peak,0.991446,tension_chords,0.359918,0.079803,0.348136,0.212143,1.2015,182,6.1679,0.6778,2.3768,0
4161,166.44,288.496,72.124,final_peak,0.991623,granular_texture,0.322324,0.081544,0.239421,0.356711,1.219,182,6.1659,0.6314,2.0128,0
4162,166.48,288.5653,72.1413,final_peak,0.991798,tension_chords,0.378889,0.136328,0.152322,0.33246,1.2161,185,6.1856,0.7213,1.7213,1
4163,166.52,288.6347,72.1587,final_peak,0.991971,tension_chords,0.443641,0.287079,0.12585,0.14343,1.1935,191,6.2414,0.855,1.6328,0
4164,166.56,288.704,72.176,final_peak,0.992142,glassy_arps,0.361473,0.461899,0.119293,0.057334,1.1833,198,6.2576,0.8135,1.611,0
4165,166.6,288.7733,72.1933,final_peak,0.992313,glassy_arps,0.249156,0.522134,0.110664,0.118045,1.1906,201,6.3096,0.6942,1.5823,0
4166,166.64,288.8427,72.2107,final_peak,0.992481,glassy_arps,0.155342,0.418878,0.148324,0.277456,1.2098,196,6.2226,0.5408,1.7086,0
4167,166.68,288.912,72.228,final_peak,0.992648,glassy_arps,0.108242,0.342673,0.23733,0.311755,1.214,193,6.1586,0.4552,2.007,0
4168,166.72,288.9813,72.2453,final_peak,0.992813,broken_beat,0.099574,0.341914,0.353225,0.205287,1.2013,193,6.1683,0.4441,2.3954,0
4169,166.76,289.0507,72.2627,final_peak,0.992977,broken_beat,0.121824,0.382042,0.438582,0.057552,1.1837,195,6.2415,0.486,2.6815,1
4170,166.8,289.12,72.28,final_peak,0.993139,broken_beat,0.162061,0.38024,0.381068,0.076631,1.186,195,6.1934,0.5357,2.489,1
4171,166.84,289.1893,72.2973,final_peak,0.9933,granular_texture,0.181669,0.281008,0.210983,0.32634,1.2161,191,6.1476,0.5254,1.9194,0
4172,166.88,289.2587,72.3147,final_peak,0.993458,granular_texture,0.173762,0.169039,0.121209,0.535989,1.2413,186,6.3265,0.4764,1.6189,0
4173,166.92,289.328,72.332,final_peak,0.993616,granular_texture,0.231859,0.156097,0.133687,0.478357,1.2345,186,6.2782,0.5445,1.6608,0
4174,166.96,289.3973,72.3493,final_peak,0.993771,tension_chords,0.384009,0.202338,0.207355,0.206299,1.2019,188,6.1987,0.7508,1.9078,0
4175,167.0,289.4667,72.3667,final_peak,0.993925,tension_chords,0.413261,0.178914,0.33317,0.074655,1.1862,187,6.2242,0.7792,2.3294,0
4176,167.04,289.536,72.384,final_peak,0.994077,broken_beat,0.323435,0.139964,0.394634,0.141967,1.1943,185,6.2091,0.6533,2.5355,1
4177,167.08,289.6053,72.4013,final_peak,0.994228,broken_beat,0.246042,0.128804,0.326414,0.29874,1.2132,185,6.1518,0.5526,2.3071,1
4178,167.12,289.6747,72.4187,final_peak,0.994376,granular_texture,0.269837,0.172772,0.267238,0.290152,1.2122,186,6.1216,0.5978,2.1091,0
4179,167.16,289.744,72.436,final_peak,0.994523,tension_chords,0.362907,0.27988,0.190593,0.166621,1.1975,191,6.1841,0.7516,1.8525,0
4180,167.2,289.8133,72.4533,final_peak,0.994669,tension_chords,0.451491,0.390017,0.111162,0.04733,1.1832,196,6.26,0.9009,1.5865,0
4181,167.24,289.8827,72.4707,final_peak,0.994812,tension_chords,0.472694,0.403222,0.077802,0.046283,1.1832,196,6.2787,0.932,1.4749,0
4182,167.28,289.952,72.488,final_peak,0.994954,tension_chords,0.442053,0.335687,0.065871,0.156389,1.1964,193,6.2533,0.8701,1.4351,0
4183,167.32,290.0213,72.5053,final_peak,0.995094,tension_chords,0.389444,0.26191,0.072816,0.275831,1.2108,190,6.2092,0.7785,1.4585,0
4184,167.36,290.0907,72.5227,final_peak,0.995233,tension_chords,0.357572,0.21849,0.150519,0.273418,1.2106,188,6.1827,0.7234,1.719,1
4185,167.4,290.16,72.54,final_peak,0.995369,tension_chords,0.362598,0.193929,0.334415,0.109059,1.191,187,6.1876,0.7211,2.3352,0
4186,167.44,290.2293,72.5573,final_peak,0.995504,broken_beat,0.338155,0.153881,0.464408,0.043556,1.1832,186,6.2747,0.6766,2.7708,0
4187,167.48,290.2987,72.5747,final_peak,0.995637,broken_beat,0.315162,0.130429,0.427392,0.127017,1.1932,185,6.2439,0.6396,2.647,0
4188,167.52,290.368,72.592,final_peak,0.995769,granular_texture,0.257959,0.117494,0.242282,0.382265,1.2239,184,6.2061,0.5636,2.027,0
4189,167.56,290.4373,72.6093,final_peak,0.995898,granular_texture,0.22701,0.128433,0.139321,0.505236,1.2387,185,6.3112,0.5287,1.6822,0
4190,167.6,290.5067,72.6267,final_peak,0.996026,granular_texture,0.26787,0.201012,0.164709,0.36641,1.2221,188,6.1938,0.6052,1.7674,1
4191,167.64,290.576,72.644,final_peak,0.996151,glassy_arps,0.305649,0.348155,0.221355,0.124841,1.1932,194,6.1788,0.7039,1.9573,1
4192,167.68,290.6453,72.6613,final_peak,0.996275,glassy_arps,0.229766,0.416053,0.241222,0.112959,1.1918,197,6.2371,0.6328,2.024,1
4193,167.72,290.7147,72.6787,final_peak,0.996398,glassy_arps,0.121691,0.32178,0.251652,0.304877,1.2149,193,6.1575,0.4647,2.0591,0
4194,167.76,290.784,72.696,final_peak,0.996518,granular_texture,0.08489,0.285236,0.287828,0.342047,1.2194,191,6.1752,0.4059,2.1804,0
4195,167.8,290.8533,72.7133,final_peak,0.996636,broken_beat,0.095798,0.333712,0.334817,0.235674,1.2067,194,6.1696,0.4365,2.3379,0
4196,167.84,290.9227,72.7307,final_peak,0.996753,glassy_arps,0.15087,0.43508,0.323292,0.090758,1.1894,198,6.2554,0.5409,2.2995,0
4197,167.88,290.992,72.748,final_peak,0.996867,glassy_arps,0.242089,0.500064,0.210308,0.047538,1.1843,201,6.3111,0.6776,1.9211,0
4198,167.92,291.0613,72.7653,final_peak,0.99698,glassy_arps,0.305967,0.453325,0.115346,0.125361,1.1937,199,6.2719,0.7411,1.6031,0
4199,167.96,291.1307,72.7827,final_peak,0.997091,granular_texture,0.300037,0.293178,0.085462,0.321323,1.2172,192,6.1602,0.6777,1.5031,0
4200,168.0,291.2,72.8,final_peak,0.9972,granular_texture,0.330429,0.175157,0.085149,0.409265,1.2278,187,6.2354,0.6743,1.5022,0
4201,168.04,291.2693,72.8173,final_peak,0.997307,tension_chords,0.436923,0.135241,0.149355,0.278481,1.2122,185,6.2594,0.7935,1.7174,0
4202,168.08,291.3387,72.8347,final_peak,0.997412,tension_chords,0.510908,0.120752,0.307643,0.060697,1.1861,185,6.3228,0.8809,2.2478,0
4203,168.12,291.408,72.852,final_peak,0.997515,tension_chords,0.449608,0.097521,0.399174,0.053697,1.1853,184,6.2711,0.7961,2.5545,0
4204,168.16,291.4773,72.8693,final_peak,0.997617,tension_chords,0.382503,0.082568,0.360397,0.174531,1.1998,183,6.2145,0.707,2.4247,0
4205,168.2,291.5467,72.8867,final_peak,0.997716,tension_chords,0.357446,0.092598,0.247349,0.302607,1.2153,184,6.1937,0.6792,2.0461,1
4206,168.24,291.616,72.904,final_peak,0.997813,tension_chords,0.410606,0.156672,0.15432,0.278403,1.2124,186,6.2393,0.7681,1.7346,1
4207,168.28,291.6853,72.9213,final_peak,0.997908,tension_chords,0.485346,0.293278,0.111372,0.110004,1.1922,192,6.3032,0.9093,1.5908,0
4208,168.32,291.7547,72.9387,final_peak,0.998002,tension_chords,0.439997,0.410145,0.1012,0.048658,1.1849,197,6.2651,0.8935,1.5568,0
4209,168.36,291.824,72.956,final_peak,0.998093,glassy_arps,0.328904,0.45467,0.087152,0.129275,1.1946,199,6.278,0.7703,1.5099,0
4210,168.4,291.8933,72.9733,final_peak,0.998182,glassy_arps,0.209167,0.400157,0.103163,0.287513,1.2137,197,6.232,0.6015,1.5636,0
4211,168.44,291.9627,72.9907,final_peak,0.99827,glassy_arps,0.169521,0.366724,0.195552,0.268202,1.2114,195,6.204,0.5403,1.8732,0
4212,168.48,292.032,73.008,final_peak,0.998355,broken_beat,0.162898,0.338526,0.345239,0.153336,1.1976,194,6.1861,0.5221,2.3747,1
4213,168.52,292.1013,73.0253,final_peak,0.998438,broken_beat,0.163577,0.312957,0.471248,0.052218,1.1855,193,6.2936,0.514,2.797,1
4214,168.56,292.1707,73.0427,final_peak,0.998519,broken_beat,0.182492,0.289102,0.447665,0.080741,1.189,192,6.2739,0.5293,2.718,0
4215,168.6,292.24,73.06,final_peak,0.998599,granular_texture,0.181453,0.216597,0.250097,0.351852,1.2216,189,6.1928,0.5026,2.0563,0
4216,168.64,292.3093,73.0773,final_peak,0.998676,granular_texture,0.152751,0.14581,0.129142,0.572298,1.2481,186,6.3806,0.442,1.6512,0
4217,168.68,292.3787,73.0947,final_peak,0.998751,granular_texture,0.169499,0.148257,0.131103,0.551141,1.2456,186,6.3629,0.4638,1.6578,0
4218,168.72,292.448,73.112,final_peak,0.998824,tension_chords,0.292195,0.232333,0.214475,0.260997,1.2108,190,6.1431,0.6466,1.9372,0
4219,168.76,292.5173,73.1293,final_peak,0.998894,broken_beat,0.319889,0.237696,0.351584,0.090831,1.1904,190,6.1939,0.6831,2.3966,1
4220,168.8,292.5867,73.1467,final_peak,0.998963,broken_beat,0.227873,0.187184,0.441824,0.143119,1.1967,188,6.2709,0.5504,2.699,1
4221,168.84,292.656,73.164,final_peak,0.99903,broken_beat,0.179399,0.192071,0.367529,0.261002,1.2109,188,6.2081,0.4915,2.4502,0
4222,168.88,292.7253,73.1813,final_peak,0.999094,broken_beat,0.188555,0.261052,0.290297,0.260096,1.2108,191,6.1427,0.5271,2.1915,0
4223,168.92,292.7947,73.1987,final_peak,0.999157,glassy_arps,0.265098,0.37053,0.219445,0.144927,1.197,195,6.2112,0.6611,1.9542,0
4224,168.96,292.864,73.216,final_peak,0.999217,glassy_arps,0.383833,0.442708,0.129515,0.043944,1.1849,198,6.2728,0.8347,1.653,0
4225,169.0,292.9333,73.2333,final_peak,0.999275,tension_chords,0.458662,0.409556,0.08045,0.051331,1.1858,197,6.2866,0.9167,1.4887,0
4226,169.04,293.0027,73.2507,final_peak,0.999331,tension_chords,0.428311,0.297226,0.063741,0.210722,1.205,192,6.2611,0.8394,1.4328,0
4227,169.08,293.072,73.268,final_peak,0.999385,tension_chords,0.396372,0.222294,0.064851,0.316482,1.2177,189,6.2342,0.7733,1.4366,0
4228,169.12,293.1413,73.2853,final_peak,0.999436,tension_chords,0.422792,0.187623,0.139255,0.25033,1.2098,188,6.2569,0.7942,1.6859,1
4229,169.16,293.2107,73.3027,final_peak,0.999486,tension_chords,0.422164,0.140615,0.354742,0.082479,1.1897,186,6.2566,0.7769,2.4078,0
4230,169.2,293.28,73.32,final_peak,0.999533,broken_beat,0.383792,0.102783,0.475364,0.038061,1.1844,184,6.302,0.7157,2.812,0
4231,169.24,293.3493,73.3373,final_peak,0.999578,broken_beat,0.368532,0.097302,0.420855,0.113311,1.1934,184,6.2558,0.6947,2.6294,0
4232,169.28,293.4187,73.3547,final_peak,0.999621,granular_texture,0.318877,0.096313,0.25578,0.329029,1.2193,184,6.178,0.6323,2.0764,0
4233,169.32,293.488,73.372,final_peak,0.999661,granular_texture,0.293133,0.111805,0.139214,0.455847,1.2345,185,6.286,0.6055,1.686,0
4234,169.36,293.5573,73.3893,final_peak,0.999699,granular_texture,0.325501,0.201007,0.130044,0.343449,1.2211,188,6.1906,0.6772,1.6553,1
4235,169.4,293.6267,73.4067,final_peak,0.999735,glassy_arps,0.349198,0.386602,0.16972,0.09448,1.1912,196,6.2274,0.7718,1.7883,1
4236,169.44,293.696,73.424,final_peak,0.999769,glassy_arps,0.253426,0.47919,0.168569,0.098815,1.1918,200,6.3063,0.6845,1.7845,0
4237,169.48,293.7653,73.4413,final_peak,0.999801,glassy_arps,0.139234,0.408391,0.200898,0.251477,1.2101,197,6.2462,0.517,1.8928,0
4238,169.52,293.8347,73.4587,final_peak,0.99983,glassy_arps,0.084097,0.323729,0.294179,0.297994,1.2157,194,6.1744,0.4184,2.2053,0
4239,169.56,293.904,73.476,final_peak,0.999857,broken_beat,0.076129,0.318458,0.399641,0.205772,1.2046,193,6.2391,0.4066,2.5586,0
4240,169.6,293.9733,73.4933,final_peak,0.999882,broken_beat,0.104843,0.399552,0.412807,0.082798,1.1899,197,6.2504,0.4709,2.6028,0
4241,169.64,294.0427,73.5107,final_peak,0.999904,glassy_arps,0.165848,0.464568,0.315324,0.054261,1.1865,199,6.2945,0.5699,2.2762,1
4242,169.68,294.112,73.528,final_peak,0.999924,glassy_arps,0.22365,0.392114,0.175475,0.20876,1.205,196,6.233,0.6168,1.8078,1
4243,169.72,294.1813,73.5453,final_peak,0.999942,granular_texture,0.209009,0.21181,0.099581,0.479601,1.2375,189,6.3074,0.5354,1.5535,0
4244,169.76,294.2507,73.5627,final_peak,0.999957,granular_texture,0.26573,0.155963,0.102526,0.475781,1.2371,187,6.3042,0.5867,1.5634,0
4245,169.8,294.32,73.58,final_peak,0.99997,tension_chords,0.415791,0.157565,0.153251,0.273394,1.2128,187,6.2533,0.7749,1.7334,0
4246,169.84,294.3893,73.5973,final_peak,0.999981,tension_chords,0.492956,0.148365,0.288187,0.070492,1.1885,186,6.3189,0.8681,2.1854,0
4247,169.88,294.4587,73.6147,final_peak,0.999989,broken_beat,0.411968,0.108859,0.416746,0.062427,1.1875,185,6.2542,0.7531,2.6161,0
4248,169.92,294.528,73.632,final_peak,0.999995,broken_beat,0.314905,0.085351,0.430099,0.169645,1.2004,184,6.2656,0.6235,2.6608,1
4249,169.96,294.5973,73.6493,final_peak,0.999999,broken_beat,0.302682,0.10456,0.314685,0.278073,1.2134,184,6.1675,0.6149,2.2742,1
4250,170.0,294.6667,73.6667,outro,0.34,tension_chords,0.384124,0.125183,0.111558,0.379135,0.9219,88,3.2895,0.724,0.8677,0
4251,170.04,294.736,73.684,outro,0.339989,tension_chords,0.465034,0.217719,0.04714,0.270107,0.9088,91,3.3582,0.8575,0.6519,0
4252,170.08,294.8053,73.7013,outro,0.339958,tension_chords,0.464702,0.280017,0.029403,0.225878,0.9035,94,3.3578,0.8789,0.5925,0
4253,170.12,294.8747,73.7187,outro,0.339906,tension_chords,0.425184,0.288815,0.026725,0.259276,0.9075,94,3.324,0.8326,0.5834,0
4254,170.16,294.944,73.736,outro,0.339833,tension_chords,0.364371,0.251523,0.034569,0.349537,0.9183,93,3.272,0.7435,0.6096,0
4255,170.2,295.0133,73.7533,outro,0.33974,granular_texture,0.322415,0.225856,0.089678,0.362052,0.9197,92,3.2696,0.6821,0.7941,0
4256,170.24,295.0827,73.7707,outro,0.339626,tension_chords,0.301288,0.215159,0.207053,0.276501,0.9094,91,3.2174,0.6519,1.1872,1
4257,170.28,295.152,73.788,outro,0.339492,broken_beat,0.282201,0.164107,0.333999,0.219694,0.9025,89,3.2446,0.6102,1.6123,0
4258,170.32,295.2213,73.8053,outro,0.339339,broken_beat,0.283572,0.106965,0.342042,0.267421,0.9082,87,3.2508,0.5919,1.6391,0
4259,170.36,295.2907,73.8227,outro,0.339165,granular_texture,0.272556,0.075481,0.155359,0.496604,0.9356,85,3.3814,0.5671,1.0135,0
4260,170.4,295.36,73.84,outro,0.338972,granular_texture,0.251763,0.065867,0.051023,0.631348,0.9517,85,3.4951,0.5378,0.6638,0
4261,170.44,295.4293,73.8573,outro,0.33876,granular_texture,0.28992,0.078642,0.041888,0.58955,0.9466,85,3.4586,0.5899,0.633,0
4262,170.48,295.4987,73.8747,outro,0.338528,granular_texture,0.365971,0.108888,0.053963,0.471178,0.9323,87,3.357,0.6956,0.6732,0
4263,170.52,295.568,73.892,outro,0.338277,granular_texture,0.361905,0.145017,0.08778,0.405298,0.9242,88,3.2998,0.7031,0.7862,0
4264,170.56,295.6373,73.9093,outro,0.338008,granular_texture,0.278996,0.167559,0.174093,0.379352,0.921,89,3.2766,0.6074,1.075,0
4265,170.6,295.7067,73.9267,outro,0.337719,granular_texture,0.202857,0.171582,0.224329,0.401232,0.9235,89,3.2939,0.5136,1.243,0
4266,170.64,295.776,73.944,outro,0.337412,granular_texture,0.188349,0.199993,0.234753,0.376905,0.9204,90,3.2719,0.5054,1.2776,0
4267,170.68,295.8453,73.9613,outro,0.337087,granular_texture,0.227753,0.277821,0.212943,0.281483,0.9088,94,3.1893,0.5819,1.2042,0
4268,170.72,295.9147,73.9787,outro,0.336743,glassy_arps,0.31161,0.371886,0.110878,0.205626,0.8996,97,3.2646,0.7197,0.8619,0
4269,170.76,295.984,73.996,outro,0.336381,tension_chords,0.393538,0.342811,0.037295,0.226356,0.9019,96,3.2814,0.8119,0.615,0
4270,170.8,296.0533,74.0133,outro,0.336001,tension_chords,0.413412,0.229792,0.026432,0.330364,0.9142,91,3.2966,0.7972,0.5781,0
4271,170.84,296.1227,74.0307,outro,0.335604,granular_texture,0.403086,0.146687,0.026183,0.424044,0.9253,88,3.3039,0.7552,0.5769,0
4272,170.88,296.192,74.048,outro,0.335189,tension_chords,0.448825,0.104304,0.053675,0.393197,0.9214,86,3.3231,0.7975,0.6685,0
4273,170.92,296.2613,74.0653,outro,0.334756,tension_chords,0.49567,0.075598,0.154626,0.274105,0.9069,85,3.361,0.846,1.0062,0
4274,170.96,296.3307,74.0827,outro,0.334307,tension_chords,0.460514,0.05651,0.257425,0.22555,0.9008,84,3.3291,0.7954,1.3501,0
4275,171.0,296.4,74.1,outro,0.33384,tension_chords,0.407585,0.049674,0.265151,0.27759,0.9069,83,3.282,0.7269,1.3755,0
4276,171.04,296.4693,74.1173,outro,0.333356,granular_texture,0.351431,0.046287,0.185021,0.417261,0.9234,83,3.2881,0.6555,1.1065,0
4277,171.08,296.5387,74.1347,outro,0.332856,granular_texture,0.374979,0.065698,0.102568,0.456755,0.9279,84,3.3195,0.6917,0.8297,0
4278,171.12,296.608,74.152,outro,0.332339,tension_chords,0.436629,0.131865,0.044527,0.386978,0.9193,87,3.3,0.7919,0.6347,0
4279,171.16,296.6773,74.1693,outro,0.331806,tension_chords,0.418306,0.248165,0.0377,0.295829,0.9081,92,3.2821,0.8097,0.6113,0
4280,171.2,296.7467,74.1867,outro,0.331256,glassy_arps,0.338001,0.344613,0.036258,0.281128,0.9061,95,3.217,0.7431,0.6058,0
4281,171.24,296.816,74.204,outro,0.330691,granular_texture,0.25248,0.327304,0.061395,0.358821,0.9152,95,3.2266,0.6302,0.6894,0
4282,171.28,296.8853,74.2213,outro,0.330109,granular_texture,0.191833,0.269892,0.130453,0.407822,0.9208,92,3.2656,0.5343,0.9201,0
4283,171.32,296.9547,74.2387,outro,0.329512,granular_texture,0.174393,0.247645,0.215468,0.362494,0.9151,91,3.2244,0.5047,1.2043,0
4284,171.36,297.024,74.256,outro,0.328899,broken_beat,0.202325,0.255833,0.278134,0.263707,0.9029,91,3.15,0.5424,1.4135,1
4285,171.4,297.0933,74.2733,outro,0.328271,granular_texture,0.247617,0.237024,0.235754,0.279605,0.9046,91,3.1485,0.5925,1.2709,1
4286,171.44,297.1627,74.2907,outro,0.327628,granular_texture,0.285886,0.181602,0.124327,0.408185,0.9197,88,3.2549,0.6209,0.8969,0
4287,171.48,297.232,74.308,outro,0.32697,granular_texture,0.271823,0.107374,0.044742,0.576061,0.9395,85,3.3947,0.5774,0.6296,0
4288,171.52,297.3013,74.3253,outro,0.326297,granular_texture,0.287781,0.077427,0.037417,0.597375,0.9418,84,3.4098,0.5868,0.6043,0
4289,171.56,297.3707,74.3427,outro,0.325609,granular_texture,0.379885,0.084383,0.049405,0.486327,0.9281,84,3.3123,0.7044,0.6437,0
4290,171.6,297.44,74.36,outro,0.324906,tension_chords,0.439312,0.087137,0.112294,0.361256,0.9128,84,3.2692,0.7796,0.8536,0
4291,171.64,297.5093,74.3773,outro,0.324189,tension_chords,0.39517,0.080827,0.218087,0.305916,0.9058,83,3.2285,0.7223,1.2072,1
4292,171.68,297.5787,74.3947,outro,0.323458,granular_texture,0.308223,0.084402,0.238854,0.368521,0.913,83,3.2026,0.6148,1.276,1
4293,171.72,297.648,74.412,outro,0.322713,granular_texture,0.293517,0.108816,0.203371,0.394295,0.9158,84,3.2212,0.605,1.1563,0
4294,171.76,297.7173,74.4293,outro,0.321955,tension_chords,0.353291,0.169501,0.140916,0.336292,0.9085,87,3.183,0.7009,0.9462,0
4295,171.8,297.7867,74.4467,outro,0.321182,tension_chords,0.434844,0.252334,0.068097,0.244725,0.8971,90,3.2489,0.8319,0.7014,0
4296,171.84,297.856,74.464,outro,0.320396,tension_chords,0.464238,0.288743,0.030734,0.216285,0.8933,92,3.2704,0.8814,0.5754,0
4297,171.88,297.9253,74.4813,outro,0.319597,tension_chords,0.457216,0.267065,0.025294,0.250424,0.8971,91,3.2608,0.865,0.5563,0
4298,171.92,297.9947,74.4987,outro,0.318784,tension_chords,0.416376,0.21305,0.026524,0.344051,0.9079,88,3.2225,0.795,0.5595,0
4299,171.96,298.064,74.516,outro,0.317958,granular_texture,0.383553,0.16963,0.063027,0.383789,0.9123,86,3.1911,0.7388,0.6809,0
4300,172.0,298.1333,74.5333,outro,0.31712,tension_chords,0.381114,0.13838,0.168176,0.31233,0.9034,85,3.1851,0.7248,1.0322,0
4301,172.04,298.2027,74.5507,outro,0.316269,tension_chords,0.376918,0.104925,0.283162,0.234995,0.8937,83,3.1778,0.7079,1.4165,0
4302,172.08,298.272,74.568,outro,0.315405,tension_chords,0.363218,0.078616,0.287476,0.27069,0.8976,82,3.1623,0.6815,1.43,0
4303,172.12,298.3413,74.5853,outro,0.314529,granular_texture,0.333374,0.065555,0.173989,0.427082,0.9159,81,3.2127,0.6397,1.0488,0
4304,172.16,298.4107,74.6027,outro,0.313641,granular_texture,0.300195,0.064826,0.069862,0.565117,0.9321,81,3.3261,0.5979,0.699,0
4305,172.2,298.48,74.62,outro,0.312741,granular_texture,0.322869,0.081029,0.043164,0.552938,0.9302,82,3.3117,0.6319,0.6086,0
4306,172.24,298.5493,74.6373,outro,0.311829,granular_texture,0.37418,0.128971,0.051492,0.445357,0.9169,84,3.2162,0.7129,0.6355,0
4307,172.28,298.6187,74.6547,outro,0.310906,granular_texture,0.351383,0.190855,0.06565,0.392112,0.9101,86,3.1668,0.706,0.6819,0
4308,172.32,298.688,74.672,outro,0.309971,granular_texture,0.259684,0.217079,0.12075,0.402488,0.9109,87,3.1715,0.6006,0.8655,0
4309,172.36,298.7573,74.6893,outro,0.309024,granular_texture,0.177657,0.204448,0.176139,0.441755,0.9152,86,3.2006,0.4936,1.05,0
4310,172.4,298.8267,74.7067,outro,0.308067,granular_texture,0.168572,0.229282,0.223549,0.378598,0.9071,87,3.1427,0.491,1.2078,0
4311,172.44,298.896,74.724,outro,0.307098,granular_texture,0.208895,0.282475,0.222903,0.285727,0.8956,89,3.0595,0.56,1.2045,0
4312,172.48,298.9653,74.7413,outro,0.306119,glassy_arps,0.283167,0.32435,0.144495,0.247988,0.8906,91,3.0879,0.6675,0.9408,0
4313,172.52,299.0347,74.7587,outro,0.305129,tension_chords,0.347595,0.313785,0.059323,0.279298,0.8939,90,3.1033,0.7443,0.6544,0
4314,172.56,299.104,74.776,outro,0.304128,granular_texture,0.349473,0.231516,0.031507,0.387504,0.9064,87,3.1327,0.7179,0.5601,0
4315,172.6,299.1733,74.7933,outro,0.303117,granular_texture,0.352383,0.13576,0.028976,0.482881,0.9174,83,3.2093,0.688,0.5505,0
4316,172.64,299.2427,74.8107,outro,0.302097,granular_texture,0.408699,0.084653,0.04605,0.460598,0.9142,80,3.1858,0.7405,0.6066,0
4317,172.68,299.312,74.828,outro,0.301066,tension_chords,0.489082,0.069728,0.132359,0.308831,0.8955,79,3.2055,0.8358,0.8946,0
4318,172.72,299.3813,74.8453,outro,0.300025,tension_chords,0.465461,0.05916,0.231131,0.244249,0.8873,79,3.1808,0.8025,1.2243,0
4319,172.76,299.4507,74.8627,outro,0.298975,tension_chords,0.416737,0.051958,0.258835,0.272469,0.8902,78,3.1347,0.7391,1.316,0
4320,172.8,299.52,74.88,outro,0.297915,tension_chords,0.379698,0.054334,0.19337,0.372598,0.9018,78,3.0985,0.6936,1.0955,0
4321,172.84,299.5893,74.8973,outro,0.296846,granular_texture,0.39864,0.083008,0.107359,0.410993,0.9059,79,3.1203,0.7274,0.8062,0
4322,172.88,299.6587,74.9147,outro,0.295768,tension_chords,0.459078,0.153998,0.049713,0.337211,0.8965,82,3.1564,0.8277,0.6119,0
4323,172.92,299.728,74.932,outro,0.29468,tension_chords,0.458582,0.239818,0.034479,0.267121,0.8876,86,3.1511,0.8572,0.5597,0
4324,172.96,299.7973,74.9493,outro,0.293585,tension_chords,0.396602,0.303554,0.032101,0.267743,0.8872,88,3.0936,0.802,0.5505,0
4325,173.0,299.8667,74.9667,outro,0.29248,granular_texture,0.289997,0.30805,0.041715,0.360238,0.8978,88,3.0577,0.6703,0.5815,0
4326,173.04,299.936,74.984,outro,0.291367,granular_texture,0.232201,0.288652,0.101729,0.377418,0.8993,87,3.0674,0.5913,0.7813,0
4327,173.08,300.0053,75.0013,outro,0.290246,granular_texture,0.228431,0.2554,0.195654,0.320514,0.892,86,3.014,0.5749,1.0947,0
4328,173.12,300.0747,75.0187,outro,0.289116,broken_beat,0.244501,0.215923,0.282762,0.256814,0.8838,84,2.9769,0.5812,1.3853,0
4329,173.16,300.144,75.036,outro,0.287979,granular_texture,0.270528,0.174919,0.26765,0.286904,0.8869,82,2.9754,0.5994,1.3334,0
4330,173.2,300.2133,75.0533,outro,0.286834,granular_texture,0.296133,0.130047,0.150805,0.423016,0.9027,80,3.086,0.6157,0.9407,0
4331,173.24,300.2827,75.0707,outro,0.285681,granular_texture,0.270086,0.085093,0.054569,0.590252,0.9222,78,3.223,0.5674,0.6171,0
4332,173.28,300.352,75.088,outro,0.284521,granular_texture,0.26462,0.072697,0.038418,0.624265,0.9258,77,3.2467,0.5562,0.5617,0
4333,173.32,300.4213,75.1053,outro,0.283354,granular_texture,0.33226,0.087989,0.04744,0.532311,0.9142,78,3.1634,0.6461,0.5906,0
4334,173.36,300.4907,75.1227,outro,0.282179,granular_texture,0.394246,0.104675,0.093567,0.407512,0.8987,78,3.0521,0.7294,0.7438,0
4335,173.4,300.56,75.14,outro,0.280998,granular_texture,0.334786,0.10712,0.221426,0.336668,0.8897,78,2.9866,0.656,1.1709,0
4336,173.44,300.6293,75.1573,outro,0.27981,granular_texture,0.262323,0.12182,0.260275,0.355581,0.8914,79,2.9974,0.5705,1.2997,0
4337,173.48,300.6987,75.1747,outro,0.278615,granular_texture,0.240845,0.169962,0.218998,0.370194,0.8926,80,3.0045,0.5605,1.1601,0
4338,173.52,300.768,75.192,outro,0.277414,granular_texture,0.281695,0.243708,0.16231,0.312287,0.8851,83,2.9499,0.6374,0.9689,0
4339,173.56,300.8373,75.2093,outro,0.276206,tension_chords,0.372265,0.300558,0.087708,0.239469,0.8758,86,2.9955,0.7705,0.7177,0
4340,173.6,300.9067,75.2267,outro,0.274993,tension_chords,0.44129,0.297251,0.036598,0.224861,0.8735,85,3.0488,0.8557,0.5451,0
4341,173.64,300.976,75.244,outro,0.273773,tension_chords,0.450513,0.242727,0.026169,0.28059,0.8796,83,3.0512,0.8481,0.5088,0
4342,173.68,301.0453,75.2613,outro,0.272548,tension_chords,0.410105,0.175523,0.024038,0.390333,0.8922,80,3.0114,0.7741,0.5003,0
4343,173.72,301.1147,75.2787,outro,0.271317,tension_chords,0.419327,0.138691,0.048935,0.393047,0.892,78,3.0138,0.7727,0.5824,0
4344,173.76,301.184,75.296,outro,0.270081,tension_chords,0.435127,0.103436,0.166265,0.295172,0.8797,76,3.0217,0.7801,0.9741,0
4345,173.8,301.2533,75.3133,outro,0.26884,tension_chords,0.40596,0.069855,0.300039,0.224146,0.8706,75,2.9914,0.7319,1.4209,0
4346,173.84,301.3227,75.3307,outro,0.267593,tension_chords,0.396205,0.05905,0.293364,0.251382,0.8733,74,2.9776,0.7159,1.3971,0
4347,173.88,301.392,75.348,outro,0.266342,granular_texture,0.368567,0.057831,0.190457,0.383146,0.8885,74,2.9609,0.6809,1.051,0
4348,173.92,301.4613,75.3653,outro,0.265086,granular_texture,0.342015,0.060893,0.086,0.511092,0.9033,74,3.0641,0.6488,0.6997,0
4349,173.96,301.5307,75.3827,outro,0.263825,granular_texture,0.353192,0.088424,0.042852,0.515532,0.9032,75,3.0622,0.6724,0.5538,0
4350,174.0,301.6,75.4,outro,0.26256,granular_texture,0.394368,0.165202,0.045563,0.394866,0.8882,78,2.954,0.7508,0.5615,0
4351,174.04,301.6693,75.4173,outro,0.261291,tension_chords,0.358599,0.237606,0.048276,0.355519,0.8829,81,2.9176,0.7314,0.5691,0
4352,174.08,301.7387,75.4347,outro,0.260017,granular_texture,0.275926,0.267041,0.078909,0.378124,0.885,82,2.9285,0.6384,0.6704,0
4353,174.12,301.808,75.452,outro,0.25874,granular_texture,0.193317,0.242615,0.1579,0.406167,0.8878,80,2.9466,0.5266,0.9336,0
4354,174.16,301.8773,75.4693,outro,0.257459,granular_texture,0.162691,0.228744,0.258822,0.349743,0.8804,80,2.893,0.4834,1.2703,0
4355,174.2,301.9467,75.4867,outro,0.256175,broken_beat,0.187532,0.255903,0.281197,0.275368,0.8709,81,2.829,0.524,1.3438,0
4356,174.24,302.016,75.504,outro,0.254887,glassy_arps,0.248029,0.280862,0.201129,0.269979,0.8696,82,2.823,0.6083,1.0742,0
4357,174.28,302.0853,75.5213,outro,0.253596,granular_texture,0.310244,0.250563,0.096472,0.342721,0.8778,80,2.8698,0.6755,0.7221,0
4358,174.32,302.1547,75.5387,outro,0.252302,granular_texture,0.297947,0.154218,0.039761,0.508075,0.897,76,3.0046,0.6264,0.5307,0
4359,174.36,302.224,75.556,outro,0.251005,granular_texture,0.307954,0.098719,0.033798,0.559529,0.9026,73,3.0426,0.6195,0.5093,0
4360,174.4,302.2933,75.5733,outro,0.249705,granular_texture,0.390006,0.0824,0.042237,0.485358,0.8931,72,2.9737,0.7163,0.5362,0
4361,174.44,302.3627,75.5907,outro,0.248403,tension_chords,0.471199,0.079413,0.09681,0.352577,0.8766,72,2.9559,0.8168,0.7176,0
4362,174.48,302.432,75.608,outro,0.247098,tension_chords,0.444997,0.068301,0.204991,0.281711,0.8675,71,2.9278,0.7802,1.0785,0
4363,174.52,302.5013,75.6253,outro,0.245791,tension_chords,0.372819,0.058025,0.288513,0.280643,0.8667,71,2.8607,0.6863,1.3569,0
4364,174.56,302.5707,75.6427,outro,0.244483,granular_texture,0.331914,0.065108,0.255026,0.347952,0.8742,71,2.8337,0.6377,1.2433,0
4365,174.6,302.64,75.66,outro,0.243172,granular_texture,0.363041,0.103313,0.141472,0.392175,0.8789,72,2.8655,0.69,0.8614,0
4366,174.64,302.7093,75.6773,outro,0.241859,tension_chords,0.43438,0.178237,0.062665,0.324717,0.8702,75,2.8955,0.8054,0.596,0
4367,174.68,302.7787,75.6947,outro,0.240546,tension_chords,0.46422,0.251991,0.034036,0.249753,0.8606,78,2.915,0.8685,0.4986,0
4368,174.72,302.848,75.712,outro,0.23923,tension_chords,0.437382,0.2784,0.030365,0.253853,0.8605,79,2.8863,0.8442,0.4849,0
4369,174.76,302.9173,75.7293,outro,0.237914,tension_chords,0.384334,0.254488,0.030781,0.330397,0.8691,78,2.8354,0.7695,0.4848,0
4370,174.8,302.9867,75.7467,outro,0.236596,granular_texture,0.336979,0.221794,0.063228,0.377999,0.8742,76,2.8242,0.6989,0.5921,0
4371,174.84,303.056,75.764,outro,0.235278,granular_texture,0.312922,0.209684,0.153075,0.32432,0.8671,76,2.7727,0.6645,0.8916,0
4372,174.88,303.1253,75.7813,outro,0.233959,tension_chords,0.29797,0.179092,0.27459,0.248348,0.8574,74,2.7444,0.6351,1.2972,0
4373,174.92,303.1947,75.7987,outro,0.23264,broken_beat,0.289061,0.120341,0.331894,0.258704,0.8581,71,2.7674,0.6034,1.4877,0
4374,174.96,303.264,75.816,outro,0.23132,granular_texture,0.296862,0.087478,0.208999,0.406662,0.8752,70,2.825,0.6017,1.0746,0
4375,175.0,303.3333,75.8333,outro,0.23,granular_texture,0.267337,0.070499,0.069352,0.592812,0.8969,69,2.9774,0.5588,0.6053,0
4376,175.04,303.4027,75.8507,outro,0.22868,granular_texture,0.284402,0.076677,0.042092,0.596828,0.8968,69,2.9749,0.5823,0.5126,0
4377,175.08,303.472,75.868,outro,0.22736,granular_texture,0.348777,0.098324,0.050718,0.502181,0.8848,70,2.8886,0.6704,0.54,0
4378,175.12,303.5413,75.8853,outro,0.226041,granular_texture,0.377746,0.129002,0.066958,0.426294,0.8751,71,2.8182,0.7173,0.593,0
4379,175.16,303.6107,75.9027,outro,0.224722,granular_texture,0.325868,0.156968,0.131172,0.385992,0.8697,72,2.7781,0.6623,0.8066,0
4380,175.2,303.68,75.92,outro,0.223404,granular_texture,0.241019,0.16403,0.196511,0.39844,0.8706,72,2.7828,0.5587,1.0241,0
4381,175.24,303.7493,75.9373,outro,0.222086,granular_texture,0.205534,0.180305,0.218568,0.395593,0.8696,72,2.7745,0.52,1.0965,0
4382,175.28,303.8187,75.9547,outro,0.22077,granular_texture,0.223915,0.231977,0.210901,0.333208,0.8615,74,2.7157,0.5611,1.0694,0
4383,175.32,303.888,75.972,outro,0.219454,glassy_arps,0.293283,0.324394,0.143744,0.238579,0.8496,78,2.7023,0.6801,0.8429,0
4384,175.36,303.9573,75.9893,outro,0.218141,tension_chords,0.371715,0.34027,0.052543,0.235472,0.8486,79,2.7367,0.7837,0.536,0
4385,175.4,304.0267,76.0067,outro,0.216828,tension_chords,0.416229,0.252331,0.030638,0.300803,0.8558,75,2.7687,0.8086,0.4611,0
4386,175.44,304.096,76.024,outro,0.215517,granular_texture,0.404361,0.162084,0.028505,0.40505,0.8677,71,2.7533,0.7622,0.4526,0
4387,175.48,304.1653,76.0413,outro,0.214209,tension_chords,0.424102,0.113793,0.039439,0.422666,0.8693,68,2.7637,0.77,0.4877,0
4388,175.52,304.2347,76.0587,outro,0.212902,tension_chords,0.477226,0.086611,0.105887,0.330276,0.8576,67,2.8031,0.8268,0.7089,0
4389,175.56,304.304,76.076,outro,0.211597,tension_chords,0.466817,0.066298,0.209359,0.257525,0.8482,66,2.7884,0.8067,1.0541,0
4390,175.6,304.3733,76.0933,outro,0.210295,tension_chords,0.426056,0.058012,0.253914,0.262019,0.8482,66,2.748,0.7529,1.2019,0
4391,175.64,304.4427,76.1107,outro,0.208995,granular_texture,0.366679,0.052248,0.198286,0.382788,0.8621,65,2.7054,0.6766,1.0142,0
4392,175.68,304.512,76.128,outro,0.207698,granular_texture,0.360526,0.060917,0.123186,0.455371,0.8702,65,2.7613,0.672,0.7611,0
4393,175.72,304.5813,76.1453,outro,0.206404,granular_texture,0.411521,0.103638,0.056957,0.427884,0.8663,67,2.7322,0.7507,0.5379,0
4394,175.76,304.6507,76.1627,outro,0.205113,tension_chords,0.428923,0.192742,0.041119,0.337216,0.8548,70,2.7273,0.8036,0.4834,0
4395,175.8,304.72,76.18,outro,0.203825,tension_chords,0.367289,0.292416,0.038902,0.301393,0.8499,74,2.6692,0.7615,0.4745,0
4396,175.84,304.7893,76.1973,outro,0.202541,granular_texture,0.293417,0.319102,0.048699,0.338782,0.8538,75,2.6393,0.6785,0.5059,0
4397,175.88,304.8587,76.2147,outro,0.20126,granular_texture,0.226254,0.269619,0.098407,0.40572,0.8613,73,2.6905,0.5772,0.6711,0
4398,175.92,304.928,76.232,outro,0.199983,granular_texture,0.196056,0.236854,0.173897,0.393193,0.8592,72,2.6741,0.528,0.9225,0
4399,175.96,304.9973,76.2493,outro,0.198709,granular_texture,0.211175,0.235221,0.240693,0.312911,0.849,71,2.6002,0.5463,1.1449,0
4400,176.0,305.0667,76.2667,outro,0.19744,granular_texture,0.253634,0.22648,0.233296,0.28659,0.8452,71,2.5722,0.5963,1.1187,0
4401,176.04,305.136,76.284,outro,0.196175,granular_texture,0.298905,0.18895,0.148072,0.364073,0.8539,69,2.6324,0.6398,0.8318,0
4402,176.08,305.2053,76.3013,outro,0.194914,granular_texture,0.298898,0.125096,0.060488,0.515518,0.8715,66,2.7556,0.6174,0.537,0
4403,176.12,305.2747,76.3187,outro,0.193658,granular_texture,0.292839,0.085492,0.039771,0.581898,0.8789,64,2.8064,0.596,0.4663,0
4404,176.16,305.344,76.336,outro,0.192407,granular_texture,0.351241,0.084051,0.044879,0.519829,0.8709,64,2.7481,0.6685,0.482,0
4405,176.2,305.4133,76.3533,outro,0.19116,tension_chords,0.427096,0.092346,0.077118,0.40344,0.8563,64,2.6637,0.7662,0.5886,0
4406,176.24,305.4827,76.3707,outro,0.189919,tension_chords,0.414907,0.086096,0.162466,0.336532,0.8477,64,2.6478,0.7488,0.8732,0
4407,176.28,305.552,76.388,outro,0.188683,granular_texture,0.345028,0.086235,0.219934,0.348803,0.8487,64,2.5861,0.6615,1.0643,0
4408,176.32,305.6213,76.4053,outro,0.187452,granular_texture,0.299137,0.099013,0.200597,0.401253,0.8544,64,2.6252,0.6086,0.9982,0
4409,176.36,305.6907,76.4227,outro,0.186227,granular_texture,0.333574,0.1412,0.152982,0.372244,0.8503,65,2.5951,0.6664,0.8373,0
4410,176.4,305.76,76.44,outro,0.185007,tension_chords,0.40756,0.211752,0.086437,0.294252,0.8404,68,2.6197,0.7836,0.6131,0
4411,176.44,305.8293,76.4573,outro,0.183794,tension_chords,0.449963,0.261338,0.040291,0.248408,0.8344,70,2.6504,0.8539,0.4571,0
4412,176.48,305.8987,76.4747,outro,0.182586,tension_chords,0.455922,0.260591,0.030204,0.253283,0.8344,70,2.65,0.8611,0.422,0
4413,176.52,305.968,76.492,outro,0.181385,tension_chords,0.427311,0.218136,0.027916,0.326637,0.8426,68,2.6204,0.8105,0.413,0
4414,176.56,306.0373,76.5093,outro,0.18019,tension_chords,0.392803,0.174248,0.045527,0.387422,0.8494,66,2.5857,0.752,0.4707,0
4415,176.6,306.1067,76.5267,outro,0.179002,tension_chords,0.378812,0.142058,0.116529,0.362601,0.8459,64,2.5686,0.7232,0.7073,0
4416,176.64,306.176,76.544,outro,0.177821,tension_chords,0.383604,0.114777,0.227771,0.273849,0.8347,63,2.5674,0.7197,1.0786,0
4417,176.68,306.2453,76.5613,outro,0.176646,tension_chords,0.369161,0.088169,0.265864,0.276806,0.8345,62,2.5499,0.6923,1.205,0
4418,176.72,306.3147,76.5787,outro,0.175479,granular_texture,0.353866,0.074747,0.196086,0.375301,0.8458,61,2.5499,0.6685,0.9699,0
4419,176.76,306.384,76.596,outro,0.174319,granular_texture,0.319461,0.070779,0.090541,0.519219,0.8625,61,2.6671,0.6241,0.6151,0
4420,176.8,306.4533,76.6133,outro,0.173166,granular_texture,0.320527,0.078528,0.047337,0.553609,0.8661,61,2.6912,0.6281,0.4691,0
4421,176.84,306.5227,76.6307,outro,0.172021,granular_texture,0.365221,0.109218,0.050199,0.475362,0.8562,62,2.6196,0.6948,0.4774,0
4422,176.88,306.592,76.648,outro,0.170884,granular_texture,0.371978,0.157528,0.056886,0.413609,0.8482,64,2.562,0.7201,0.4985,0
4423,176.92,306.6613,76.6653,outro,0.169754,granular_texture,0.316459,0.19832,0.091987,0.393234,0.8453,65,2.5397,0.665,0.6149,0
4424,176.96,306.7307,76.6827,outro,0.168633,granular_texture,0.222921,0.193671,0.143896,0.439511,0.8503,65,2.574,0.5464,0.7875,0
4425,177.0,306.8,76.7,outro,0.16752,granular_texture,0.191727,0.204636,0.192281,0.411357,0.8464,65,2.5451,0.5113,0.9484,0
4426,177.04,306.8693,76.7173,outro,0.166415,granular_texture,0.21491,0.242686,0.209088,0.333316,0.8365,67,2.4739,0.5536,1.0035,0
4427,177.08,306.9387,76.7347,outro,0.16532,glassy_arps,0.277656,0.284115,0.160545,0.277684,0.8294,68,2.4272,0.6465,0.8397,0
4428,177.12,307.008,76.752,outro,0.164232,tension_chords,0.343234,0.287281,0.078426,0.291059,0.8305,68,2.4726,0.7296,0.5634,0
4429,177.16,307.0773,76.7693,outro,0.163154,tension_chords,0.364379,0.238881,0.03909,0.35765,0.838,66,2.4858,0.7391,0.4304,0
4430,177.2,307.1467,76.7867,outro,0.162085,granular_texture,0.355737,0.155108,0.033051,0.456104,0.8493,63,2.559,0.699,0.409,0
4431,177.24,307.216,76.804,outro,0.161025,granular_texture,0.386368,0.097112,0.037848,0.478672,0.8515,60,2.5734,0.7169,0.4239,0
4432,177.28,307.2853,76.8213,outro,0.159975,tension_chords,0.456521,0.07806,0.089301,0.376118,0.8387,59,2.5499,0.798,0.5951,0
4433,177.32,307.3547,76.8387,outro,0.158934,tension_chords,0.466914,0.069229,0.179208,0.284649,0.8273,58,2.5541,0.8079,0.8952,0
4434,177.36,307.424,76.856,outro,0.157903,tension_chords,0.429418,0.061602,0.23334,0.275641,0.8257,58,2.5177,0.7583,1.0754,0
4435,177.4,307.4933,76.8733,outro,0.156883,tension_chords,0.38891,0.058837,0.201392,0.350861,0.8343,58,2.4787,0.7067,0.9672,0
4436,177.44,307.5627,76.8907,outro,0.155872,granular_texture,0.38513,0.074571,0.125212,0.415087,0.8415,58,2.4965,0.7075,0.7109,0
4437,177.48,307.632,76.908,outro,0.154871,tension_chords,0.430074,0.123536,0.063147,0.383242,0.8372,60,2.5047,0.7808,0.5019,0
4438,177.52,307.7013,76.9253,outro,0.153881,tension_chords,0.454995,0.197186,0.039723,0.308096,0.8278,63,2.5215,0.8378,0.4223,0
4439,177.56,307.7707,76.9427,outro,0.152902,tension_chords,0.415599,0.258451,0.036982,0.288969,0.825,65,2.4837,0.81,0.4121,0
4440,177.6,307.84,76.96,outro,0.151933,granular_texture,0.335227,0.286313,0.037381,0.341078,0.8308,67,2.416,0.7192,0.4124,0
4441,177.64,307.9093,76.9773,outro,0.150976,granular_texture,0.258502,0.274234,0.074241,0.393023,0.8366,66,2.4559,0.6191,0.5348,0
4442,177.68,307.9787,76.9947,outro,0.150029,granular_texture,0.243162,0.2494,0.149781,0.357657,0.8319,65,2.4216,0.5912,0.7868,0
4443,177.72,308.048,77.012,outro,0.149094,granular_texture,0.258068,0.21207,0.232489,0.297373,0.8243,63,2.3662,0.5968,1.0628,0
4444,177.76,308.1173,77.0293,outro,0.148171,granular_texture,0.280667,0.1738,0.248967,0.296565,0.8237,61,2.3614,0.6117,1.117,0
4445,177.8,308.1867,77.0467,outro,0.147259,granular_texture,0.3131,0.13878,0.171091,0.377029,0.833,60,2.4258,0.6399,0.8551,0
4446,177.84,308.256,77.064,outro,0.146359,granular_texture,0.303142,0.098905,0.072764,0.525188,0.8503,58,2.5477,0.6135,0.5248,0
4447,177.88,308.3253,77.0813,outro,0.145471,granular_texture,0.284559,0.079435,0.042332,0.593674,0.8582,57,2.602,0.5835,0.4218,0
4448,177.92,308.3947,77.0987,outro,0.144595,granular_texture,0.317198,0.085337,0.045376,0.552088,0.8528,57,2.5627,0.6264,0.4311,0
4449,177.96,308.464,77.116,outro,0.143731,granular_texture,0.390971,0.103147,0.065916,0.439965,0.8389,58,2.4636,0.7248,0.4989,0
4450,178.0,308.5333,77.1333,outro,0.14288,granular_texture,0.369785,0.106919,0.150938,0.372358,0.8304,58,2.4023,0.6997,0.7828,0
4451,178.04,308.6027,77.1507,outro,0.142042,granular_texture,0.300468,0.113461,0.232124,0.353947,0.8278,58,2.3829,0.6153,1.0539,0
4452,178.08,308.672,77.168,outro,0.141216,granular_texture,0.261267,0.144902,0.213795,0.380036,0.8306,59,2.4014,0.5773,0.9915,0
4453,178.12,308.7413,77.1853,outro,0.140403,granular_texture,0.27624,0.20564,0.167916,0.350204,0.8266,61,2.3725,0.6173,0.837,0
4454,178.16,308.8107,77.2027,outro,0.139604,tension_chords,0.346693,0.2639,0.105581,0.283825,0.8183,64,2.3659,0.7257,0.6273,0
4455,178.2,308.88,77.22,outro,0.138818,tension_chords,0.417962,0.27663,0.049071,0.256338,0.8146,64,2.423,0.8193,0.4371,0
4456,178.24,308.9493,77.2373,outro,0.138045,tension_chords,0.450885,0.245288,0.031939,0.271888,0.8161,63,2.4476,0.8495,0.3788,0
4457,178.28,309.0187,77.2547,outro,0.137287,tension_chords,0.41824,0.18304,0.0278,0.37092,0.8277,60,2.4164,0.7869,0.3641,0
4458,178.32,309.088,77.272,outro,0.136542,granular_texture,0.410026,0.143019,0.036725,0.41023,0.832,58,2.4063,0.7626,0.3932,0
4459,178.36,309.1573,77.2893,outro,0.135811,tension_chords,0.428704,0.11381,0.104912,0.352575,0.8248,57,2.4188,0.7757,0.6208,0
4460,178.4,309.2267,77.3067,outro,0.135094,tension_chords,0.412938,0.082438,0.239716,0.264907,0.8139,55,2.4022,0.745,1.0717,0
4461,178.44,309.296,77.324,outro,0.134391,tension_chords,0.395516,0.067082,0.275323,0.262079,0.8133,55,2.3842,0.7179,1.1902,0
4462,178.48,309.3653,77.3413,outro,0.133703,tension_chords,0.382114,0.065587,0.206554,0.345745,0.823,55,2.3698,0.7006,0.959,0
4463,178.52,309.4347,77.3587,outro,0.13303,granular_texture,0.35342,0.066158,0.107519,0.472902,0.8379,54,2.444,0.6649,0.6265,0
4464,178.56,309.504,77.376,outro,0.132372,granular_texture,0.350137,0.08017,0.051401,0.518292,0.8431,55,2.4796,0.6657,0.4378,0
4465,178.6,309.5733,77.3933,outro,0.131729,granular_texture,0.382807,0.131427,0.045681,0.440085,0.8334,57,2.4103,0.7245,0.4179,0
4466,178.64,309.6427,77.4107,outro,0.131101,granular_texture,0.37751,0.195834,0.048945,0.377711,0.8256,60,2.3545,0.7404,0.4282,0
4467,178.68,309.712,77.428,outro,0.130488,granular_texture,0.323383,0.2385,0.061822,0.376295,0.8252,61,2.3505,0.6877,0.4706,0
4468,178.72,309.7813,77.4453,outro,0.129891,granular_texture,0.241766,0.23315,0.115833,0.409251,0.8289,61,2.3759,0.5838,0.6509,0
4469,178.76,309.8507,77.4627,outro,0.129309,granular_texture,0.1935,0.215686,0.206285,0.384529,0.8256,60,2.3523,0.5174,0.9533,0
4470,178.8,309.92,77.48,outro,0.128744,granular_texture,0.199387,0.225249,0.259907,0.315458,0.8171,61,2.291,0.5281,1.1323,0
4471,178.84,309.9893,77.4973,outro,0.128194,granular_texture,0.251325,0.25076,0.209938,0.287977,0.8135,62,2.2652,0.6019,0.9643,0
4472,178.88,310.0587,77.5147,outro,0.127661,granular_texture,0.31213,0.238762,0.117045,0.332062,0.8186,61,2.3003,0.6737,0.6525,0
4473,178.92,310.128,77.532,outro,0.127144,granular_texture,0.326871,0.172448,0.052099,0.448581,0.8323,58,2.3971,0.6689,0.4344,0
4474,178.96,310.1973,77.5493,outro,0.126644,granular_texture,0.311768,0.108944,0.03709,0.542198,0.8433,55,2.4744,0.6278,0.3836,0
4475,179.0,310.2667,77.5667,outro,0.12616,granular_texture,0.362781,0.087767,0.040213,0.509239,0.8391,54,2.4443,0.6842,0.3935,0
4476,179.04,310.336,77.584,outro,0.125693,tension_chords,0.443675,0.084959,0.067399,0.403967,0.8263,54,2.3865,0.7843,0.484,0
4477,179.08,310.4053,77.6013,outro,0.125244,tension_chords,0.45114,0.078456,0.146848,0.323557,0.8164,54,2.3908,0.7914,0.7497,0
4478,179.12,310.4747,77.6187,outro,0.124811,tension_chords,0.400821,0.06739,0.238632,0.293156,0.8126,53,2.3461,0.7246,1.0567,0
4479,179.16,310.544,77.636,outro,0.124396,tension_chords,0.344368,0.065657,0.255321,0.334654,0.8174,53,2.2963,0.6534,1.1122,0
4480,179.2,310.6133,77.6533,outro,0.123999,granular_texture,0.351957,0.089688,0.167178,0.391177,0.824,54,2.3343,0.6713,0.8164,0
4481,179.24,310.6827,77.6707,outro,0.123619,tension_chords,0.404146,0.144432,0.079602,0.37182,0.8215,56,2.3436,0.7557,0.5226,0
4482,179.28,310.752,77.688,outro,0.123257,tension_chords,0.453916,0.216337,0.041605,0.288142,0.8113,59,2.3843,0.8431,0.395,0
4483,179.32,310.8213,77.7053,outro,0.122913,tension_chords,0.439778,0.253121,0.034761,0.272339,0.8092,61,2.3708,0.8383,0.3717,0
4484,179.36,310.8907,77.7227,outro,0.122588,tension_chords,0.401468,0.248082,0.032721,0.317728,0.8145,61,2.3368,0.7887,0.3645,0
4485,179.4,310.96,77.74,outro,0.122281,granular_texture,0.353835,0.216743,0.047871,0.381551,0.822,59,2.3185,0.7182,0.4149,0
4486,179.44,311.0293,77.7573,outro,0.121992,granular_texture,0.326096,0.199007,0.110021,0.364876,0.8199,58,2.303,0.6773,0.6228,0
4487,179.48,311.0987,77.7747,outro,0.121723,tension_chords,0.313727,0.182266,0.212517,0.291489,0.811,58,2.2583,0.656,0.9658,0
4488,179.52,311.168,77.792,outro,0.121472,tension_chords,0.302041,0.133528,0.290265,0.274166,0.8088,56,2.2473,0.6243,1.226,0
4489,179.56,311.2373,77.8093,outro,0.12124,granular_texture,0.312767,0.097969,0.240196,0.349068,0.8177,54,2.2862,0.6252,1.058,0
4490,179.6,311.3067,77.8267,outro,0.121028,granular_texture,0.292262,0.078573,0.094657,0.534508,0.8398,53,2.4429,0.5928,0.5702,0
4491,179.64,311.376,77.844,outro,0.120835,granular_texture,0.289909,0.077917,0.046045,0.586129,0.8459,53,2.4859,0.5897,0.4072,0
4492,179.68,311.4453,77.8613,outro,0.120661,granular_texture,0.335324,0.092342,0.048694,0.52364,0.8383,54,2.432,0.6515,0.4159,0
4493,179.72,311.5147,77.8787,outro,0.120508,granular_texture,0.381387,0.116848,0.058258,0.443506,0.8287,55,2.3632,0.7176,0.4477,0
4494,179.76,311.584,77.896,outro,0.120374,granular_texture,0.358788,0.142631,0.095015,0.403566,0.8238,56,2.3287,0.6984,0.5707,0
4495,179.8,311.6533,77.9133,outro,0.12026,granular_texture,0.28561,0.15645,0.162098,0.395842,0.8228,56,2.3216,0.6118,0.7953,0
4496,179.84,311.7227,77.9307,outro,0.120167,granular_texture,0.23159,0.165939,0.197359,0.405112,0.8239,57,2.3291,0.5476,0.9133,0
4497,179.88,311.792,77.948,outro,0.120094,granular_texture,0.230994,0.199367,0.199726,0.369914,0.8196,58,2.2988,0.5585,0.9212,0
4498,179.92,311.8613,77.9653,outro,0.120042,granular_texture,0.280691,0.272189,0.162881,0.284238,0.8093,61,2.2258,0.6461,0.7977,0
4499,179.96,311.9307,77.9827,outro,0.120011,tension_chords,0.352388,0.320282,0.073292,0.254038,0.8057,63,2.2836,0.7526,0.4975,0
